Hour,High Year-Round Headroom + Short Summer Constraints,Variable Headroom + Summer Constraints,Lower & More Persistent Summer Headroom
0,362.63733969916507,337.5744962064788,320.40364068790865
1,362.63733969916507,337.5744962064788,320.40364068790865
2,362.63733969916507,337.5744962064788,320.40364068790865
3,362.63733969916507,337.5744962064788,320.40364068790865
4,362.637339699165,337.5744962064787,320.4036406879086
5,362.63733969916456,337.5744962064783,320.4036406879081
6,362.6373396991612,337.5744962064751,320.40364068790427
7,362.6373396991411,337.5744962064559,320.4036406878816
8,362.6373396990402,337.57449620635964,320.40364068776785
9,362.63733969861886,337.5744962059577,320.4036406872928
10,362.63733969715673,337.57449620456276,320.40364068564423
11,362.6373396929574,337.5744962005565,320.4036406809096
12,362.63733968303563,337.57449619109076,320.40364066972285
13,362.63733966393517,337.5744961728683,320.40364064818715
14,362.63733963447976,337.5744961447669,320.40364061497644
15,362.6373395993258,337.5744961112288,320.40364057534055
16,362.6373395696266,337.57449608289477,320.4036405418548
17,362.63733955787944,337.57449607168763,320.40364052860997
18,362.6373395696266,337.57449608289477,320.4036405418548
19,362.6373395993258,337.5744961112288,320.40364057534055
20,362.63733963447976,337.5744961447669,320.40364061497644
21,362.63733966393517,337.5744961728683,320.40364064818715
22,362.63733968303563,337.57449619109076,320.40364066972285
23,362.6373396929574,337.5744962005565,320.4036406809096
24,363.82707658788337,344.04049466621063,321.7798544361115
25,363.82707658788337,344.04049466621063,321.7798544361115
26,363.82707658788337,344.04049466621063,321.7798544361115
27,363.82707658788337,344.04049466621063,321.7798544361115
28,363.8270765878833,344.0404946662106,321.77985443611146
29,363.82707658788274,344.04049466621,321.7798544361108
30,363.82707658787865,344.04049466620614,321.7798544361062
31,363.82707658785404,344.04049466618267,321.7798544360785
32,363.8270765877309,344.0404946660652,321.7798544359396
33,363.8270765872164,344.0404946655744,321.77985443535954
34,363.8270765854311,344.0404946638711,321.7798544333466
35,363.8270765803035,344.04049465897924,321.77985442756534
36,363.8270765681886,344.0404946474212,321.7798544139058
37,363.8270765448661,344.0404946251707,321.7798543876098
38,363.8270765088997,344.04049459085763,321.779854347058
39,363.82707646597515,344.04049454990616,321.7798542986608
40,363.82707642971104,344.04049451530904,321.77985425777325
41,363.82707641536723,344.04049450162455,321.7798542416007
42,363.82707642971104,344.04049451530904,321.77985425777325
43,363.82707646597515,344.04049454990616,321.7798542986608
44,363.8270765088997,344.04049459085763,321.779854347058
45,363.8270765448661,344.0404946251707,321.7798543876098
46,363.8270765681886,344.0404946474212,321.7798544139058
47,363.8270765803035,344.04049465897924,321.77985442756534
48,364.95269407577933,350.2377720855932,323.09255541977393
49,364.95269407577933,350.2377720855932,323.09255541977393
50,364.95269407577933,350.2377720855932,323.09255541977393
51,364.95269407577933,350.2377720855932,323.09255541977393
52,364.9526940757792,350.23777208559306,323.0925554197738
53,364.95269407577854,350.23777208559244,323.092555419773
54,364.95269407577354,350.23777208558766,323.0925554197674
55,364.9526940757436,350.2377720855591,323.0925554197336
56,364.95269407559334,350.2377720854157,323.09255541956423
57,364.9526940749658,350.23777208481704,323.09255541885665
58,364.9526940727879,350.23777208273924,323.0925554164011
59,364.95269406653307,350.23777207677193,323.0925554093488
60,364.95269405175463,350.23777206267283,323.0925553926862
61,364.95269402330456,350.2377720355305,323.09255536060897
62,364.9526939794309,350.23777199367356,323.09255531114167
63,364.9526939270692,350.2377719437188,323.0925552521042
64,364.9526938828323,350.2377719015154,323.0925552022274
65,364.952693865335,350.23777188482234,323.0925551824993
66,364.9526938828323,350.2377719015154,323.0925552022274
67,364.9526939270692,350.2377719437188,323.0925552521042
68,364.9526939794309,350.23777199367356,323.09255531114167
69,364.95269402330456,350.2377720355305,323.09255536060897
70,364.95269405175463,350.23777206267283,323.0925553926862
71,364.95269406653307,350.23777207677193,323.0925554093488
72,365.95390940632427,355.90837829270924,324.2814054455262
73,365.95390940632427,355.90837829270924,324.2814054455262
74,365.95390940632427,355.90837829270924,324.2814054455262
75,365.95390940632427,355.90837829270924,324.2814054455262
76,365.95390940632416,355.90837829270913,324.2814054455261
77,365.9539094063233,355.90837829270833,324.28140544552514
78,365.9539094063172,355.90837829270254,324.28140544551826
79,365.95390940628073,355.9083782926677,324.2814054454771
80,365.9539094060976,355.908378292493,324.28140544527065
81,365.9539094053328,355.90837829176337,324.28140544440834
82,365.95390940267873,355.9083782892313,324.2814054414159
83,365.9539093950562,355.90837828195913,324.28140543282154
84,365.9539093770463,355.90837826477707,324.2814054125155
85,365.95390934237525,355.90837823169977,324.2814053734241
86,365.95390928890805,355.9083781806903,324.28140531314017
87,365.9539092250968,355.90837811981226,324.28140524119345
88,365.953909171187,355.9083780683805,324.28140518041045
89,365.95390914986365,355.9083780480374,324.2814051563685
90,365.953909171187,355.9083780683805,324.28140518041045
91,365.9539092250968,355.90837811981226,324.28140524119345
92,365.95390928890805,355.9083781806903,324.28140531314017
93,365.95390934237525,355.90837823169977,324.2814053734241
94,365.9539093770463,355.90837826477707,324.2814054125155
95,365.9539093950562,355.90837828195913,324.28140543282154
96,366.77918182952817,360.81962914995256,325.29480816321256
97,366.77918182952817,360.81962914995256,325.29480816321256
98,366.77918182952817,360.81962914995256,325.29480816321256
99,366.77918182952817,360.81962914995256,325.29480816321256
100,366.77918182952806,360.81962914995245,325.2948081632124
101,366.77918182952703,360.8196291499514,325.29480816321126
102,366.7791818295196,360.8196291499444,325.2948081632029
103,366.77918182947514,360.81962914990197,325.29480816315277
104,366.7791818292522,360.81962914968926,325.2948081629014
105,366.7791818283211,360.81962914880097,325.2948081618516
106,366.77918182508984,360.81962914571824,325.29480815820835
107,366.7791818158096,360.8196291368646,325.29480814774496
108,366.779181793883,360.8196291159459,325.29480812302285
109,366.77918175167196,360.81962907567515,325.2948080754302
110,366.7791816865771,360.8196290135725,325.2948080020362
111,366.7791816088886,360.8196289394552,325.2948079144429
112,366.7791815432549,360.8196288768384,325.2948078404413
113,366.7791815172943,360.81962885207116,325.2948078111709
114,366.7791815432549,360.8196288768384,325.2948078404413
115,366.7791816088886,360.8196289394552,325.2948079144429
116,366.7791816865771,360.8196290135725,325.2948080020362
117,366.77918175167196,360.81962907567515,325.2948080754302
118,366.779181793883,360.8196291159459,325.29480812302285
119,366.7791818158096,360.8196291368646,325.29480814774496
120,367.38927896527304,364.7750859791927,326.09347544570085
121,367.38927896527304,364.7750859791927,326.09347544570085
122,367.38927896527304,364.7750859791927,326.09347544570085
123,367.38927896527304,364.7750859791927,326.09347544570085
124,367.38927896527287,364.7750859791925,326.0934754457007
125,367.3892789652716,364.7750859791913,326.09347544569926
126,367.38927896526263,364.77508597918273,326.0934754456891
127,367.3892789652085,364.7750859791311,326.09347544562814
128,367.3892789649374,364.7750859788725,326.0934754453224
129,367.3892789638049,364.775085977792,326.0934754440455
130,367.38927895987473,364.77508597404255,326.09347543961434
131,367.38927894858733,364.77508596327397,326.0934754268878
132,367.3892789219184,364.7750859378309,326.09347539681875
133,367.38927887057775,364.77508588885024,326.09347533893254
134,367.38927879140385,364.77508581331574,326.09347524966444
135,367.3892786969126,364.775085723168,326.09347514312617
136,367.3892786170832,364.77508564700815,326.0934750531191
137,367.3892785855078,364.77508561688416,326.093475017518
138,367.3892786170832,364.77508564700815,326.0934750531191
139,367.3892786969126,364.775085723168,326.09347514312617
140,367.38927879140385,364.77508581331574,326.09347524966444
141,367.38927887057775,364.77508588885024,326.09347533893254
142,367.3892789219184,364.7750859378309,326.09347539681875
143,367.38927894858733,364.77508596327397,326.0934754268878
144,367.7599443012793,367.6236561188692,326.6530949033704
145,367.7599443012793,367.6236561188692,326.6530949033704
146,367.7599443012793,367.6236561188692,326.6530949033704
147,367.7599443012793,367.6236561188692,326.6530949033704
148,367.7599443012791,367.623656118869,326.6530949033702
149,367.7599443012776,367.62365611886753,326.65309490336847
150,367.7599443012666,367.62365611885707,326.65309490335613
151,367.7599443012009,367.6236561187944,326.653094903282
152,367.75994430087144,367.6236561184801,326.65309490291054
153,367.7599442994954,367.62365611716723,326.65309490135905
154,367.75994429471984,367.62365611261123,326.6530948959747
155,367.7599442810045,367.6236560995264,326.6530948805107
156,367.75994424859914,367.62365606861056,326.65309484397386
157,367.7599441862153,367.6236560090943,326.6530947736365
158,367.7599440900113,367.62365591731253,326.6530946651671
159,367.7599439751952,367.62365580777424,326.65309453571274
160,367.7599438781948,367.62365571523264,326.6530944263454
161,367.75994383982754,367.623655678629,326.65309438308657
162,367.7599438781948,367.62365571523264,326.6530944263454
163,367.7599439751952,367.62365580777424,326.65309453571274
164,367.7599440900113,367.62365591731253,326.6530946651671
165,367.7599441862153,367.6236560090943,326.6530947736365
166,367.75994424859914,367.62365606861056,326.65309484397386
167,367.7599442810045,367.6236560995264,326.6530948805107
168,367.88347226700756,369.2663576850062,326.9659049745728
169,367.88347226700756,369.2663576850062,326.9659049745728
170,367.88347226700756,369.2663576850062,326.9659049745728
171,367.88347226700756,369.2663576850062,326.9659049745728
172,367.88347226700733,369.26635768500597,326.96590497457254
173,367.88347226700546,369.2663576850042,326.9659049745705
174,367.8834722669922,369.26635768499153,326.9659049745555
175,367.8834722669124,369.2663576849154,326.96590497446556
176,367.88347226651246,369.2663576845339,326.9659049740146
177,367.883472264842,369.2663576829402,326.96590497213117
178,367.883472259045,369.26635767740964,326.9659049655951
179,367.8834722423958,369.2663576615258,326.96590494682323
180,367.88347220305855,369.2663576239967,326.9659049024707
181,367.88347212733004,369.26635755174925,326.96590481708733
182,367.88347201054694,369.26635744033433,326.9659046854151
183,367.8834718711704,369.2663573073645,326.965904528269
184,367.8834717534205,369.2663571950272,326.96590439550675
185,367.8834717068461,369.26635715059365,326.96590434299435
186,367.8834717534205,369.2663571950272,326.96590439550675
187,367.8834718711704,369.2663573073645,326.965904528269
188,367.88347201054694,369.26635744033433,326.9659046854151
189,367.88347212733004,369.26635755174925,326.96590481708733
190,367.88347220305855,369.2663576239967,326.9659049024707
191,367.8834722423958,369.2663576615258,326.96590494682323
192,367.76907801868896,369.6604232058278,327.0410647272563
193,367.76907801868896,369.6604232058278,327.0410647272563
194,367.76907801868896,369.6604232058278,327.0410647272563
195,367.76907801868896,369.6604232058278,327.04106472725624
196,367.7690780186887,369.6604232058275,327.04106472725596
197,367.7690780186864,369.6604232058254,327.04106472725346
198,367.7690780186703,369.66042320581,327.04106472723527
199,367.76907801857357,369.6604232057177,327.0410647271262
200,367.7690780180886,369.660423205255,327.04106472657935
201,367.76907801606274,369.6604232033223,327.04106472429527
202,367.7690780090325,369.6604231966152,327.04106471636874
203,367.7690779888416,369.6604231773524,327.0410646936036
204,367.7690779411363,369.66042313184,327.04106463981617
205,367.76907784929836,369.66042304422353,327.0410645362695
206,367.76907770767235,369.6604229091077,327.04106437658714
207,367.76907753864674,369.6604227478517,327.04106418601185
208,367.76907739584834,369.6604226116173,327.04106402500753
209,367.7690773393663,369.6604225577316,327.0410639613244
210,367.76907739584834,369.6604226116173,327.04106402500753
211,367.76907753864674,369.6604227478517,327.04106418601185
212,367.76907770767235,369.6604229091077,327.04106437658714
213,367.76907784929836,369.66042304422353,327.0410645362695
214,367.7690779411363,369.66042313184,327.04106463981617
215,367.7690779888416,369.6604231773524,327.0410646936036
216,367.44203806474417,368.82056539588876,326.9037945010075
217,367.44203806474417,368.82056539588876,326.9037945010075
218,367.44203806474417,368.82056539588876,326.9037945010075
219,367.4420380647441,368.8205653958887,326.90379450100744
220,367.4420380647438,368.8205653958884,326.9037945010071
221,367.4420380647411,368.82056539588586,326.90379450100403
222,367.4420380647216,368.8205653958672,326.90379450098203
223,367.4420380646044,368.8205653957554,326.90379450084987
224,367.44203806401674,368.82056539519476,326.90379450018736
225,367.4420380615624,368.82056539285327,326.9037944974201
226,367.442038053045,368.8205653847274,326.90379448781675
227,367.44203802858283,368.82056536138964,326.9037944602358
228,367.4420379707858,368.82056530624936,326.90379439507007
229,367.4420378595202,368.8205652000983,326.9037942696188
230,367.44203768793426,368.8205650363997,326.9037940761568
231,367.44203748315255,368.82056484103117,326.9037938452667
232,367.44203731014613,368.8205646759774,326.9037936502031
233,367.4420372417157,368.8205646106925,326.9037935730483
234,367.44203731014613,368.8205646759774,326.9037936502031
235,367.44203748315255,368.82056484103117,326.9037938452667
236,367.44203768793426,368.8205650363997,326.9037940761568
237,367.4420378595202,368.8205652000983,326.9037942696188
238,367.4420379707858,368.82056530624936,326.90379439507007
239,367.44203802858283,368.82056536138964,326.9037944602358
240,366.9416685618793,366.8173848970654,326.5933542197948
241,366.9416685618793,366.8173848970654,326.5933542197948
242,366.9416685618793,366.8173848970654,326.5933542197948
243,366.9416685618792,366.8173848970653,326.5933542197947
244,366.9416685618789,366.817384897065,326.5933542197943
245,366.9416685618756,366.81738489706186,326.59335421979057
246,366.94166856185194,366.8173848970393,326.59335421976397
247,366.94166856171006,366.81738489690395,326.593354219604
248,366.94166856099883,366.8173848962254,326.5933542188021
249,366.9416685580282,366.8173848933913,326.59335421545273
250,366.9416685477191,366.8173848835561,326.5933542038292
251,366.94166851811104,366.817384855309,326.59335417044633
252,366.9416684481558,366.8173847885694,326.5933540915723
253,366.9416683134844,366.81738466008846,326.5933539397311
254,366.9416681058036,366.8173844619542,326.59335370557244
255,366.9416678579439,366.81738422548784,326.59335342611223
256,366.9416676485439,366.8173840257133,326.593353190015
257,366.94166756571843,366.8173839466951,326.5933530966299
258,366.9416676485439,366.8173840257133,326.593353190015
259,366.9416678579439,366.81738422548784,326.59335342611223
260,366.9416681058036,366.8173844619542,326.59335370557244
261,366.9416683134844,366.81738466008846,326.5933539397311
262,366.9416684481558,366.8173847885694,326.5933540915723
263,366.94166851811104,366.817384855309,326.59335417044633
264,366.31829380147485,363.7730549254001,326.160011895024
265,366.31829380147485,363.7730549254001,326.160011895024
266,366.31829380147485,363.7730549254001,326.160011895024
267,366.3182938014748,363.77305492540006,326.16001189502396
268,366.31829380147434,363.7730549253996,326.16001189502344
269,366.31829380147036,363.77305492539585,326.16001189501895
270,366.3182938014418,363.77305492536857,326.1600118949867
271,366.3182938012703,363.7730549252049,326.16001189479334
272,366.31829380041023,363.77305492438444,326.1600118938237
273,366.3182937968182,363.7730549209575,326.16001188977367
274,366.3182937843526,363.77305490906497,326.1600118757188
275,366.3182937485512,363.77305487490923,326.160011835353
276,366.31829366396283,363.77305479420914,326.1600117399801
277,366.318293501121,363.77305463885267,326.160011556377
278,366.31829324999785,363.7730543992729,326.1600112732373
279,366.3182929502912,363.7730541133429,326.16001093532
280,366.3182926970891,363.7730538717797,326.16001064983624
281,366.3182925969383,363.7730537762326,326.1600105369169
282,366.3182926970891,363.7730538717797,326.16001064983624
283,366.3182929502912,363.7730541133429,326.16001093532
284,366.31829324999785,363.7730543992729,326.1600112732373
285,366.318293501121,363.77305463885267,326.160011556377
286,366.31829366396283,363.77305479420914,326.1600117399801
287,366.3182937485512,363.77305487490923,326.160011835353
288,365.6294317375191,359.85456223649567,325.6612291701532
289,365.6294317375191,359.85456223649567,325.6612291701532
290,365.6294317375191,359.85456223649567,325.6612291701532
291,365.62943173751904,359.8545622364956,325.66122917015315
292,365.6294317375185,359.8545622364951,325.6612291701525
293,365.6294317375137,359.8545622364905,325.66122917014707
294,365.6294317374792,359.8545622364576,325.6612291701082
295,365.62943173727194,359.8545622362599,325.66122916987456
296,365.6294317362331,359.85456223526876,325.6612291687032
297,365.6294317318939,359.854562231129,325.6612291638108
298,365.6294317168355,359.8545622167628,325.66122914683257
299,365.6294316735874,359.85456217550274,325.66122909807063
300,365.6294315714048,359.8545620780171,325.6612289828604
301,365.6294313746921,359.85456189034676,325.6612287610681
302,365.6294310713357,359.85456160093474,325.66122841903575
303,365.62943070929055,359.85456125553173,325.6612280108322
304,365.62943040342276,359.8545609637238,325.6612276659683
305,365.6294302824408,359.85456084830304,325.6612275295619
306,365.62943040342276,359.8545609637238,325.6612276659683
307,365.62943070929055,359.85456125553173,325.6612280108322
308,365.6294310713357,359.85456160093474,325.66122841903575
309,365.6294313746921,359.85456189034676,325.6612287610681
310,365.6294315714048,359.8545620780171,325.6612289828604
311,365.6294316735874,359.85456217550274,325.66122909807063
312,364.93548087845596,355.2649092834727,325.1573482292319
313,364.93548087845596,355.2649092834727,325.1573482292319
314,364.93548087845596,355.2649092834727,325.1573482292319
315,364.9354808784559,355.26490928347266,325.15734822923184
316,364.9354808784552,355.264909283472,325.15734822923105
317,364.9354808784494,355.26490928346647,325.1573482292245
318,364.93548087840776,355.26490928342673,325.15734822917756
319,364.9354808781577,355.26490928318816,325.1573482288956
320,364.93548087690397,355.26490928199206,325.15734822748203
321,364.9354808716673,355.26490927699615,325.15734822157776
322,364.93548085349454,355.26490925965874,325.1573482010881
323,364.935480801302,355.26490920986527,325.1573481422413
324,364.935480677986,355.26490909221775,325.1573480032033
325,364.93548044058934,355.2649088657335,325.1573477355401
326,364.93548007449294,355.2649085164655,325.1573473227688
327,364.9354796375698,355.26490809962644,325.15734683014085
328,364.9354792684427,355.26490774746696,325.1573464139524
329,364.9354791224393,355.26490760817495,325.1573462493345
330,364.9354792684427,355.26490774746696,325.1573464139524
331,364.9354796375698,355.26490809962644,325.15734683014085
332,364.93548007449294,355.2649085164655,325.1573473227688
333,364.93548044058934,355.2649088657335,325.1573477355401
334,364.935480677986,355.26490909221775,325.1573480032033
335,364.935480801302,355.26490920986527,325.1573481422413
336,364.2952292242179,350.2327818552023,324.7071007506307
337,364.2952292242179,350.2327818552023,324.7071007506307
338,364.2952292242179,350.2327818552023,324.7071007506307
339,364.2952292242178,350.23278185520223,324.70710075063056
340,364.295229224217,350.23278185520144,324.70710075062965
341,364.29522922421,350.2327818551948,324.7071007506218
342,364.2952292241598,350.23278185514687,324.7071007505652
343,364.2952292238583,350.23278185485924,324.7071007502252
344,364.29522922234673,350.2327818534171,324.70710074852093
345,364.29522921603325,350.2327818473939,324.70710074140254
346,364.2952291941234,350.23278182649113,324.7071007166993
347,364.29522913119786,350.2327817664581,324.70710064575115
348,364.29522898252304,350.2327816246174,324.7071004781213
349,364.29522869630773,350.23278135155863,324.7071001554154
350,364.2952282549268,350.2327809304666,324.70709965776126
351,364.29522772815415,350.23278042790815,324.70709906382854
352,364.29522728311923,350.23278000333016,324.7070985620545
353,364.2952271070915,350.2327798353939,324.7070983635844
354,364.29522728311923,350.23278000333016,324.7070985620545
355,364.29522772815415,350.23278042790815,324.70709906382854
356,364.2952282549268,350.2327809304666,324.70709965776126
357,364.29522869630773,350.23278135155863,324.7071001554154
358,364.29522898252304,350.2327816246174,324.7071004781213
359,364.29522913119786,350.2327817664581,324.70710064575115
360,363.76151849092645,345.00125458166684,324.3632721484374
361,363.76151849092645,345.00125458166684,324.3632721484374
362,363.76151849092645,345.00125458166684,324.3632721484374
363,363.76151849092633,345.00125458166673,324.36327214843726
364,363.76151849092537,345.0012545816658,324.3632721484361
365,363.76151849091696,345.0012545816578,324.3632721484267
366,363.7615184908565,345.0012545816001,324.3632721483585
367,363.7615184904933,345.0012545812536,324.36327214794903
368,363.76151848867266,345.0012545795167,324.36327214589625
369,363.7615184810683,345.00125457226187,324.36327213732244
370,363.76151845467865,345.0012545470853,324.36327210756826
371,363.7615183788871,345.0012544747776,324.36327202211373
372,363.7615181998135,345.0012543039355,324.36327182020943
373,363.7615178550774,345.00125397504587,324.36327143152164
374,363.7615173234496,345.00125346785546,324.36327083211484
375,363.76151668897063,345.0012528625416,324.36327011674393
376,363.7615161529418,345.0012523511524,324.36326951237487
377,363.7615159409226,345.00125214887913,324.36326927332465
378,363.7615161529418,345.0012523511524,324.36326951237487
379,363.76151668897063,345.0012528625416,324.36327011674393
380,363.7615173234496,345.00125346785546,324.36327083211484
381,363.7615178550774,345.00125397504587,324.36327143152164
382,363.7615181998135,345.0012543039355,324.36327182020943
383,363.7615183788871,345.0012544747776,324.36327202211373
384,363.3773847090242,339.81614028391584,324.16884218728217
385,363.3773847090242,339.81614028391584,324.16884218728217
386,363.3773847090242,339.81614028391584,324.16884218728217
387,363.3773847090241,339.81614028391573,324.16884218728205
388,363.3773847090229,339.8161402839146,324.1688421872807
389,363.3773847090128,339.81614028390493,324.16884218726926
390,363.37738470894004,339.8161402838355,324.16884218718724
391,363.37738470850303,339.81614028341863,324.1688421866945
392,363.3773847063123,339.81614028132856,324.1688421842245
393,363.3773846971621,339.81614027259894,324.16884217390765
394,363.3773846654077,339.81614024230424,324.1688421381048
395,363.3773845742085,339.8161401552972,324.1688420352783
396,363.37738435873126,339.8161399497248,324.16884179232915
397,363.377383943914,339.8161395539755,324.1688413246254
398,363.3773833042123,339.81613894367894,324.1688406033658
399,363.3773825407507,339.81613821531147,324.1688397425679
400,363.3773818957531,339.8161375999625,324.1688390153373
401,363.3773816406328,339.8161373565693,324.1688387276908
402,363.3773818957531,339.8161375999625,324.1688390153373
403,363.3773825407507,339.81613821531147,324.1688397425679
404,363.3773833042123,339.81613894367894,324.1688406033658
405,363.377383943914,339.8161395539755,324.1688413246254
406,363.37738435873126,339.8161399497248,324.16884179232915
407,363.3773845742085,339.8161401552972,324.1688420352783
408,363.1729603189874,334.9145872682956,324.1538870947325
409,363.1729603189874,334.9145872682956,324.1538870947325
410,363.1729603189874,334.9145872682956,324.1538870947325
411,363.17296031898724,334.9145872682954,324.15388709473234
412,363.1729603189858,334.9145872682941,324.15388709473075
413,363.17296031897365,334.91458726828245,324.153887094717
414,363.17296031888617,334.914587268199,324.15388709461837
415,363.1729603183609,334.91458726769787,324.1538870940261
416,363.1729603157274,334.9145872651854,324.15388709105684
417,363.1729603047277,334.91458725469136,324.1538870786548
418,363.1729602665553,334.91458721827365,324.1538870356157
419,363.1729601569235,334.91458711368125,324.1538869120065
420,363.17295989789517,334.9145868665597,324.15388661995377
421,363.1729593992374,334.9145863908238,324.1538860577204
422,363.1729586302427,334.91458565717744,324.1538851906838
423,363.17295771247456,334.9145847815964,324.1538841559062
424,363.1729569371136,334.91458404187654,324.15388328169183
425,363.17295663042984,334.91458374929005,324.1538829359078
426,363.1729569371136,334.91458404187654,324.15388328169183
427,363.17295771247456,334.9145847815964,324.1538841559062
428,363.1729586302427,334.91458565717744,324.1538851906838
429,363.1729593992374,334.9145863908238,324.1538860577204
430,363.17295989789517,334.9145868665597,324.15388661995377
431,363.1729601569235,334.91458711368125,324.1538869120065
432,363.1633658006145,330.5144926014156,324.33347120725006
433,363.1633658006145,330.5144926014156,324.33347120725006
434,363.1633658006145,330.5144926014156,324.33347120725006
435,363.1633658006143,330.51449260141544,324.33347120724983
436,363.1633658006126,330.5144926014138,324.33347120724795
437,363.163365800598,330.51449260139987,324.33347120723147
438,363.16336580049295,330.51449260129965,324.333471207113
439,363.16336579986205,330.5144926006978,324.3334712064017
440,363.16336579669934,330.51449259768043,324.33347120283577
441,363.16336578348944,330.5144925850778,324.3334711879417
442,363.16336573764664,330.51449254134224,324.3334711362542
443,363.1633656059853,330.51449241573295,324.3334709878069
444,363.1633652949075,330.51449211895454,324.3334706370688
445,363.163364696049,330.5144915476237,324.33346996185963
446,363.1633637725316,330.5144906665577,324.3334689205998
447,363.16336267034615,330.51448961503644,324.3334676778929
448,363.1633617391834,330.5144887266765,324.3334666280129
449,363.1633613708742,330.5144883752974,324.3334662127467
450,363.1633617391834,330.5144887266765,324.3334666280129
451,363.16336267034615,330.51448961503644,324.3334676778929
452,363.1633637725316,330.5144906665577,324.3334689205998
453,363.163364696049,330.5144915476237,324.33346996185963
454,363.1633652949075,330.51449211895454,324.3334706370688
455,363.1633656059853,330.51449241573295,324.3334709878069
456,363.3477449020805,326.8052325377817,324.7066822158958
457,363.3477449020805,326.8052325377817,324.7066822158958
458,363.3477449020805,326.8052325377817,324.7066822158958
459,363.34774490208025,326.8052325377815,324.70668221589557
460,363.3477449020782,326.80523253777955,324.70668221589324
461,363.3477449020607,326.80523253776283,324.70668221587346
462,363.3477449019346,326.80523253764255,324.70668221573135
463,363.34774490117775,326.80523253692047,324.70668221487796
464,363.3477448973832,326.8052325333004,324.7066822105997
465,363.3477448815344,326.8052325181801,324.7066821927302
466,363.34774482653364,326.80523246570755,324.70668213071724
467,363.34774466857044,326.8052323150054,324.7066819526147
468,363.34774429534906,326.80523195893994,324.70668153181003
469,363.34774357685717,326.805231273475,324.70668072171514
470,363.34774246884984,326.8052302163995,324.7066794724441
471,363.34774114648206,326.80522895481704,324.706677981483
472,363.347740029302,326.80522788899043,324.70667672186977
473,363.34773958741613,326.8052274674167,324.7066762236463
474,363.347740029302,326.80522788899043,324.70667672186977
475,363.34774114648206,326.80522895481704,324.706677981483
476,363.34774246884984,326.8052302163995,324.7066794724441
477,363.34774357685717,326.805231273475,324.70668072171514
478,363.34774429534906,326.80523195893994,324.70668153181003
479,363.34774466857044,326.8052323150054,324.7066819526147
480,363.70951217985254,323.94011881165846,325.2568787228719
481,363.70951217985254,323.94011881165846,325.2568787228719
482,363.70951217985254,323.94011881165846,325.2568787228719
483,363.70951217985225,323.94011881165824,325.2568787228716
484,363.7095121798498,323.9401188116559,325.2568787228688
485,363.7095121798288,323.94011881163584,325.2568787228451
486,363.70951217967774,323.9401188114917,325.2568787226748
487,363.7095121787705,323.9401188106262,325.2568787216519
488,363.7095121742224,323.94011880628716,325.256878716524
489,363.7095121552261,323.940118788164,325.2568786951057
490,363.7095120893023,323.9401187252705,325.256878620777
491,363.70951189996794,323.9401185446393,325.25687840730376
492,363.7095114526256,323.94011811786,325.25687790292824
493,363.70951059144284,323.9401172962633,325.2568769319503
494,363.7095092633877,323.9401160292549,325.2568754345768
495,363.70950767840066,323.94011451712504,325.25687364751417
496,363.70950633935115,323.94011323962764,325.25687213774455
497,363.7095058097077,323.94011273433034,325.25687154057505
498,363.70950633935115,323.94011323962764,325.25687213774455
499,363.70950767840066,323.94011451712504,325.25687364751417
500,363.7095092633877,323.9401160292549,325.2568754345768
501,363.70951059144284,323.9401172962633,325.2568769319503
502,363.7095114526256,323.94011811786,325.25687790292824
503,363.70951189996794,323.9401185446393,325.25687840730376
504,364.21779116019565,322.03087807942063,325.9531284196267
505,364.21779116019565,322.03087807942063,325.9531284196267
506,364.21779116019565,322.03087807942063,325.9531284196267
507,364.21779116019536,322.03087807942035,325.95312841962635
508,364.2177911601924,322.03087807941756,325.95312841962306
509,364.2177911601672,322.0308780793935,325.95312841959463
510,364.21779115998635,322.03087807922094,325.9531284193907
511,364.2177911589,322.03087807818457,325.9531284181659
512,364.217791153454,322.0308780729889,325.95312841202553
513,364.2177911307072,322.0308780512877,325.9531283863787
514,364.21779105176824,322.0308779759773,325.9531282973755
515,364.217790825054,322.0308777596845,325.95312804175666
516,364.21779028939386,322.030877248647,325.95312743780335
517,364.21778925818967,322.03087626484427,325.9531262751274
518,364.2177876679395,322.0308747476932,325.9531244821306
519,364.2177857700319,322.0308729370268,325.95312234225213
520,364.21778416661675,322.0308714073159,325.95312053441194
521,364.21778353240694,322.03087080225885,325.9531198193446
522,364.21778416661675,322.0308714073159,325.95312053441194
523,364.2177857700319,322.0308729370268,325.95312234225213
524,364.2177876679395,322.0308747476932,325.9531244821306
525,364.21778925818967,322.03087626484427,325.9531262751274
526,364.21779028939386,322.030877248647,325.95312743780335
527,364.217790825054,322.0308777596845,325.95312804175666
528,364.82993270067664,321.14432898250243,326.752726464925
529,364.82993270067664,321.14432898250243,326.752726464925
530,364.8299327006766,321.1443289825024,326.75272646492493
531,364.82993270067624,321.1443289825021,326.7527264649246
532,364.82993270067277,321.14432898249873,326.7527264649206
533,364.82993270064264,321.14432898247,326.7527264648867
534,364.82993270042624,321.1443289822636,326.75272646464265
535,364.82993269912674,321.14432898102376,326.75272646317745
536,364.82993269261186,321.1443289748084,326.75272645583203
537,364.82993266540086,321.14432894884817,326.75272642515176
538,364.82993257096933,321.1443288587574,326.75272631868086
539,364.8299322997604,321.1443286000151,326.7527260128946
540,364.82993165897216,321.144327988682,326.75272529040996
541,364.8299304253848,321.14432681179903,326.75272389954824
542,364.8299285230337,321.1443249968934,326.7527217546597
543,364.82992625264455,321.1443228308673,326.75271919481077
544,364.82992433454467,321.14432100093677,326.7527170321656
545,364.8299235758655,321.14432027713184,326.75271617675975
546,364.82992433454467,321.14432100093677,326.7527170321656
547,364.82992625264455,321.1443228308673,326.75271919481077
548,364.8299285230337,321.1443249968934,326.7527217546597
549,364.8299304253848,321.14432681179903,326.75272389954824
550,364.82993165897216,321.144327988682,326.75272529040996
551,364.8299322997604,321.1443286000151,326.7527260128946
552,365.49492265431536,321.3013050779671,327.604603165529
553,365.49492265431536,321.3013050779671,327.604603165529
554,365.4949226543153,321.301305077967,327.60460316552894
555,365.4949226543149,321.3013050779667,327.6046031655285
556,365.4949226543107,321.30130507796264,327.60460316552377
557,365.4949226542747,321.3013050779283,327.6046031654832
558,365.49492265401614,321.3013050776816,327.6046031651916
559,365.49492265246306,321.3013050761999,327.6046031634406
560,365.4949226446773,321.301305068772,327.6046031546621
561,365.49492261215755,321.30130503774717,327.60460311799636
562,365.4949224993033,321.30130493008045,327.6046029907539
563,365.49492217518383,321.3013046208598,327.6046026253113
564,365.49492140938327,321.30130389026084,327.60460176187615
565,365.49491993513374,321.30130248377816,327.60460009966937
566,365.4949176616502,321.3013003148,327.60459753633154
567,365.49491494832773,321.3012977262009,327.6045944770781
568,365.4949126560231,321.30129553926673,327.6045918925195
569,365.4949117493322,321.3012946742537,327.60459087023133
570,365.4949126560231,321.30129553926673,327.6045918925195
571,365.49491494832773,321.3012977262009,327.6045944770781
572,365.4949176616502,321.3013003148,327.60459753633154
573,365.49491993513374,321.30130248377816,327.60460009966937
574,365.49492140938327,321.30130389026084,327.60460176187615
575,365.49492217518383,321.3013046208598,327.6046026253113
576,366.15742169483565,322.47775010158813,328.4533638179379
577,366.15742169483565,322.47775010158813,328.4533638179379
578,366.1574216948356,322.4777501015881,328.4533638179378
579,366.15742169483514,322.4777501015876,328.45336381793726
580,366.15742169483013,322.47775010158284,328.45336381793163
581,366.1574216947871,322.47775010154186,328.4533638178832
582,366.1574216944784,322.4777501012473,328.45336381753503
583,366.15742169262415,322.47775009947827,328.45336381544445
584,366.1574216833285,322.4777500906099,328.4533638049636
585,366.1574216445024,322.47775005356857,328.45336376118746
586,366.1574215097629,322.47774992502264,328.45336360926956
587,366.1574211227886,322.4777495558364,328.4533631729586
588,366.1574202084803,322.4777486835561,328.45336214208186
589,366.157418448337,322.47774700432143,328.4533601575318
590,366.15741573396855,322.4777444147245,328.453357097099
591,366.15741249446535,322.47774132413167,328.4533534445802
592,366.1574097576258,322.4777387130965,328.45335035881146
593,366.15740867510493,322.4777376803359,328.4533491382762
594,366.1574097576258,322.4777387130965,328.45335035881146
595,366.15741249446535,322.47774132413167,328.4533534445802
596,366.15741573396855,322.4777444147245,328.453357097099
597,366.157418448337,322.47774700432143,328.4533601575318
598,366.1574202084803,322.4777486835561,328.45336214208186
599,366.1574211227886,322.4777495558364,328.4533631729586
600,366.76213306699987,324.6078018790716,329.24365647516527
601,366.76213306699987,324.6078018790716,329.24365647516527
602,366.7621330669998,324.60780187907153,329.2436564751652
603,366.76213306699924,324.60780187907096,329.2436564751645
604,366.7621330669933,324.6078018790653,329.2436564751578
605,366.762133066942,324.6078018790164,329.2436564751
606,366.7621330665737,324.60780187866504,329.24365647468477
607,366.7621330643621,324.6078018765551,329.2436564721912
608,366.76213305327457,324.6078018659772,329.2436564596901
609,366.7621330069644,324.6078018217958,329.24365640747567
610,366.7621328462526,324.6078016684714,329.24365622627414
611,366.76213238468534,324.60780122812105,329.2436557058601
612,366.7621312941354,324.60780018770043,329.24365447627207
613,366.7621291947078,324.6077981847773,329.24365210918114
614,366.762125957119,324.60779509601093,329.24364845882087
615,366.7621220931708,324.60779140967696,329.2436441022444
616,366.7621188287794,324.60778829534,329.24364042166434
617,366.76211753759236,324.607787063505,329.2436389658593
618,366.7621188287794,324.60778829534,329.24364042166434
619,366.7621220931708,324.60779140967696,329.2436441022444
620,366.762125957119,324.60779509601093,329.24364845882087
621,366.7621291947078,324.6077981847773,329.24365210918114
622,366.7621312941354,324.60780018770043,329.24365447627207
623,366.76213238468534,324.60780122812105,329.2436557058601
624,367.25816957781024,327.5885887626453,329.9245389543336
625,367.25816957781024,327.5885887626453,329.9245389543336
626,367.2581695778102,327.58858876264526,329.92453895433357
627,367.2581695778095,327.5885887626446,329.9245389543328
628,367.2581695778024,327.5885887626378,329.92453895432476
629,367.2581695777413,327.58858876257955,329.92453895425587
630,367.25816957730245,327.5885887621609,329.9245389537611
631,367.2581695746671,327.58858875964665,329.9245389507897
632,367.25816956145525,327.5885887470421,329.92453893589345
633,367.2581695062723,327.58858869439575,329.92453887367503
634,367.2581693147688,327.58858851169515,329.92453865775616
635,367.25816876476745,327.5885879869757,329.92453803763317
636,367.2581674652733,327.58858674721546,329.924536572462
637,367.25816496360534,327.5885843605418,329.9245337518476
638,367.25816110570986,327.58858067998233,329.9245294020956
639,367.25815650144744,327.5885762873643,329.92452421081964
640,367.25815261161415,327.5885725763351,329.9245198250579
641,367.25815107304174,327.58857110848635,329.9245180903275
642,367.25815261161415,327.5885725763351,329.9245198250579
643,367.25815650144744,327.5885762873643,329.92452421081964
644,367.25816110570986,327.58858067998233,329.9245294020956
645,367.25816496360534,327.5885843605418,329.9245337518476
646,367.2581674652733,327.58858674721546,329.924536572462
647,367.25816876476745,327.5885879869757,329.92453803763317
648,367.6030911579046,331.2863923417222,330.4535164144101
649,367.6030911579046,331.2863923417222,330.4535164144101
650,367.60309115790454,331.28639234172215,330.45351641441005
651,367.6030911579037,331.28639234172135,330.4535164144091
652,367.6030911578952,331.2863923417133,330.45351641439953
653,367.6030911578225,331.2863923416439,330.45351641431756
654,367.6030911573001,331.28639234114553,330.45351641372855
655,367.6030911541629,331.2863923381525,330.45351641019136
656,367.6030911384351,331.28639232314765,330.45351639245837
657,367.6030910727435,331.28639226047574,330.4535163183915
658,367.60309084477166,331.28639204298304,330.4535160613547
659,367.60309019003233,331.28639141834014,330.4535153231404
660,367.6030886430727,331.2863899424897,330.45351357895345
661,367.6030856650067,331.28638710131656,330.45351022120343
662,367.60308107244384,331.2863827198602,330.4535050431187
663,367.60307559138175,331.28637749074636,330.4534988632568
664,367.6030709607991,331.28637307301784,330.453493642305
665,367.603069129233,331.2863713256435,330.45349157722615
666,367.6030709607991,331.28637307301784,330.453493642305
667,367.60307559138175,331.28637749074636,330.4534988632568
668,367.60308107244384,331.2863827198602,330.4535050431187
669,367.6030856650067,331.28638710131656,330.45351022120343
670,367.6030886430727,331.2863899424897,330.45351357895345
671,367.60309019003233,331.28639141834014,330.4535153231404
672,367.76630879752963,335.5437852290751,330.79994530846074
673,367.76630879752963,335.5437852290751,330.79994530846074
674,367.7663087975295,335.54378522907507,330.7999453084606
675,367.76630879752855,335.5437852290741,330.79994530845954
676,367.7663087975185,335.5437852290645,330.7999453084482
677,367.766308797432,335.54378522898196,330.79994530835063
678,367.76630879681073,335.54378522838925,330.7999453076502
679,367.7663087930797,335.5437852248298,330.7999453034435
680,367.7663087743751,335.543785206985,330.79994528235414
681,367.76630869625006,335.5437851324511,330.79994519426873
682,367.7663084251299,335.5437848737935,330.7999448885825
683,367.76630764646796,335.54378413092434,330.7999440106462
684,367.76630580671497,335.54378237573934,330.79994193633667
685,367.7663022649898,335.54377899681685,330.79993794306455
686,367.76629680319166,335.5437737860814,330.79993178492265
687,367.76629028472786,335.5437675672521,330.79992443539714
688,367.76628477771385,335.5437623133792,330.79991822627466
689,367.7662825994869,335.5437602352789,330.7999157703379
690,367.76628477771385,335.5437623133792,330.79991822627466
691,367.76629028472786,335.5437675672521,330.79992443539714
692,367.76629680319166,335.5437737860814,330.79993178492265
693,367.7663022649898,335.54377899681685,330.79993794306455
694,367.76630580671497,335.54378237573934,330.79994193633667
695,367.76630764646796,335.54378413092434,330.7999440106462
696,367.73159778206957,340.18733398415867,330.9475466354003
697,367.73159778206957,340.18733398415867,330.9475466354003
698,367.73159778206946,340.18733398415856,330.94754663540016
699,367.7315977820683,340.1873339841575,330.94754663539885
700,367.7315977820563,340.18733398414605,330.9475466353853
701,367.73159778195355,340.187333984048,330.9475466352695
702,367.73159778121544,340.1873339833438,330.94754663443723
703,367.73159777678256,340.1873339791147,330.9475466294392
704,367.73159775455946,340.18733395791315,330.9475466043828
705,367.7315976617384,340.1873338693588,330.94754649972765
706,367.73159733961796,340.1873335620453,330.947546136539
707,367.7315964144824,340.1873326794354,330.94754509345466
708,367.7315942286546,340.18733059408373,330.94754262894804
709,367.73159002069775,340.18732657955417,330.9475378845041
710,367.7315835314842,340.18732038863055,330.9475305679579
711,367.73157578683623,340.18731299998115,330.94752183591777
712,367.7315692439013,340.1873067578056,330.94751445880115
713,367.73156665592944,340.18730428879513,330.9475115408797
714,367.7315692439013,340.1873067578056,330.94751445880115
715,367.73157578683623,340.18731299998115,330.94752183591777
716,367.7315835314842,340.18732038863055,330.9475305679579
717,367.73159002069775,340.18732657955417,330.9475378845041
718,367.7315942286546,340.18733059408373,330.94754262894804
719,367.7315964144824,340.1873326794354,330.94754509345466
720,367.498529421253,345.0354639021851,330.8958376853532
721,367.498529421253,345.0354639021851,330.8958376853532
722,367.4985294212529,345.035463902185,330.89583768535306
723,367.4985294212515,345.03546390218366,330.89583768535147
724,367.49852942123727,345.0354639021701,330.89583768533544
725,367.49852942111534,345.0354639020537,330.89583768519793
726,367.4985294202392,345.0354639012179,330.8958376842101
727,367.4985294149776,345.03546389619817,330.8958376782777
728,367.4985293885999,345.03546387103296,330.895837648537
729,367.49852927842596,345.0354637659234,330.8958375243166
730,367.49852889608525,345.03546340115776,330.89583709322994
731,367.4985277979959,345.0354623535443,330.89583585514134
732,367.4985252035283,345.0354598783367,330.895832929896
733,367.4985202088953,345.0354551132922,330.89582729847973
734,367.4985125065253,345.0354477649774,330.8958186141077
735,367.4985033140179,345.0354389950224,330.89580824961547
736,367.4984955478834,345.0354315858741,330.8957994933493
737,367.49849247609103,345.03542865528294,330.89579602992336
738,367.4984955478834,345.0354315858741,330.8957994933493
739,367.4985033140179,345.0354389950224,330.89580824961547
740,367.4985125065253,345.0354477649774,330.8958186141077
741,367.4985202088953,345.0354551132922,330.89582729847973
742,367.4985252035283,345.0354598783367,330.895832929896
743,367.4985277979959,345.0354623535443,330.89583585514134
744,367.08271096522424,349.90611199283165,330.6603719718116
745,367.08271096522424,349.90611199283165,330.6603719718116
746,367.08271096522407,349.90611199283154,330.66037197181146
747,367.0827109652225,349.90611199282995,330.66037197180964
748,367.0827109652056,349.90611199281386,330.6603719717906
749,367.082710965061,349.9061119926759,330.66037197162757
750,367.08271096402206,349.9061119916847,330.6603719704562
751,367.0827109577829,349.9061119857324,330.6603719634216
752,367.0827109265045,349.90611195589173,330.66037192815537
753,367.0827107958612,349.9061118312537,330.6603717808559
754,367.082710342485,349.9061113987179,330.66037126967717
755,367.08270904038034,349.90611015646715,330.6603698015627
756,367.08270596388377,349.906107221388,330.6603663328328
757,367.0827000412923,349.90610157104055,330.6603596551494
758,367.0826909078905,349.9060928574742,330.6603493572983
759,367.08268000749695,349.9060824581395,330.6603370671755
760,367.08267079848366,349.90607367243734,330.6603266840729
761,367.0826671559796,349.9060701973684,330.66032257717325
762,367.08267079848366,349.90607367243734,330.6603266840729
763,367.08268000749695,349.9060824581395,330.6603370671755
764,367.0826909078905,349.9060928574742,330.6603493572983
765,367.0827000412923,349.90610157104055,330.6603596551494
766,367.08270596388377,349.906107221388,330.6603663328328
767,367.08270904038034,349.90611015646715,330.6603698015627
768,366.514812154254,354.6238431046117,330.27176579736044
769,366.514812154254,354.6238431046117,330.27176579736044
770,366.51481215425383,354.6238431046115,330.2717657973603
771,366.5148121542519,354.62384310460965,330.27176579735806
772,366.51481215423195,354.6238431045906,330.27176579733555
773,366.5148121540606,354.6238431044272,330.2717657971424
774,366.51481215282985,354.623843103253,330.27176579575473
775,366.5148121454388,354.6238430962017,330.2717657874214
776,366.5148121083853,354.6238430608514,330.27176574564373
777,366.51481195362084,354.62384291320103,330.27176557114785
778,366.5148114165361,354.6238424008045,330.2717649655883
779,366.51480987401914,354.62384092919245,330.2717632264104
780,366.51480622949765,354.62383745219887,330.2717591172362
781,366.5147992133964,354.623830758607,330.27175120662764
782,366.514788393661,354.62382043622284,330.27173900744634
783,366.51477548068766,354.6238081168208,330.27172444815295
784,366.5147645713804,354.62379770898207,330.27171214797994
785,366.5147602563474,354.6237935922984,330.27170728280834
786,366.5147645713804,354.62379770898207,330.27171214797994
787,366.51477548068766,354.6238081168208,330.27172444815295
788,366.514788393661,354.62382043622284,330.27173900744634
789,366.5147992133964,354.623830758607,330.27175120662764
790,366.51480622949765,354.62383745219887,330.2717591172362
791,366.51480987401914,354.62384092919245,330.2717632264104
792,365.83844726806217,359.02616687365486,329.7735803189381
793,365.83844726806217,359.02616687365486,329.7735803189381
794,365.83844726806194,359.0261668736547,329.7735803189379
795,365.83844726805967,359.02616687365247,329.7735803189353
796,365.838447268036,359.0261668736299,329.77358031890867
797,365.83844726783326,359.02616687343647,329.77358031868005
798,365.83844726637676,359.02616687204693,329.7735803170378
799,365.8384472576296,359.0261668637018,329.77358030717545
800,365.83844721377756,359.02616682186556,329.7735802577326
801,365.8384470306174,359.0261666471247,329.7735800512206
802,365.8384463949897,359.02616604071494,329.7735793345546
803,365.83844456945576,359.02616429909546,329.77357727627697
804,365.83844025624705,359.02616018415216,329.7735724131622
805,365.83843195285,359.0261522624377,329.77356305113597
806,365.83841914793794,359.02614004612957,329.77354861368093
807,365.8384038657262,359.02612546639597,329.77353138308666
808,365.8383909548079,359.0261131489543,329.7735168261102
809,365.838385848064,359.02610827695236,329.7735110682897
810,365.8383909548079,359.0261131489543,329.7735168261102
811,365.8384038657262,359.02612546639597,329.77353138308666
812,365.83841914793794,359.02614004612957,329.77354861368093
813,365.83843195285,359.0261522624377,329.77356305113597
814,365.83844025624705,359.02616018415216,329.7735724131622
815,365.83844456945576,359.02616429909546,329.77357727627697
816,365.1070669118908,362.9688644091697,329.2192133497712
817,365.1070669118908,362.9688644091697,329.2192133497712
818,365.10706691189057,362.9688644091695,329.21921334977094
819,365.10706691188784,362.9688644091669,329.21921334976787
820,365.1070669118599,362.9688644091402,329.2192133497364
821,365.10706691162017,362.96886440891154,329.2192133494661
822,365.1070669098981,362.9688644072686,329.21921334752443
823,365.1070668995561,362.968864397402,329.2192133358639
824,365.1070668477089,362.96886434793805,329.21921327740654
825,365.1070666311545,362.9688641413381,329.2192130332429
826,365.10706587963784,362.9688634243664,329.21921218591274
827,365.10706372126856,362.96886136521096,329.21920975236543
828,365.10705862166617,362.9688565000222,329.2192040025969
829,365.10704880437544,362.9688471340033,329.21919293366545
830,365.1070336648437,362.9688326903911,329.21917586394187
831,365.1070155963456,362.9688154524484,329.2191554918278
832,365.10700033148026,362.9688008892637,329.2191382807914
833,365.10699429366355,362.96879512898767,329.2191314731924
834,365.10700033148026,362.9688008892637,329.2191382807914
835,365.1070155963456,362.9688154524484,329.2191554918278
836,365.1070336648437,362.9688326903911,329.21917586394187
837,365.10704880437544,362.9688471340033,329.21919293366545
838,365.10705862166617,362.9688565000222,329.2192040025969
839,365.10706372126856,362.96886136521096,329.21920975236543
840,364.38008775929467,366.3302076106886,328.6680291179448
841,364.38008775929467,366.3302076106886,328.6680291179448
842,364.3800877592944,366.3302076106883,328.66802911794446
843,364.38008775929114,366.33020761068525,328.6680291179409
844,364.3800877592582,366.3302076106538,328.66802911790364
845,364.38008775897504,366.33020761038364,328.6680291175844
846,364.38008775694095,366.33020760844306,328.668029115291
847,364.3800877447253,366.33020759678897,328.66802910151796
848,364.38008768348504,366.3302075383637,328.66802903247
849,364.38008742769796,366.3302072943344,328.66802874407165
850,364.3800865400304,366.3302064474703,328.66802774323224
851,364.3800839906333,366.3302040152615,328.6680248688036
852,364.3800779671454,366.33019826865547,328.66801807736016
853,364.38006637127427,366.33018720581225,328.6680050030909
854,364.38004848894155,366.3301701454775,328.6679848408771
855,364.38002714700707,366.3301497845686,328.66796077798483
856,364.3800091166343,366.3301325829988,328.6679404488568
857,364.3800019849576,366.3301257791441,328.66793240793766
858,364.3800091166343,366.3301325829988,328.6679404488568
859,364.38002714700707,366.3301497845686,328.66796077798483
860,364.38004848894155,366.3301701454775,328.6679848408771
861,364.38006637127427,366.33018720581225,328.6680050030909
862,364.3800779671454,366.33019826865547,328.66801807736016
863,364.3800839906333,366.3302040152615,328.6680248688036
864,363.71854556950115,369.01402524772215,328.181011299459
865,363.71854556950115,369.01402524772215,328.181011299459
866,363.7185455695008,369.0140252477218,328.1810112994586
867,363.718545569497,369.0140252477182,328.1810112994543
868,363.71854556945806,369.01402524768105,328.18101129941044
869,363.71854556912393,369.01402524736227,328.1810112990337
870,363.7185455667237,369.0140252450724,328.1810112963274
871,363.7185455523091,369.0140252313204,328.18101128007504
872,363.71854548004467,369.0140251623777,328.1810111985974
873,363.71854517821197,369.01402487441936,328.18101085828295
874,363.71854413075073,369.01402387510683,328.18100967727725
875,363.71854112242335,369.01402100506334,328.1810062854077
876,363.7185340146159,369.0140142239808,328.180998271401
877,363.71852033131137,369.0140011696573,328.18098284356415
878,363.71849922988645,369.0139810382025,328.18095905184487
879,363.71847404607877,369.01395701201994,328.1809306572655
880,363.71845276996436,369.0139367139056,328.1809066685849
881,363.7184443544772,369.01392868525346,328.18089718017785
882,363.71845276996436,369.0139367139056,328.1809066685849
883,363.71847404607877,369.01395701201994,328.1809306572655
884,363.71849922988645,369.0139810382025,328.18095905184487
885,363.71852033131137,369.0140011696573,328.18098284356415
886,363.7185340146159,369.0140142239808,328.180998271401
887,363.71854112242335,369.01402100506334,328.1810062854077
888,363.1805927650934,370.9516335968337,327.8162606115239
889,363.1805927650934,370.9516335968337,327.81626061152383
890,363.180592765093,370.9516335968333,327.81626061152343
891,363.18059276508853,370.951633596829,327.8162606115184
892,363.18059276504266,370.95163359678526,327.81626061146665
893,363.18059276464874,370.95163359640947,327.8162606110225
894,363.1805927618192,370.95163359370997,327.81626060783225
895,363.18059274482636,370.9516335774982,327.8162605886729
896,363.18059265963643,370.95163349622425,327.81626049262184
897,363.18059230381687,370.9516331567607,327.8162600914376
898,363.1805910690031,370.95163197870767,327.81625869919316
899,363.18058752259606,370.9516285953184,327.81625470064216
900,363.1805791434617,370.9516206013481,327.81624525322275
901,363.1805630127144,370.9516052120835,327.8162270659101
902,363.1805381370162,370.9515814798476,327.81619901872216
903,363.18050844874625,370.9515531562596,327.8161655453909
904,363.18048336711297,370.95152922755483,327.8161372660125
905,363.18047344640286,370.9515197628705,327.81612608047647
906,363.18048336711297,370.95152922755483,327.8161372660125
907,363.18050844874625,370.9515531562596,327.8161655453909
908,363.1805381370162,370.9515814798476,327.81619901872216
909,363.1805630127144,370.9516052120835,327.8162270659101
910,363.1805791434617,370.9516206013481,327.81624525322275
911,363.18058752259606,370.9516285953184,327.81625470064216
912,362.8171740151965,372.1027017120046,327.6246704112704
913,362.81717401519643,372.10270171200455,327.62467041127036
914,362.81717401519603,372.10270171200415,327.6246704112699
915,362.81717401519074,372.10270171199915,327.62467041126393
916,362.8171740151367,372.1027017119476,327.624670411203
917,362.8171740146728,372.102701711505,327.62467041068
918,362.8171740113404,372.10270170832575,327.6246704069227
919,362.8171739913277,372.10270168923296,327.6246703843585
920,362.81717389099845,372.1027015935156,327.6246702712379
921,362.81717347194524,372.102701193725,327.62466979875813
922,362.8171720176893,372.10269980631693,327.6246681590941
923,362.81716784104043,372.10269582165625,327.6246634499496
924,362.817157972827,372.1026864070554,327.6246523236032
925,362.81713897544006,372.10266828292214,327.62463090417293
926,362.8171096790129,372.1026403331651,327.6245978726419
927,362.8170747147585,372.1026069761141,327.6245584506725
928,362.81704517579897,372.1025787949731,327.62452514568776
929,362.8170334920521,372.1025676482936,327.6245119723392
930,362.81704517579897,372.1025787949731,327.62452514568776
931,362.8170747147585,372.1026069761141,327.6245584506725
932,362.8171096790129,372.1026403331651,327.6245978726419
933,362.81713897544006,372.10266828292214,327.62463090417293
934,362.817157972827,372.1026864070554,327.6246523236032
935,362.81716784104043,372.10269582165625,327.6246634499496
936,362.66820070722866,372.4551597458398,327.6461011829377
937,362.6682007072286,372.45515974583975,327.6461011829376
938,362.6682007072281,372.4551597458393,327.64610118293706
939,362.6682007072219,372.4551597458334,327.64610118293007
940,362.66820070715835,372.4551597457727,327.6461011828584
941,362.66820070661254,372.455159745252,327.646101182243
942,362.6682007026917,372.4551597415114,327.6461011778223
943,362.6682006791455,372.4551597190476,327.64610115127414
944,362.6682005611018,372.45515960642996,327.6461010181806
945,362.6682000680592,372.4551591360511,327.6461004622783
946,362.66819835703524,372.4551575036778,327.64609853310986
947,362.6681934429438,372.4551528154726,327.6460929925037
948,362.6681818323669,372.4551417385996,327.6460799016538
949,362.6681594807403,372.45512041441117,327.64605470034024
950,362.66812501164185,372.45508752975525,327.6460158366559
951,362.66808387398646,372.45504828307617,327.64596945421704
952,362.6680491195333,372.4550151261825,327.6459302687972
953,362.6680353728666,372.45500201140936,327.6459147695199
954,362.6680491195333,372.4550151261825,327.6459302687972
955,362.66808387398646,372.45504828307617,327.64596945421704
956,362.66812501164185,372.45508752975525,327.6460158366559
957,362.6681594807403,372.45512041441117,327.64605470034024
958,362.6681818323669,372.4551417385996,327.6460799016538
959,362.6681934429438,372.4551528154726,327.6460929925037
960,362.75950882687624,372.02428197792824,327.906338433195
961,362.7595088268762,372.0242819779282,327.90633843319495
962,362.7595088268756,372.0242819779276,327.90633843319426
963,362.7595088268683,372.0242819779207,327.9063384331861
964,362.7595088267936,372.02428197784934,327.9063384331018
965,362.759508826152,372.0242819772373,327.90633843237845
966,362.7595088215435,372.0242819728406,327.90633842718233
967,362.75950879386687,372.02428194643625,327.9063383959772
968,362.7595086551166,372.02428181406384,327.9063382395371
969,362.759508075587,372.0242812611736,327.9063375861213
970,362.75950606442416,372.0242793424579,327.9063353185482
971,362.75950028832835,372.02427383187216,327.90632880603783
972,362.75948664108466,372.0242608119519,327.9063134188593
973,362.7594603686523,372.0242357471855,327.9062837968627
974,362.7594198531644,372.02419709407474,327.9062381159136
975,362.75937149935595,372.02415096294794,327.90618359730917
976,362.75933064845793,372.0241119898448,327.90613753818735
977,362.7593144904226,372.0240965745466,327.9061193201076
978,362.75933064845793,372.0241119898448,327.90613753818735
979,362.75937149935595,372.02415096294794,327.90618359730917
980,362.7594198531644,372.02419709407474,327.9062381159136
981,362.7594603686523,372.0242357471855,327.9062837968627
982,362.75948664108466,372.0242608119519,327.9063134188593
983,362.75950028832835,372.02427383187216,327.90632880603783
984,363.1008272868001,370.85108458792473,328.41506103510494
985,363.10082728680004,370.8510845879247,328.4150610351049
986,363.10082728679936,370.851084587924,328.4150610351041
987,363.1008272867908,370.85108458791586,328.4150610350944
988,363.100827286703,370.85108458783213,328.41506103499546
989,363.10082728594966,370.8510845871134,328.4150610341461
990,363.100827280538,370.8510845819505,328.4150610280444
991,363.1008272480383,370.8510845509447,328.4150609914013
992,363.1008270851083,370.85108439550413,328.41506080769875
993,363.10082640458563,370.85108374626304,328.41506004041383
994,363.1008240429424,370.8510814931776,328.41505737767653
995,363.100817260261,370.851075022276,328.41504973024735
996,363.10080123474654,370.85105973340706,328.415031661584
997,363.1007703838836,370.851030300667,328.41499687743675
998,363.10072280786375,370.85098491157606,328.4149432357838
999,363.10066602755904,370.85093074129406,328.41487921635957
1000,363.10061805767793,370.85088497644654,328.41482513063073
1001,363.10059908382254,370.85086687476314,328.4148037377322
1002,363.10061805767793,370.85088497644654,328.41482513063073
1003,363.10066602755904,370.85093074129406,328.41487921635957
1004,363.10072280786375,370.85098491157606,328.4149432357838
1005,363.1007703838836,370.851030300667,328.41499687743675
1006,363.10080123474654,370.85105973340706,328.415031661584
1007,363.100817260261,370.851075022276,328.41504973024735
1008,363.684909401545,369.00017329020153,329.1649727181998
1009,363.6849094015449,369.0001732902015,329.16497271819975
1010,363.6849094015441,369.0001732902007,329.16497271819884
1011,363.68490940153407,369.0001732901911,329.16497271818747
1012,363.68490940143107,369.00017329009285,329.1649727180714
1013,363.6849094005473,369.00017328924974,329.16497271707493
1014,363.68490939419877,369.00017328319296,329.164972709917
1015,363.6849093560727,369.0001732468195,329.1649726669301
1016,363.6849091649361,369.0001730644688,329.1649724514248
1017,363.6849083666004,369.00017230283026,329.1649715513065
1018,363.6849055961065,369.00016965968774,329.1649684275926
1019,363.6848976391985,369.0001620685353,329.16495945623063
1020,363.68487883932625,369.0001441328376,329.164938259497
1021,363.684842647522,369.0001096046635,329.1648974534731
1022,363.68478683508005,369.0000563577545,329.1648345253078
1023,363.6847202248955,368.99999280944314,329.1647594227581
1024,363.6846639504066,368.9999391217261,329.1646959736379
1025,363.6846416917728,368.99991788625584,329.1646708771731
1026,363.6846639504066,368.9999391217261,329.1646959736379
1027,363.6847202248955,368.99999280944314,329.1647594227581
1028,363.68478683508005,369.0000563577545,329.1648345253078
1029,363.684842647522,369.0001096046635,329.1648974534731
1030,363.68487883932625,369.0001441328376,329.164938259497
1031,363.6848976391985,369.0001620685353,329.16495945623063
1032,364.4878945022138,366.5571603850812,330.1321636982331
1033,364.48789450221375,366.55716038508115,330.13216369823306
1034,364.4878945022128,366.55716038508024,330.132163698232
1035,364.487894502201,366.557160385069,330.1321636982187
1036,364.48789450208034,366.5571603849539,330.1321636980826
1037,364.4878945010446,366.5571603839657,330.1321636969148
1038,364.4878944936042,366.5571603768674,330.13216368852585
1039,364.48789444892134,366.55716033423846,330.1321636381462
1040,364.48789422491376,366.55716012052784,330.13216338557913
1041,364.48789328928336,366.5571592279056,330.1321623306619
1042,364.4878900423303,366.5571561302054,330.1321586697435
1043,364.48788071702336,366.5571472335552,330.13214815552055
1044,364.48785868402,366.55712621334385,330.13212331345255
1045,364.48781626808585,366.5570857471447,330.1320754897627
1046,364.4877508572307,366.55702334303317,330.13200173944904
1047,364.48767279167805,366.55694886592306,330.13191372104626
1048,364.4876068393149,366.556885945195,330.1318393601858
1049,364.4875807527253,366.5568610577288,330.1318099477257
1050,364.4876068393149,366.556885945195,330.1318393601858
1051,364.48767279167805,366.55694886592306,330.13191372104626
1052,364.4877508572307,366.55702334303317,330.13200173944904
1053,364.48781626808585,366.5570857471447,330.1320754897627
1054,364.48785868402,366.55712621334385,330.13212331345255
1055,364.48788071702336,366.5571472335552,330.13214815552055
1056,365.47087596595054,363.6257480533365,331.2776787216509
1057,365.4708759659505,363.62574805333645,331.2776787216508
1058,365.47087596594935,363.62574805333537,331.2776787216495
1059,365.47087596593553,363.6257480533222,331.277678721634
1060,365.4708759657943,363.6257480531874,331.2776787214747
1061,365.4708759645816,363.6257480520305,331.27767872010736
1062,365.47087595587016,363.62574804371945,331.27767871028533
1063,365.47087590355403,363.6257479938082,331.2776786512992
1064,365.47087564127867,363.6257477435889,331.27767835558546
1065,365.4708745458124,363.62574669847794,331.27767712045437
1066,365.47087074417504,363.6257430715906,331.27767283413294
1067,365.4708598258046,363.62573265510537,331.27766052374136
1068,365.4708340288531,363.6257080439634,331.27763143784637
1069,365.47078436690833,363.6256606648314,331.27757544432666
1070,365.47070778176794,363.62558760008335,331.277489095079
1071,365.47061638009916,363.625500399879,331.277386040292
1072,365.4705391609436,363.6254267302596,331.2772989761964
1073,365.4705086179225,363.62539759121086,331.2772645391388
1074,365.4705391609436,363.6254267302596,331.2772989761964
1075,365.47061638009916,363.625500399879,331.277386040292
1076,365.47070778176794,363.62558760008335,331.277489095079
1077,365.47078436690833,363.6256606648314,331.27757544432666
1078,365.4708340288531,363.6257080439634,331.27763143784637
1079,365.4708598258046,363.62573265510537,331.27766052374136
1080,366.58256292111304,360.324548761285,332.55017878566593
1081,366.5825629211129,360.32454876128486,332.5501787856658
1082,366.5825629211116,360.3245487612836,332.55017878566434
1083,366.5825629210955,360.32454876126826,332.55017878564615
1084,366.58256292093023,360.3245487611106,332.5501787854598
1085,366.58256291951176,360.3245487597573,332.5501787838605
1086,366.5825629093221,360.32454875003606,332.55017877237174
1087,366.5825628481285,360.3245486916553,332.55017870337633
1088,366.5825625413478,360.32454839897645,332.5501783574831
1089,366.5825612599925,360.3245471765212,332.5501769127633
1090,366.5825568132573,360.3245429341893,332.55017189909836
1091,366.5825440421547,360.32453075013655,332.55015749976326
1092,366.58251386773287,360.3245019627436,332.5501234782989
1093,366.5824557786803,360.32444654387297,332.55005798326994
1094,366.58236619785,360.3243610808085,332.54995698146644
1095,366.5822592862828,360.3242590836499,332.5498364393699
1096,366.5821689638517,360.3241729130738,332.5497346014164
1097,366.5821332380023,360.32413882943604,332.5496943207536
1098,366.5821689638517,360.3241729130738,332.5497346014164
1099,366.5822592862828,360.3242590836499,332.5498364393699
1100,366.58236619785,360.3243610808085,332.54995698146644
1101,366.5824557786803,360.32444654387297,332.55005798326994
1102,366.58251386773287,360.3245019627436,332.5501234782989
1103,366.5825440421547,360.32453075013655,332.55015749976326
1104,367.76284217278914,356.78368846550353,333.8895030785903
1105,367.762842172789,356.7836884655034,333.88950307859017
1106,367.7628421727875,356.78368846550194,333.8895030785884
1107,367.7628421727686,356.783688465484,333.88950307856715
1108,367.7628421725755,356.78368846529975,333.88950307834943
1109,367.76284217091796,356.78368846371836,333.88950307648054
1110,367.76284215901086,356.7836884523586,333.8895030630554
1111,367.7628420875032,356.783688384138,333.88950298243094
1112,367.76284172901535,356.7836880421287,333.8895025782382
1113,367.76284023169046,356.7836866136314,333.8895008900141
1114,367.76283503546824,356.78368165626415,333.8894950313074
1115,367.7628201118253,356.783667418617,333.8894782049971
1116,367.76278485157326,356.7836337791744,333.88943844929224
1117,367.7627169717429,356.7835690195791,333.88936191522504
1118,367.76261229226725,356.78346915190934,333.88924388979717
1119,367.7624873609985,356.7833499633615,333.88910303060425
1120,367.76238181492687,356.7832492689307,333.88898402809514
1121,367.7623400675668,356.7832094405733,333.88893695821815
1122,367.76238181492687,356.7832492689307,333.88898402809514
1123,367.7624873609985,356.7833499633615,333.88910303060425
1124,367.76261229226725,356.78346915190934,333.88924388979717
1125,367.7627169717429,356.7835690195791,333.88936191522504
1126,367.76278485157326,356.7836337791744,333.88943844929224
1127,367.7628201118253,356.783667418617,333.8894782049971
1128,368.94698045427805,353.1412176144903,335.230871246051
1129,368.94698045427793,353.1412176144902,335.2308712460508
1130,368.9469804542761,353.1412176144885,335.2308712460488
1131,368.9469804542541,353.14121761446745,335.230871246024
1132,368.9469804540287,353.1412176142524,335.23087124576983
1133,368.9469804520936,353.1412176124063,335.23087124358807
1134,368.9469804381932,353.1412175991448,335.23087122791543
1135,368.94698035471464,353.1412175195035,335.2308711337939
1136,368.9469799362133,353.1412171202395,335.2308706619364
1137,368.9469781882256,353.1412154526016,335.2308686910916
1138,368.9469721221188,353.14120966533574,335.2308618515956
1139,368.9469547001517,353.141193044205,335.23084220844106
1140,368.94691353708225,353.1411537732801,335.230795797348
1141,368.94683429368473,353.1410781724672,335.23070645093276
1142,368.9467120901191,353.14096158623806,335.2305686672074
1143,368.94656624446594,353.14082244467824,335.23040422718213
1144,368.94644302923007,353.1407048932823,335.2302653028052
1145,368.9463942930645,353.1406583973741,335.2302103530955
1146,368.94644302923007,353.1407048932823,335.2302653028052
1147,368.94656624446594,353.14082244467824,335.23040422718213
1148,368.9467120901191,353.14096158623806,335.2305686672074
1149,368.94683429368473,353.1410781724672,335.23070645093276
1150,368.94691353708225,353.1411537732801,335.230795797348
1151,368.9469547001517,353.141193044205,335.23084220844106
1152,370.0701598699877,349.5393417882586,336.50941884854325
1153,370.07015986998755,349.5393417882584,336.5094188485431
1154,370.07015986998545,349.5393417882564,336.5094188485407
1155,370.0701598699598,349.539341788232,336.50941884851176
1156,370.07015986969685,349.53934178798113,336.5094188482153
1157,370.0701598674401,349.53934178582807,336.50941884567084
1158,370.0701598512285,349.53934177036166,336.5094188273923
1159,370.07015975387014,349.5393416774786,336.50941871762143
1160,370.0701592657856,349.5393412118299,336.5094181673093
1161,370.0701572271641,349.53933926691775,336.5094158687768
1162,370.07015015246003,349.53933251741694,336.50940789209403
1163,370.0701298337837,349.53931313273006,336.5093849829186
1164,370.0700818266281,349.53926733232134,336.5093308551629
1165,370.0699894076183,349.5391791615402,336.50922665333053
1166,370.06984688555485,349.5390431907945,336.5090659606311
1167,370.06967679048995,349.5388809144966,336.5088741795518
1168,370.06953308854827,349.53874381810823,336.50871215654735
1169,370.06947624913573,349.53868959143534,336.5086480704794
1170,370.06953308854827,349.53874381810823,336.50871215654735
1171,370.06967679048995,349.5388809144966,336.5088741795518
1172,370.06984688555485,349.5390431907945,336.5090659606311
1173,370.0699894076183,349.5391791615402,336.50922665333053
1174,370.0700818266281,349.53926733232134,336.5093308551629
1175,370.0701298337837,349.53931313273006,336.5093849829186
1176,371.0720148530166,346.1204802996,337.66473433359414
1177,371.0720148530164,346.1204802995998,337.6647343335939
1178,371.07201485301397,346.1204802995975,337.6647343335912
1179,371.07201485298407,346.12048029956895,337.6647343335575
1180,371.07201485267774,346.1204802992767,337.6647343332121
1181,371.0720148500483,346.1204802967681,337.66473433024737
1182,371.07201483115966,346.1204802787477,337.6647343089506
1183,371.0720147177246,346.120480170527,337.66473418105335
1184,371.07201414904307,346.120479627986,337.66473353986856
1185,371.07201177378545,346.12047736191204,337.6647308617811
1186,371.0720035308408,346.1204694978711,337.66472156791457
1187,371.07197985695655,346.1204469122053,337.6646948757641
1188,371.07192392241495,346.12039354880915,337.66463180993225
1189,371.0718162423227,346.12029081845236,337.66451040132876
1190,371.0716501856968,346.12013239495843,337.66432317356316
1191,371.0714520029602,346.11994332209605,337.6640997238168
1192,371.0712845716236,346.11978358708285,337.6639109460739
1193,371.0712183463611,346.1197204059998,337.66383627752117
1194,371.0712845716236,346.11978358708285,337.6639109460739
1195,371.0714520029602,346.11994332209605,337.6640997238168
1196,371.0716501856968,346.12013239495843,337.66432317356316
1197,371.0718162423227,346.12029081845236,337.66451040132876
1198,371.07192392241495,346.12039354880915,337.66463180993225
1199,371.07197985695655,346.1204469122053,337.6646948757641
1200,371.90083893365215,343.02316815899684,338.6450658187742
1201,371.9008389336519,343.02316815899667,338.64506581877396
1202,371.9008389336491,343.02316815899394,338.6450658187707
1203,371.9008389336143,343.02316815896074,338.6450658187315
1204,371.9008389332577,343.02316815862054,338.64506581832944
1205,371.9008389301971,343.0231681557006,338.6450658148786
1206,371.90083890821086,343.023168134725,338.6450657900893
1207,371.9008387761734,343.0231680087569,338.6450656412179
1208,371.9008381142326,343.02316737724357,338.64506489488394
1209,371.90083534945177,343.0231647395516,338.6450617776116
1210,371.9008257547302,343.02315558587094,338.6450509596254
1211,371.90079819851854,343.02312929633683,338.645019890176
1212,371.9007330911601,343.0230671817711,338.6449464820529
1213,371.90060775239516,343.0229476044585,338.6448051634107
1214,371.9004144638126,343.0227632007804,338.6445872317911
1215,371.9001837806943,343.0225431214829,338.6443271380759
1216,371.89998889195954,343.0223571912068,338.64410740229505
1217,371.8999118062843,343.02228364893216,338.6440204886977
1218,371.89998889195954,343.0223571912068,338.64410740229505
1219,371.9001837806943,343.0225431214829,338.6443271380759
1220,371.9004144638126,343.0227632007804,338.6445872317911
1221,371.90060775239516,343.0229476044585,338.6448051634107
1222,371.9007330911601,343.0230671817711,338.6449464820529
1223,371.90079819851854,343.02312929633683,338.645019890176
1224,372.5171541036222,340.37783418848574,339.41089047039924
1225,372.517154103622,340.3778341884855,339.41089047039895
1226,372.5171541036187,340.3778341884823,339.41089047039526
1227,372.5171541035782,340.3778341884437,339.4108904703496
1228,372.51715410316353,340.37783418804815,339.4108904698821
1229,372.51715409960445,340.37783418465267,339.4108904658692
1230,372.51715407403765,340.3778341602611,339.41089043704284
1231,372.5171539204971,340.37783401377834,339.4108902639269
1232,372.5171531507554,340.3778332794194,339.4108893960481
1233,372.5171499357139,340.3778302121639,339.41088577110975
1234,372.51713877843594,340.3778195677529,339.41087319135136
1235,372.51710673453437,340.3777889968148,339.41083706206086
1236,372.5170310240627,340.3777167665296,339.41075169899653
1237,372.5168852731486,340.37757771535394,339.4105873657889
1238,372.51666050639244,340.3773632804608,339.4103339427334
1239,372.5163922551824,340.3771073599655,339.410031491239
1240,372.5161656276799,340.37689114985915,339.4097759702042
1241,372.51607598815275,340.3768056307959,339.40967490222033
1242,372.5161656276799,340.37689114985915,339.4097759702042
1243,372.5163922551824,340.3771073599655,339.410031491239
1244,372.51666050639244,340.3773632804608,339.4103339427334
1245,372.5168852731486,340.37757771535394,339.4105873657889
1246,372.5170310240627,340.3777167665296,339.41075169899653
1247,372.51710673453437,340.3777889968148,339.41083706206086
1248,372.89638274895503,338.3025142328684,339.93758645078583
1249,372.89638274895475,338.30251423286813,339.9375864507855
1250,372.8963827489509,338.3025142328645,339.93758645078117
1251,372.8963827489039,338.30251423281965,339.9375864507282
1252,372.8963827484222,338.30251423236007,339.93758645018505
1253,372.8963827442875,338.3025142284155,339.9375864455232
1254,372.896382714586,338.30251420007926,339.937586412035
1255,372.8963825362148,338.30251402990723,339.9375862109226
1256,372.8963816419899,338.30251317678716,339.9375852026898
1257,372.8963779070093,338.30250961349265,339.93758099152353
1258,372.8963649453675,338.3024972476592,339.93756637735675
1259,372.896327719301,338.30246173276487,339.9375244052089
1260,372.89623976487223,338.302377821341,339.93742523716253
1261,372.8960704430054,338.30221628269965,339.93723432785913
1262,372.8958093267924,338.3019671692267,339.93693992102743
1263,372.8954976937853,338.3016698610673,339.936588556839
1264,372.8952344159046,338.3014186852921,339.9362917127411
1265,372.89513027980246,338.3013193360186,339.9361742999633
1266,372.8952344159046,338.3014186852921,339.9362917127411
1267,372.8954976937853,338.3016698610673,339.936588556839
1268,372.8958093267924,338.3019671692267,339.93693992102743
1269,372.8960704430054,338.30221628269965,339.93723432785913
1270,372.89623976487223,338.302377821341,339.93742523716253
1271,372.896327719301,338.30246173276487,339.9375244052089
1272,373.0304285135649,336.89859072208947,340.2170137961846
1273,373.0304285135646,336.8985907220892,340.21701379618423
1274,373.03042851356014,336.8985907220849,340.2170137961792
1275,373.03042851350557,336.89859072203285,340.21701379611767
1276,373.0304285129465,336.8985907214995,340.21701379548733
1277,373.03042850814785,336.89859071692143,340.21701379007686
1278,373.0304284736767,336.8985906840348,340.21701375121086
1279,373.0304282666614,336.89859048653534,340.21701351780246
1280,373.03042722883566,336.8985894964154,340.2170123476607
1281,373.03042289406636,336.89858536090264,340.2170074602365
1282,373.0304078509554,336.898571009279,340.21699049922677
1283,373.03036464687216,336.8985297911597,340.21694178690393
1284,373.0302625681188,336.89843240466473,340.21682669377356
1285,373.030066055387,336.89824492504204,340.2166051269467
1286,373.0297630073442,336.8979558072215,340.21626344224967
1287,373.0294013301745,336.8976107552816,340.2158556535935
1288,373.0290957733286,336.89731924398023,340.2155111402373
1289,373.028974914338,336.89720394052,340.2153748725116
1290,373.0290957733286,336.89731924398023,340.2155111402373
1291,373.0294013301745,336.8976107552816,340.2158556535935
1292,373.0297630073442,336.8979558072215,340.21626344224967
1293,373.030066055387,336.89824492504204,340.2166051269467
1294,373.0302625681188,336.89843240466473,340.21682669377356
1295,373.03036464687216,336.8985297911597,340.21694178690393
1296,372.9280531253836,336.2466847609803,340.25789125722207
1297,372.9280531253832,336.24668476098,340.2578912572217
1298,372.928053125378,336.24668476097503,340.2578912572158
1299,372.92805312531476,336.24668476091466,340.2578912571445
1300,372.9280531246666,336.24668476029626,340.25789125641364
1301,372.92805311910274,336.24668475498817,340.25789125014046
1302,372.92805307913505,336.24668471685766,340.2578912050771
1303,372.9280528391103,336.24668448786616,340.2578909344508
1304,372.92805163579914,336.2466833398676,340.2578895777253
1305,372.9280466098335,336.2466785449308,340.25788391098166
1306,372.928029168038,336.24666190488307,340.2578642454708
1307,372.9279790748902,336.2466141143691,340.25780776577244
1308,372.92786071926963,336.24650119920636,340.2576743205801
1309,372.9276328717935,336.24628382520484,340.25741742403284
1310,372.92728150152305,336.2459486063866,340.2570212563386
1311,372.92686215347607,336.24554853452906,340.25654844414333
1312,372.9265078743639,336.24521054057993,340.25614899674883
1313,372.9263677439218,336.2450768515198,340.2559910005869
1314,372.9265078743639,336.24521054057993,340.25614899674883
1315,372.92686215347607,336.24554853452906,340.25654844414333
1316,372.92728150152305,336.2459486063866,340.2570212563386
1317,372.9276328717935,336.24628382520484,340.25741742403284
1318,372.92786071926963,336.24650119920636,340.2576743205801
1319,372.9279790748902,336.2466141143691,340.25780776577244
1320,372.614025188592,336.4028603563684,340.0849451054147
1321,372.61402518859154,336.402860356368,340.0849451054142
1322,372.6140251885856,336.4028603563623,340.0849451054074
1323,372.6140251885123,336.40286035629236,340.08494510532483
1324,372.61402518776146,336.402860355576,340.08494510447827
1325,372.6140251813168,336.4028603494276,340.0849450972119
1326,372.6140251350213,336.40286030526016,340.084945045014
1327,372.6140248569953,336.4028600400142,340.08494473154155
1328,372.6140234631731,336.4028587102619,340.0849431600161
1329,372.614017641485,336.4028531561797,340.0849365961007
1330,372.6139974382646,336.4028338816415,340.0849138171011
1331,372.6139394142549,336.40277852482393,340.08484839540756
1332,372.6138023203015,336.4026477326741,340.0846938228669
1333,372.61353839949123,336.40239594352295,340.08439625387
1334,372.6131313994751,336.4020076520938,340.08393736399927
1335,372.6126456592851,336.4015442399438,340.0833896950947
1336,372.6122352898927,336.40115273401864,340.0829270062741
1337,372.6120729736781,336.40099787900044,340.082743995798
1338,372.6122352898927,336.40115273401864,340.0829270062741
1339,372.6126456592851,336.4015442399438,340.0833896950947
1340,372.6131313994751,336.4020076520938,340.08393736399927
1341,372.61353839949123,336.40239594352295,340.08439625387
1342,372.6138023203015,336.4026477326741,340.0846938228669
1343,372.6139394142549,336.40277852482393,340.08484839540756
1344,372.127107626436,337.39532801768684,339.73689659025155
1345,372.12710762643553,337.3953280176864,339.73689659025104
1346,372.1271076264286,337.39532801767973,339.7368965902432
1347,372.1271076263438,337.39532801759884,339.73689659014764
1348,372.12710762547493,337.3953280167699,339.73689658916794
1349,372.1271076180172,337.395328009655,339.73689658075943
1350,372.12710756444443,337.3953279585448,339.7368965203565
1351,372.12710724271506,337.39532765160436,339.73689615760867
1352,372.12710562979566,337.3953261128261,339.7368943390526
1353,372.12709889298674,337.3953196856884,339.73688674334437
1354,372.1270755139884,337.39529738135343,339.7368603836758
1355,372.12700836908783,337.39523332290537,339.73678467823714
1356,372.12684972510726,337.3950819713194,339.736605808181
1357,372.1265443181447,337.39479060301164,339.73626146381724
1358,372.1260733411172,337.3943412754052,339.7357304402824
1359,372.12551124661667,337.3938050187264,339.7350966823893
1360,372.12503637057506,337.39335197133204,339.73456126274135
1361,372.124848539604,337.3931727743952,339.7343494845433
1362,372.12503637057506,337.39335197133204,339.73456126274135
1363,372.12551124661667,337.3938050187264,339.7350966823893
1364,372.1260733411172,337.3943412754052,339.7357304402824
1365,372.1265443181447,337.39479060301164,339.73626146381724
1366,372.12684972510726,337.3950819713194,339.736605808181
1367,372.12700836908783,337.39523332290537,339.73678467823714
1368,371.51703613094793,339.221852648856,339.2634404031798
1369,371.5170361309474,339.2218526488555,339.2634404031792
1370,371.5170361309394,339.22185264884786,339.26344040317014
1371,371.51703613084135,339.2218526487543,339.26344040305963
1372,371.51703612983687,339.221852647796,339.2634404019271
1373,371.5170361212153,339.2218526395707,339.2634403922063
1374,371.51703605928185,339.22185258048415,339.2634403223767
1375,371.5170356873427,339.22185222564195,339.26343990301774
1376,371.5170338227076,339.2218504467187,339.2634378006539
1377,371.5170260345378,339.221843016548,339.2634290195431
1378,371.51699900696275,339.2218172313506,339.263398546128
1379,371.5169213832847,339.22174317580345,339.2633110259359
1380,371.5167379809835,339.22156820396367,339.26310424103434
1381,371.51638491155387,339.2212313640915,339.262706157549
1382,371.5158404328392,339.22071191345304,339.26209226133994
1383,371.5151906166628,339.2200919674044,339.2613595978279
1384,371.5146416304454,339.2195682164598,339.2607406194388
1385,371.5144244861693,339.2193610536639,339.26049579068
1386,371.5146416304454,339.2195682164598,339.2607406194388
1387,371.5151906166628,339.2200919674044,339.2613595978279
1388,371.5158404328392,339.22071191345304,339.26209226133994
1389,371.51638491155387,339.2212313640915,339.262706157549
1390,371.5167379809835,339.22156820396367,339.26310424103434
1391,371.5169213832847,339.22174317580345,339.2633110259359
1392,370.8407152929485,341.84807482419586,338.72144082188123
1393,370.8407152929479,341.8480748241953,338.72144082188055
1394,370.8407152929386,341.8480748241864,338.7214408218701
1395,370.84071529282545,341.8480748240784,338.7214408217424
1396,370.84071529166533,341.8480748229717,338.72144082043445
1397,370.84071528170796,341.848074813472,338.7214408092076
1398,370.8407152101789,341.8480747452309,338.72144072855906
1399,370.84071478061384,341.8480743354117,338.7214402442272
1400,370.8407126270839,341.84807228087317,338.72143781613624
1401,370.8407036322639,341.84806369951843,338.72142767453516
1402,370.8406724172057,341.84803391932417,338.7213924797601
1403,370.8405827670014,341.8479483900746,338.7212913997379
1404,370.84037094949696,341.8477463091944,338.7210525768795
1405,370.8399631777024,341.84735728146325,338.7205928168336
1406,370.83933434086765,341.846757350398,338.7198838073928
1407,370.8385838462449,341.8460413537934,338.71903762958743
1408,370.8379498035432,341.8454364561596,338.71832275056556
1409,370.8376990162937,341.84519719685824,338.71803998957313
1410,370.8379498035432,341.8454364561596,338.71832275056556
1411,370.8385838462449,341.8460413537934,338.71903762958743
1412,370.83933434086765,341.846757350398,338.7198838073928
1413,370.8399631777024,341.84735728146325,338.7205928168336
1414,370.84037094949696,341.8477463091944,338.7210525768795
1415,370.8405827670014,341.8479483900746,338.7212913997379
1416,370.15791654541977,345.2069425785257,338.17062966794776
1417,370.157916545419,345.206942578525,338.17062966794697
1418,370.15791654540834,345.2069425785148,338.1706296679349
1419,370.1579165452777,345.20694257839017,338.17062966778764
1420,370.1579165439392,345.2069425771132,338.17062966627844
1421,370.1579165324503,345.2069425661524,338.1706296533248
1422,370.15791644991964,345.20694248741546,338.170629560272
1423,370.1579159542847,345.20694201456337,338.17062900144685
1424,370.15791346952807,345.20693964402363,338.17062619989986
1425,370.157903091247,345.20692974280144,338.1706144984555
1426,370.15786707511245,345.2068953822221,338.1705738904981
1427,370.1577636361313,345.20679669802496,338.17045726371964
1428,370.157519239735,345.20656353580824,338.1701817083726
1429,370.1570487500209,345.2061146731148,338.16965123428037
1430,370.1563231940444,345.2054224688007,338.1688331746364
1431,370.15545726853117,345.2045963473223,338.16785684925287
1432,370.154725705992,345.2038984125495,338.16703201724863
1433,370.1544363460537,345.2036223536318,338.16670576580043
1434,370.154725705992,345.2038984125495,338.16703201724863
1435,370.15545726853117,345.2045963473223,338.16785684925287
1436,370.1563231940444,345.2054224688007,338.1688331746364
1437,370.1570487500209,345.2061146731148,338.16965123428037
1438,370.157519239735,345.20656353580824,338.1701817083726
1439,370.1577636361313,345.20679669802496,338.17045726371964
1440,369.52679840421,349.1994213320707,337.6691265619315
1441,369.52679840420916,349.1994213320699,337.6691265619305
1442,369.5267984041969,349.19942133205814,337.66912656191664
1443,369.5267984040463,349.1994213319145,337.66912656174685
1444,369.5267984025034,349.19942133044253,337.66912656000727
1445,369.52679838926036,349.1994213178083,337.66912654507587
1446,369.5267982941289,349.1994212270497,337.66912643781575
1447,369.52679772282033,349.1994206820025,337.669125793669
1448,369.52679485869055,349.19941794952825,337.6691225643813
1449,369.5267828958514,349.19940653658546,337.669109076358
1450,369.52674138076605,349.1993669298258,337.6690622683693
1451,369.5266221487,349.1992531785052,337.6689278349904
1452,369.5263404378118,349.19898441703344,337.6686102077965
1453,369.52579811363177,349.19846702189193,337.66799874081113
1454,369.52496177962,349.19766913168127,337.6670557796531
1455,369.5239636444219,349.19671687780624,337.66593038870985
1456,369.5231203867643,349.1959123822092,337.6649796211861
1457,369.5227868472913,349.19559417455935,337.6646035575999
1458,369.5231203867643,349.1959123822092,337.6649796211861
1459,369.5239636444219,349.19671687780624,337.66593038870985
1460,369.52496177962,349.19766913168127,337.6670557796531
1461,369.52579811363177,349.19846702189193,337.66799874081113
1462,369.5263404378118,349.19898441703344,337.6686102077965
1463,369.5266221487,349.1992531785052,337.6689278349904
1464,368.99958204673516,353.6966025253408,337.2691145164544
1465,368.9995820467342,353.69660252533987,337.2691145164533
1466,368.99958204672,353.69660252532634,337.2691145164373
1467,368.9995820465466,353.69660252516087,337.2691145162418
1468,368.99958204476985,353.69660252346586,337.26911451423854
1469,368.99958202951984,353.6966025089168,337.26911449704426
1470,368.9995819199707,353.69660240440334,337.26911437352834
1471,368.9995812620774,353.69660177675144,337.2691136317579
1472,368.9995779638741,353.6965986301568,337.26910991305516
1473,368.9995641880058,353.69658548752443,337.26909438085323
1474,368.999516381098,353.6965398781588,337.26904047887564
1475,368.9993790788054,353.6964088872465,337.2688856714339
1476,368.9990546731982,353.6960993936056,337.2685199062219
1477,368.99843015702805,353.6955035845968,337.26781576830246
1478,368.99746707233976,353.6945847700633,337.266729896581
1479,368.99631766467166,353.69348819726633,337.26543394691186
1480,368.9953466070237,353.69256177626653,337.2643390857303
1481,368.9949625179458,353.6921953426276,337.2639060277934
1482,368.9953466070237,353.69256177626653,337.2643390857303
1483,368.99631766467166,353.69348819726633,337.26543394691186
1484,368.99746707233976,353.6945847700633,337.266729896581
1485,368.99843015702805,353.6955035845968,337.26781576830246
1486,368.9990546731982,353.6960993936056,337.2685199062219
1487,368.9993790788054,353.6964088872465,337.2688856714339
1488,368.61870311171884,358.5432684777161,337.0129917504386
1489,368.6187031117177,358.543268477715,337.01299175043727
1490,368.6187031117014,358.5432684776994,337.0129917504189
1491,368.61870311150193,358.5432684775091,337.012991750194
1492,368.6187031094579,358.5432684755591,337.0129917478894
1493,368.6187030919138,358.5432684588214,337.0129917281085
1494,368.61870296588506,358.54326833858585,337.01299158601194
1495,368.61870220902415,358.5432676165156,337.0129907326562
1496,368.61869841466864,358.5432639965754,337.01298645454506
1497,368.6186825664817,358.5432488768827,337.0129685858173
1498,368.61862756792937,358.5431964064512,337.01290657530734
1499,368.6184696111055,358.54304571043536,337.01272848001594
1500,368.61809640481454,358.5426896593338,337.0123076923504
1501,368.61737794200644,358.54200422213614,337.01149763020777
1502,368.6162699794545,358.54094718934596,337.0102484096375
1503,368.6149476651569,358.5396856579258,337.00875750886826
1504,368.6138305302644,358.5386198744204,337.0074979465437
1505,368.6133886622542,358.5381983177758,337.0069997432364
1506,368.6138305302644,358.5386198744204,337.0074979465437
1507,368.6149476651569,358.5396856579258,337.00875750886826
1508,368.6162699794545,358.54094718934596,337.0102484096375
1509,368.61737794200644,358.54200422213614,337.01149763020777
1510,368.61809640481454,358.5426896593338,337.0123076923504
1511,368.6184696111055,358.54304571043536,337.01272848001594
1512,368.4137246441063,363.5628949031457,336.9302846486136
1513,368.413724644105,363.56289490314447,336.9302846486122
1514,368.41372464408624,363.56289490312656,336.93028464859105
1515,368.413724643857,363.5628949029079,336.9302846483326
1516,368.41372464150777,363.56289490066666,336.93028464568386
1517,368.4137246213442,363.5628948814299,336.93028462294956
1518,368.4137244764984,363.5628947432422,336.9302844596368
1519,368.41372360663195,363.562893913361,336.9302834788681
1520,368.4137192457482,363.5628897529342,336.93027856200007
1521,368.4137010312977,363.5628723757481,336.93025802532554
1522,368.4136378210131,363.5628120710533,336.9301867561408
1523,368.4134562799474,363.56263887489354,336.9299820697702
1524,368.413027350914,363.56222966245923,336.9294984550751
1525,368.4122016157502,363.5614418838988,336.9285674440491
1526,368.4109282253548,363.56022702749374,336.92713170466135
1527,368.40940847875015,363.55877713914595,336.9254182002503
1528,368.40812454650893,363.5575522254726,336.923970575
1529,368.4076167040017,363.5570677269835,336.9233979858765
1530,368.40812454650893,363.5575522254726,336.923970575
1531,368.40940847875015,363.55877713914595,336.9254182002503
1532,368.4109282253548,363.56022702749374,336.92713170466135
1533,368.4122016157502,363.5614418838988,336.9285674440491
1534,368.413027350914,363.56222966245923,336.9294984550751
1535,368.4134562799474,363.56263887489354,336.9299820697702
1536,368.3992390274128,368.56398773800095,337.03554970858556
1537,368.39923902741134,368.5639877379995,337.0355497085839
1538,368.39923902738985,368.56398773797895,337.03554970855964
1539,368.3992390271266,368.5639877377278,337.03554970826286
1540,368.3992390244293,368.5639877351545,337.0355497052216
1541,368.3992390012777,368.56398771306715,337.0355496791184
1542,368.3992388349677,368.56398755440193,337.03554949160497
1543,368.399237836199,368.56398660154366,337.0355483654997
1544,368.3992328290919,368.56398182459844,337.035542720019
1545,368.3992119155088,368.56396187235094,337.0355191400901
1546,368.399139338324,368.5638926313247,337.0354373097864
1547,368.39893089535394,368.56369376986146,337.0352022916935
1548,368.3984384049009,368.563223917738,337.03464701191126
1549,368.39749030707304,368.5623194011633,337.03357803777743
1550,368.39602821762725,368.5609245196452,337.03192954143793
1551,368.39428326534966,368.5592597776631,337.02996211909544
1552,368.3928090719007,368.55785334852703,337.028299975571
1553,368.3922259740757,368.55729705398454,337.02764253656625
1554,368.3928090719007,368.55785334852703,337.028299975571
1555,368.39428326534966,368.5592597776631,337.02996211909544
1556,368.39602821762725,368.5609245196452,337.03192954143793
1557,368.39749030707304,368.5623194011633,337.03357803777743
1558,368.3984384049009,368.563223917738,337.03464701191126
1559,368.39893089535394,368.56369376986146,337.0352022916935
1560,368.57391278570117,373.34756283842285,337.32741835768536
1561,368.57391278569946,373.34756283842125,337.3274183576834
1562,368.5739127856748,373.34756283839766,337.3274183576556
1563,368.57391278537284,373.34756283810964,337.32741835731514
1564,368.57391278227885,373.3475628351578,337.3274183538267
1565,368.57391275572246,373.3475628098222,337.32741832388456
1566,368.573912564954,373.34756262782275,337.32741810879435
1567,368.57391141930077,373.3475615348318,337.3274168170778
1568,368.5739056758204,373.3475560553623,337.3274103413411
1569,368.57388168656865,373.34753316882546,337.3273832936157
1570,368.57379843577644,373.347453744826,337.32728942888906
1571,368.57355933801546,373.3472256376819,337.3270198477188
1572,368.5729944191573,373.3466866864729,337.32638290538085
1573,368.5719068887512,373.34564914662326,337.32515672192216
1574,368.5702297762404,373.3440491260145,337.32326578847545
1575,368.568228201505,373.34213955775,337.3210090259811
1576,368.5665372049084,373.34052629126586,337.31910243831794
1577,368.5658683534506,373.3398881849314,337.31834831265
1578,368.5665372049084,373.34052629126586,337.31910243831794
1579,368.568228201505,373.34213955775,337.3210090259811
1580,368.5702297762404,373.3440491260145,337.32326578847545
1581,368.5719068887512,373.34564914662326,337.32515672192216
1582,368.5729944191573,373.3466866864729,337.32638290538085
1583,368.57355933801546,373.3472256376819,337.3270198477188
1584,368.92074279530215,377.7154917624224,337.7888531797376
1585,368.9207427953002,377.7154917624205,337.7888531797354
1586,368.9207427952719,377.7154917623935,337.7888531797035
1587,368.9207427949259,377.71549176206344,337.7888531793134
1588,368.92074279138035,377.71549175868086,337.78885317531575
1589,368.92074276094814,377.71549172964757,337.7888531410037
1590,368.9207425423378,377.7154915210861,337.78885289452194
1591,368.9207412294811,377.7154902685775,337.7888514142845
1592,368.92073464776297,377.7154839894015,337.78884399344014
1593,368.92070715737657,377.7154577626669,337.78881299820836
1594,368.920611756467,377.71536674705493,337.7887054343033
1595,368.9203377633518,377.71510534859294,337.7883965088482
1596,368.9196903968641,377.71448773962805,337.7876666073443
1597,368.9184441457803,377.7132987750208,337.7862614673539
1598,368.91652226546086,377.7114652378557,337.7840945597951
1599,368.9142285689633,377.70927697580254,337.7815084319141
1600,368.91229077823175,377.7074282595799,337.77932358546917
1601,368.91152431060056,377.70669702419883,337.77845939820065
1602,368.91229077823175,377.7074282595799,337.77932358546917
1603,368.9142285689633,377.70927697580254,337.7815084319141
1604,368.91652226546086,377.7114652378557,337.7840945597951
1605,368.9184441457803,377.7132987750208,337.7862614673539
1606,368.9196903968641,377.71448773962805,337.7876666073443
1607,368.9203377633518,377.71510534859294,337.7883965088482
1608,369.408502062101,381.4793606053405,338.3885937075997
1609,369.40850206209876,381.47936060533834,338.3885937075972
1610,369.4085020620663,381.4793606053075,338.3885937075607
1611,369.4085020616702,381.4793606049295,338.388593707114
1612,369.40850205761114,381.47936060105707,338.3885937025375
1613,369.4085020227716,381.47936056781896,338.3885936632561
1614,369.4085017725004,381.47936032905204,338.388593381077
1615,369.4085002695061,381.4793588951459,338.38859168646064
1616,369.4084927345747,381.47935170657297,338.38858319087444
1617,369.4084612628264,381.4793216814879,338.388547706683
1618,369.40835204524853,381.4792174843191,338.38842456457445
1619,369.4080383704157,381.47891822819065,338.38807089824076
1620,369.4072972475057,381.4782111725089,338.38723528698057
1621,369.4058705050849,381.47685001321764,338.3856266441818
1622,369.4036702837852,381.4747509295839,338.38314590897824
1623,369.40104439712724,381.47224574716955,338.3801852388522
1624,369.3988259611513,381.4701292861344,338.37768396671976
1625,369.39794848798573,381.4692921478151,338.37669462143333
1626,369.3988259611513,381.4701292861344,338.37768396671976
1627,369.40104439712724,381.47224574716955,338.3801852388522
1628,369.4036702837852,381.4747509295839,338.38314590897824
1629,369.4058705050849,381.47685001321764,338.3856266441818
1630,369.4072972475057,381.4782111725089,338.38723528698057
1631,369.4080383704157,381.47891822819065,338.38807089824076
1632,369.9942645067198,384.4694278402686,339.08368122382984
1633,369.9942645067173,384.46942784026623,339.083681223827
1634,369.9942645066802,384.4694278402309,339.08368122378516
1635,369.9942645062271,384.46942783979864,339.08368122327437
1636,369.9942645015848,384.4694278353697,339.0836812180401
1637,369.9942644617384,384.4694277973549,339.0836811731136
1638,369.9942641755008,384.4694275242748,339.08368085038256
1639,369.99426245651114,384.46942588430204,339.0836789122329
1640,369.9942538387349,384.46941766265945,339.08366919574627
1641,369.99421784418246,384.4693833226701,339.0836286121225
1642,369.9940929309491,384.4692641513287,339.0834877732644
1643,369.9937341779134,384.46892188910897,339.0830832815502
1644,369.9928865482474,384.4681132224719,339.0821275846155
1645,369.99125476870694,384.4665564510109,339.08028776379797
1646,369.9887383536559,384.46415570811746,339.0774505221966
1647,369.9857351008881,384.46129050599734,339.07406437423646
1648,369.9831978535303,384.45886988839663,339.07120364434473
1649,369.98219427871675,384.45791244494916,339.0700721202704
1650,369.9831978535303,384.45886988839663,339.07120364434473
1651,369.9857351008881,384.46129050599734,339.07406437423646
1652,369.9887383536559,384.46415570811746,339.0774505221966
1653,369.99125476870694,384.4665564510109,339.08028776379797
1654,369.9928865482474,384.4681132224719,339.0821275846155
1655,369.9937341779134,384.46892188910897,339.0830832815502
1656,370.6268177454326,386.54322678196735,339.8228715573517
1657,370.6268177454297,386.54322678196456,339.8228715573484
1658,370.62681774538737,386.5432267819242,339.82287155730063
1659,370.6268177448697,386.54322678143035,339.82287155671696
1660,370.62681773956535,386.5432267763698,339.82287155073635
1661,370.62681769403713,386.5432267329344,339.8228714994036
1662,370.6268173669839,386.5432264209148,339.8228711306532
1663,370.6268154028773,386.54322454709234,339.82286891613575
1664,370.62680555626116,386.54321515309607,339.82285781414015
1665,370.6267644291152,386.54317591644343,339.8228114435506
1666,370.62662170405207,386.5430397520293,339.8226505219703
1667,370.62621179512325,386.5426486854016,339.8221883523194
1668,370.625243298877,386.5417247080635,339.8210963791016
1669,370.6233788379891,386.5399459509284,339.81899421157834
1670,370.6205035982131,386.5372028774214,339.8157523974337
1671,370.61707210076924,386.5339291157664,339.81188340638687
1672,370.61417305813245,386.5311633335457,339.8086147546715
1673,370.6130263799559,386.5300693647736,339.8073218824863
1674,370.61417305813245,386.5311633335457,339.8086147546715
1675,370.61707210076924,386.5339291157664,339.81188340638687
1676,370.6205035982131,386.5372028774214,339.8157523974337
1677,370.6233788379891,386.5399459509284,339.81899421157834
1678,370.625243298877,386.5417247080635,339.8210963791016
1679,370.62621179512325,386.5426486854016,339.8221883523194
1680,371.2507066337608,387.5933429757324,340.5506786430936
1681,371.2507066337575,387.59334297572923,340.55067864308984
1682,371.25070663370917,387.59334297568313,340.5506786430354
1683,371.2507066331183,387.5933429751194,340.5506786423691
1684,371.2507066270635,387.5933429693429,340.5506786355424
1685,371.250706575094,387.59334291976234,340.5506785769472
1686,371.2507062017698,387.5933425635987,340.55067815602655
1687,371.25070395978463,387.593340424671,340.55067562820284
1688,371.2506927200855,387.5933297016276,340.55066295551524
1689,371.2506457743389,387.59328491383815,340.55061002449133
1690,371.2504828567696,387.5931294851077,340.55042633599163
1691,371.25001495460276,387.5926830910196,340.5498987793421
1692,371.24890943710756,387.5916283908941,340.54865231555743
1693,371.2467811953734,387.5895979781381,340.5462527368458
1694,371.2434991714239,387.586466819123,340.5425522761916
1695,371.23958219139064,387.5827298910774,340.5381359066832
1696,371.2362729969909,387.5795728105573,340.534404811523
1697,371.23496408868033,387.57832406889065,340.532929025917
1698,371.2362729969909,387.5795728105573,340.534404811523
1699,371.23958219139064,387.5827298910774,340.5381359066832
1700,371.2434991714239,387.586466819123,340.5425522761916
1701,371.2467811953734,387.5895979781381,340.5462527368458
1702,371.24890943710756,387.5916283908941,340.54865231555743
1703,371.25001495460276,387.5926830910196,340.5498987793421
1704,371.8106032701709,387.5539093452959,341.2117445420592
1705,371.81060327016706,387.5539093452923,341.21174454205493
1706,371.810603270112,387.55390934523973,341.2117445419928
1707,371.81060326943816,387.55390934459683,341.2117445412331
1708,371.8106032625335,387.5539093380096,341.2117445334481
1709,371.81060320326935,387.55390928146966,341.2117444666282
1710,371.8106027775438,387.5539088753134,341.2117439866254
1711,371.8106002208642,387.55390643615686,341.21174110398584
1712,371.81058740351415,387.55389420798247,341.21172665250697
1713,371.81053386826693,387.55384313359224,341.211666291864
1714,371.8103480829087,387.55366588823745,341.211456820081
1715,371.80981450404386,387.553156836415,341.21085521338176
1716,371.8085538115062,387.5519540941848,341.20943379074606
1717,371.8061268408935,387.5496386842334,341.20669739716715
1718,371.80238413838583,387.5460680226909,341.20247752443515
1719,371.7979173547126,387.5418065638526,341.19744125489893
1720,371.79414366799705,387.53820634235467,341.1931864476742
1721,371.7926510358616,387.536782322104,341.1915035146506
1722,371.79414366799705,387.53820634235467,341.1931864476742
1723,371.7979173547126,387.5418065638526,341.19744125489893
1724,371.80238413838583,387.5460680226909,341.20247752443515
1725,371.8061268408935,387.5496386842334,341.20669739716715
1726,371.8085538115062,387.5519540941848,341.20943379074606
1727,371.80981450404386,387.553156836415,341.21085521338176
1728,372.25567473522466,386.4054033721873,341.75520719721095
1729,372.2556747352204,386.4054033721832,341.75520719720606
1730,372.2556747351576,386.40540337212326,341.7552071971353
1731,372.2556747343899,386.4054033713909,341.75520719626974
1732,372.25567472652375,386.40540336388636,341.75520718740074
1733,372.25567465900707,386.40540329947316,341.75520711127604
1734,372.2556741739987,386.40540283675927,341.75520656443234
1735,372.25567126129886,386.40540005794753,341.75520328038215
1736,372.255656659119,386.4053861269867,341.7551868165193
1737,372.2555956690311,386.4053279404328,341.755118050592
1738,372.25538401286224,386.405126013472,341.75487940963836
1739,372.2547761325675,386.40454607563663,341.7541940285601
1740,372.2533398872402,386.40317585025934,341.75257467129603
1741,372.2505749583635,386.4005380169858,341.7494572319728
1742,372.24631108051256,386.39647013698925,341.7446497374314
1743,372.2412222924161,386.3916152654315,341.7389121619541
1744,372.2369231157731,386.387513709224,341.7340648682543
1745,372.2352226330099,386.3858913926242,341.732147585
1746,372.2369231157731,386.387513709224,341.7340648682543
1747,372.2412222924161,386.3916152654315,341.7389121619541
1748,372.24631108051256,386.39647013698925,341.7446497374314
1749,372.2505749583635,386.4005380169858,341.7494572319728
1750,372.2533398872402,386.40317585025934,341.75257467129603
1751,372.2547761325675,386.40454607563663,341.7541940285601
1752,372.54361988192835,384.1774000416881,342.1387372409483
1753,372.54361988192346,384.1774000416834,342.13873724094276
1754,372.54361988185195,384.1774000416152,342.13873724086216
1755,372.54361988097827,384.17740004078166,342.13873723987706
1756,372.5436198720255,384.1774000322404,342.13873722978286
1757,372.54361979518205,384.1773999589293,342.1387371431424
1758,372.54361924317516,384.1773994322965,342.13873652075824
1759,372.5436159281176,384.17739626962236,342.13873278305243
1760,372.5435993088063,384.17738041425156,342.13871404488697
1761,372.54352989360456,384.17731418986136,342.1386357796985
1762,372.54328899944994,384.17708436889865,342.1383641731062
1763,372.5425971471384,384.17642431899174,342.1375841141253
1764,372.5409625002216,384.1748648119592,342.1357410603596
1765,372.5378156266495,384.1718625908583,342.1321929808767
1766,372.53296274069027,384.1672327777142,342.1267213835246
1767,372.5271709921539,384.161707258729,342.1201912247239
1768,372.5222779312605,384.15703911737353,342.11467433039473
1769,372.52034254539484,384.1551926954723,342.1124921954205
1770,372.5222779312605,384.15703911737353,342.11467433039473
1771,372.5271709921539,384.161707258729,342.1201912247239
1772,372.53296274069027,384.1672327777142,342.1267213835246
1773,372.5378156266495,384.1718625908583,342.1321929808767
1774,372.5409625002216,384.1748648119592,342.1357410603596
1775,372.5425971471384,384.17642431899174,342.1375841141253
1776,372.64407099517297,380.9490289347367,342.33193967210985
1777,372.6440709951674,380.9490289347314,342.3319396721036
1778,372.6440709950861,380.9490289346539,342.33193967201197
1779,372.6440709940927,380.94902893370613,342.33193967089187
1780,372.64407098391314,380.9490289239945,342.3319396594145
1781,372.64407089654003,380.94902884063765,342.33193956090184
1782,372.6440702688927,380.94902824184135,342.33193885323357
1783,372.6440664995789,380.9490246457918,342.3319346033568
1784,372.6440476029541,380.949006617789,342.33191329753527
1785,372.643968675916,380.9489313187934,342.33182430781324
1786,372.64369477248215,380.94867000589034,342.3315154834732
1787,372.6429081169313,380.9479195105686,342.33062853445665
1788,372.6410494773787,380.94614630717933,342.32853293045116
1789,372.6374713935565,380.94273269728825,342.3244986642162
1790,372.6319535256334,380.93746846943446,342.31827730402534
1791,372.6253681445352,380.931185798829,342.3108523296735
1792,372.61980459658105,380.92587799072015,342.3045794655448
1793,372.6176040083792,380.9237785570497,342.30209831666156
1794,372.61980459658105,380.92587799072015,342.3045794655448
1795,372.6253681445352,380.931185798829,342.3108523296735
1796,372.6319535256334,380.93746846943446,342.31827730402534
1797,372.6374713935565,380.94273269728825,342.3244986642162
1798,372.6410494773787,380.94614630717933,342.32853293045116
1799,372.6429081169313,380.9479195105686,342.33062853445665
1800,372.5411032856076,376.8469989827798,342.3188633678744
1801,372.5411032856013,376.8469989827737,342.3188633678673
1802,372.541103285509,376.84699898268565,342.31886336776324
1803,372.54110328438054,376.8469989816091,342.3188633664909
1804,372.5411032728174,376.84699897057743,342.31886335345354
1805,372.5411031735687,376.8469988758909,342.31886324155124
1806,372.54110246061254,376.8469981957072,342.3188624376978
1807,372.54109817898,376.8469941108887,342.31885761018503
1808,372.541076713958,376.8469736325502,342.31883340851226
1809,372.54098705929033,376.84688809904253,342.31873232345777
1810,372.54067592736504,376.84659126893166,342.3183815242358
1811,372.5397823509223,376.84573876755525,342.3173740226091
1812,372.53767108822547,376.8437245533605,342.3149935876517
1813,372.5336066773022,376.83984697138686,342.3104109907738
1814,372.527338830104,376.83386723858723,342.3033440338287
1815,372.51985837514553,376.82673063801974,342.29490986952175
1816,372.5135386391638,376.82070140161045,342.28778440831076
1817,372.5110389507357,376.8183166164666,342.28496602586796
1818,372.5135386391638,376.82070140161045,342.28778440831076
1819,372.51985837514553,376.82673063801974,342.29490986952175
1820,372.527338830104,376.83386723858723,342.3033440338287
1821,372.5336066773022,376.83984697138686,342.3104109907738
1822,372.53767108822547,376.8437245533605,342.3149935876517
1823,372.5397823509223,376.84573876755525,342.3173740226091
1824,372.2346614785577,372.0411837526402,342.0994276912103
1825,372.23466147855055,372.04118375263334,342.0994276912022
1826,372.2346614784458,372.0411837525334,342.0994276910841
1827,372.2346614771652,372.0411837513117,342.09942768964027
1828,372.23466146404326,372.04118373879294,342.09942767484534
1829,372.23466135141484,372.0411836313417,342.09942754785754
1830,372.2346605423454,372.04118285946277,342.099426635637
1831,372.2346556835079,372.0411782239717,342.09942115732935
1832,372.23463132479577,372.04115498495753,342.0993936930399
1833,372.23452958382234,372.04105792071573,342.0992789807541
1834,372.2341765083407,372.04072107506977,342.09888089044523
1835,372.2331624692555,372.0397536483623,342.0977375679728
1836,372.2307665881744,372.03746789884866,342.09503622763845
1837,372.22615425582393,372.03306758177536,342.0898358529154
1838,372.21904144293524,372.026281723859,342.08181620265066
1839,372.2105525511739,372.01818304134605,342.0722450324081
1840,372.2033808543979,372.01134100626047,342.0641589909433
1841,372.2005441840856,372.00863472929296,342.0609606636181
1842,372.2033808543979,372.01134100626047,342.0641589909433
1843,372.2105525511739,372.01818304134605,342.0722450324081
1844,372.21904144293524,372.026281723859,342.08181620265066
1845,372.22615425582393,372.03306758177536,342.0898358529154
1846,372.2307665881744,372.03746789884866,342.09503622763845
1847,372.2331624692555,372.0397536483623,342.0977375679728
1848,371.7407932826131,366.737896190414,341.68965597853247
1849,371.74079328260495,366.7378961904062,341.6896559785233
1850,371.7407932824862,366.73789619029293,341.6896559783894
1851,371.7407932810344,366.7378961889079,341.68965597675253
1852,371.740793266158,366.7378961747153,341.68965595997946
1853,371.74079313847096,366.73789605289767,341.68965581601316
1854,371.7407922212274,366.73789517781705,341.689654781827
1855,371.7407867127542,366.7378899225521,341.6896485710593
1856,371.7407590972364,366.737863576438,341.6896174347426
1857,371.74064375330323,366.73775353452424,341.6894873852082
1858,371.7402434709647,366.737371651981,341.6890360694753
1859,371.73909385294405,366.73627487850075,341.68773988263507
1860,371.7363776380502,366.7336835199724,341.68467736801057
1861,371.731148628178,366.7286948722192,341.67878169339315
1862,371.72308481881043,366.7210017323195,341.66968980078445
1863,371.7134609462334,366.71182024070225,341.65883894705496
1864,371.7053303800918,366.70406341264004,341.6496717866178
1865,371.70211444161646,366.7009953013452,341.6460458369057
1866,371.7053303800918,366.70406341264004,341.6496717866178
1867,371.7134609462334,366.71182024070225,341.65883894705496
1868,371.72308481881043,366.7210017323195,341.66968980078445
1869,371.731148628178,366.7286948722192,341.67878169339315
1870,371.7363776380502,366.7336835199724,341.68467736801057
1871,371.73909385294405,366.73627487850075,341.68773988263507
1872,371.09066829940537,361.1711162776301,341.1206944691245
1873,371.09066829939616,361.1711162776213,341.1206944691141
1874,371.09066829926167,361.17111627749296,341.1206944689624
1875,371.09066829761736,361.17111627592425,341.1206944671085
1876,371.0906682807684,361.17111625984984,341.12069444811146
1877,371.09066813615067,361.1711161218797,341.1206942850559
1878,371.09066709728495,361.1711151307676,341.12069311374154
1879,371.09066085841414,361.1711091786792,341.12068607945525
1880,371.09062958120865,361.17107933919436,341.1206508146095
1881,371.0904989432128,361.1709547062409,341.120503521119
1882,371.09004558532035,361.1705221878699,341.1199923630443
1883,371.0887435333615,361.16927998738873,341.11852430793016
1884,371.08566716115797,361.16634502691704,341.1150557182818
1885,371.0797448091897,361.1606949079534,341.10837830496115
1886,371.0706117766565,361.15198169391476,341.0980808701882
1887,371.0597118238755,361.1415827797265,341.0857912443293
1888,371.0505031829343,361.13279743277474,341.07540856156817
1889,371.0468608261545,361.12932250436387,341.07130182799165
1890,371.0505031829343,361.13279743277474,341.07540856156817
1891,371.0597118238755,361.1415827797265,341.0857912443293
1892,371.0706117766565,361.15198169391476,341.0980808701882
1893,371.0797448091897,361.1606949079534,341.10837830496115
1894,371.08566716115797,361.16634502691704,341.1150557182818
1895,371.0887435333615,361.16927998738873,341.11852430793016
1896,370.3284513765593,355.5920595772059,340.4366856783412
1897,370.32845137654886,355.5920595771959,340.4366856783294
1898,370.3284513763967,355.59205957705075,340.43668567815786
1899,370.32845137453614,355.59205957527575,340.4366856760601
1900,370.32845135547177,355.59205955708774,340.43668565456517
1901,370.32845119183827,355.5920594009759,340.43668547006945
1902,370.32845001637236,355.5920582795427,340.4366841447392
1903,370.32844295715375,355.5920515448155,340.4366761855162
1904,370.3284075673153,355.59201778174327,340.43663628370354
1905,370.3282597517578,355.5918767608298,340.436469622624
1906,370.32774678193454,355.5913873707122,340.435891252485
1907,370.3262735234464,355.5899818335596,340.43423016312283
1908,370.3227926397301,355.58666095577297,340.43030548937503
1909,370.31609155898803,355.58026790389414,340.42275006442736
1910,370.30575762599085,355.5704089912343,340.4110986221929
1911,370.29342444078634,355.5586427260782,340.3971930360994
1912,370.2830049576481,355.5487021957641,340.38544513663726
1913,370.2788836681665,355.5447703497713,340.38079840955487
1914,370.2830049576481,355.5487021957641,340.38544513663726
1915,370.29342444078634,355.5586427260782,340.3971930360994
1916,370.30575762599085,355.5704089912343,340.4110986221929
1917,370.31609155898803,355.58026790389414,340.42275006442736
1918,370.3227926397301,355.58666095577297,340.43030548937503
1919,370.3262735234464,355.5899818335596,340.43423016312283
1920,369.5081847958052,350.2575810616652,339.6916506066145
1921,369.50818479579345,350.2575810616539,339.6916506066012
1922,369.5081847956214,350.2575810614898,339.69165060640717
1923,369.5081847935183,350.25758105948336,339.691650604036
1924,369.5081847719682,350.2575810389239,339.6916505797384
1925,369.5081845869993,350.2575808624574,339.6916503711871
1926,369.5081832582698,350.2575795948057,339.6916488730533
1927,369.5081752786325,350.25757198196874,339.69163987606413
1928,369.5081352744775,350.2575338166864,339.6915947716396
1929,369.5079681859366,350.2573744087116,339.6914063803966
1930,369.50738833236255,350.2568212092914,339.69075259926365
1931,369.5057229825484,350.2552324106829,339.68887492818084
1932,369.50178824258467,350.25147853907833,339.6844385344664
1933,369.4942134390736,350.24425192688216,339.67589799278
1934,369.4825321125887,350.2331075564282,339.66272737315256
1935,369.4685908606943,350.21980714265214,339.64700870232633
1936,369.456812829583,350.20857051279745,339.6337290488617
1937,369.45215418432315,350.20412601168226,339.62847645663464
1938,369.456812829583,350.20857051279745,339.6337290488617
1939,369.4685908606943,350.21980714265214,339.64700870232633
1940,369.4825321125887,350.2331075564282,339.66272737315256
1941,369.4942134390736,350.24425192688216,339.67589799278
1942,369.50178824258467,350.25147853907833,339.6844385344664
1943,369.5057229825484,350.2552324106829,339.68887492818084
1944,368.6899076871373,345.41798972025913,338.9456081751777
1945,368.68990768712393,345.41798972024645,338.9456081751627
1946,368.6899076869297,345.4179897200611,338.94560817494363
1947,368.6899076845547,345.4179897177953,338.94560817226585
1948,368.6899076602186,345.4179896945778,338.945608144827
1949,368.68990745133647,345.41798949529743,338.9456079093139
1950,368.6899059508262,345.41798806376113,338.94560621749827
1951,368.6898969395654,345.4179794667214,338.9455960573604
1952,368.68985176359337,345.41793636735514,338.9455451217457
1953,368.6896630735119,345.4177563507987,338.9453323749063
1954,368.6890082553089,345.4171316326519,338.94459407164186
1955,368.6871276057425,345.415337430984,338.9424736514889
1956,368.6826841747326,345.4110982513561,338.9374637119287
1957,368.67413008548505,345.40293736829256,338.92781903194447
1958,368.66093857376654,345.39035223135386,338.91294568828965
1959,368.64519496896514,345.37533231350346,338.8951948762846
1960,368.6318942504529,345.3626429896843,338.88019840268015
1961,368.6266333262234,345.3576238945824,338.8742667448324
1962,368.6318942504529,345.3626429896843,338.88019840268015
1963,368.64519496896514,345.37533231350346,338.8951948762846
1964,368.66093857376654,345.39035223135386,338.91294568828965
1965,368.67413008548505,345.40293736829256,338.92781903194447
1966,368.6826841747326,345.4110982513561,338.9374637119287
1967,368.6871276057425,345.415337430984,338.9424736514889
1968,367.9352981708153,341.3048994472679,338.26021739033575
1969,367.93529817080025,341.30489944725355,338.2602173903188
1970,367.9352981705811,341.3048994470445,338.26021739007166
1971,367.9352981679017,341.3048994444882,338.26021738705066
1972,367.93529814044615,341.3048994182947,338.26021735609476
1973,367.93529790478965,341.30489919347065,338.26021709039355
1974,367.9352962119444,341.30489757844043,338.2602151817215
1975,367.93528604562266,341.30488787943455,338.26020371925995
1976,367.93523507900704,341.3048392556035,338.2601462547323
1977,367.93502220268334,341.3046361645748,338.25990623806206
1978,367.9342834500649,341.30393137022935,338.2590732992902
1979,367.9321617393591,341.30190718828976,338.25668108427067
1980,367.92714875059585,341.297124631794,338.2510289720484
1981,367.9174982005632,341.2879176890048,338.2401480396612
1982,367.90261580453466,341.273719392707,338.2233682349456
1983,367.8848541888403,341.2567742259561,338.20334212878544
1984,367.86984858792147,341.24245838813243,338.18642341135745
1985,367.86391331988466,341.2367959468137,338.1797314352535
1986,367.86984858792147,341.24245838813243,338.18642341135745
1987,367.8848541888403,341.2567742259561,338.20334212878544
1988,367.90261580453466,341.273719392707,338.2233682349456
1989,367.9174982005632,341.2879176890048,338.2401480396612
1990,367.92714875059585,341.297124631794,338.2510289720484
1991,367.9321617393591,341.30190718828976,338.25668108427067
1992,367.3031597066479,338.11975666646293,337.6942637157431
1993,367.30315970663094,338.11975666644673,337.694263715724
1994,367.3031597063839,338.11975666621106,337.69426371544546
1995,367.303159703364,338.11975666333,337.69426371204054
1996,367.30315967241944,338.11975663380787,337.69426367715073
1997,367.30315940681606,338.1197563804135,337.69426337768465
1998,367.3031574988465,338.1197545601476,337.6942612264614
1999,367.3031460406037,338.1197436286064,337.69424830736716
2000,367.30308859722584,338.11968882573075,337.6941835403323
2001,367.30284866889355,338.1194599261943,337.69391302269827
2002,367.3020160366841,338.118665567625,337.6929742352982
2003,367.29962470211734,338.1163841556359,337.6902780211293
2004,367.29397467015036,338.11099383892844,337.6839076468387
2005,367.28309774248146,338.10061689145596,337.6716439816439
2006,367.2663241135593,338.08461429664726,337.65273182414273
2007,367.2463053779911,338.06551576314774,337.63016083000696
2008,367.2293928874833,338.0493806898098,337.6110921069712
2009,367.22270337435566,338.04299867381644,337.60354972443355
2010,367.2293928874833,338.0493806898098,337.6110921069712
2011,367.2463053779911,338.06551576314774,337.63016083000696
2012,367.2663241135593,338.08461429664726,337.65273182414273
2013,367.28309774248146,338.10061689145596,337.6716439816439
2014,367.29397467015036,338.11099383892844,337.6839076468387
2015,367.29962470211734,338.1163841556359,337.6902780211293
2016,366.84508529570417,336.0236632285924,337.2993232978628
2017,366.84508529568507,336.02366322857415,337.29932329784134
2018,366.84508529540693,336.0236632283088,337.29932329752774
2019,366.84508529200656,336.02366322506475,337.2993232936938
2020,366.8450852571637,336.0236631918235,337.2993232544087
2021,366.8450849581,336.0236629065069,337.29932291721633
2022,366.84508280976746,336.0236608569269,337.2993204949854
2023,366.8450699080336,336.02364854824754,337.2993059483644
2024,366.84500522803114,336.0235868413935,337.2992330220824
2025,366.84473507391215,336.0233291054604,337.29892842507047
2026,366.84379754803183,336.02243467487204,337.29787137073885
2027,366.8411049569702,336.0198658542581,337.29483549183146
2028,366.8347431430341,336.0137964740936,337.28766258800067
2029,366.82249595745526,336.0021122554148,337.27385396592564
2030,366.8036092136528,335.98409367936733,337.2525592851423
2031,366.7810685498717,335.96258914323613,337.2271448333509
2032,366.7620254509236,335.9444213992267,337.205673863158
2033,366.75449320365675,335.9372353870901,337.19718130336014
2034,366.7620254509236,335.9444213992267,337.205673863158
2035,366.7810685498717,335.96258914323613,337.2271448333509
2036,366.8036092136528,335.98409367936733,337.2525592851423
2037,366.82249595745526,336.0021122554148,337.27385396592564
2038,366.8347431430341,336.0137964740936,337.28766258800067
2039,366.8411049569702,336.0198658542581,337.29483549183146
2040,366.6016206202039,335.1290548120183,337.1159261303715
2041,366.6016206201825,335.12905481199783,337.11592613034736
2042,366.60162061986955,335.12905481169935,337.11592612999453
2043,366.6016206160446,335.12905480805017,337.11592612568194
2044,366.60162057685056,335.1290547706578,337.1159260814909
2045,366.60162024043996,335.129054449711,337.11592570219017
2046,366.6016178238251,335.1290521441808,337.1159229774726
2047,366.6016033109312,335.12903829840167,337.1159066142791
2048,366.60153055373235,335.128968885636,337.1158245810107
2049,366.6012266629439,335.1286789638084,337.11548194612345
2050,366.6001720594454,335.12767283731375,337.1142928875389
2051,366.5971432193749,335.1247832240635,337.11087789006126
2052,366.5899869462798,335.11795590367785,337.10280923869647
2053,366.57621034018456,335.1048125674205,337.0872762049377
2054,366.5549650321819,335.08454384339365,337.0633222583606
2055,366.529609505066,335.0603538348702,337.03473406646924
2056,366.5081883163895,335.039917314884,337.0105818155765
2057,366.4997154470156,335.03183391825667,337.0010287104714
2058,366.5081883163895,335.039917314884,337.0105818155765
2059,366.529609505066,335.0603538348702,337.03473406646924
2060,366.5549650321819,335.08454384339365,337.0633222583606
2061,366.57621034018456,335.1048125674205,337.0872762049377
2062,366.5899869462798,335.11795590367785,337.10280923869647
2063,366.5971432193749,335.1247832240635,337.11087789006126
2064,366.59921084302715,335.493703154399,337.17050287896745
2065,366.59921084300305,335.49370315437596,337.1705028789403
2066,366.5992108426514,335.4937031540405,337.1705028785438
2067,366.599210838353,335.4937031499396,337.1705028736974
2068,366.59921079430745,335.49370310791875,337.1705028240363
2069,366.5992104162555,335.49370274724475,337.1705023977852
2070,366.59920770050877,335.4937001563328,337.1704993357984
2071,366.599191391189,335.49368459670427,337.1704809471464
2072,366.59910962800467,335.49360659193167,337.17038875968797
2073,366.59876812119916,335.493280783184,337.17000371298616
2074,366.59758297743855,335.49215011697703,337.1686674711052
2075,366.5941792234052,335.48890282345,337.16482976057324
2076,366.58613713704744,335.4812304080176,337.1557623605168
2077,366.5706552438242,335.46646017163806,337.1383066266137
2078,366.5467801625655,335.44368255725425,337.1113876277965
2079,366.5182860936552,335.4164982764205,337.0792607504474
2080,366.49421336097254,335.3935320960641,337.0521189009354
2081,366.4846917082495,335.3844481255564,337.04138329942623
2082,366.49421336097254,335.3935320960641,337.0521189009354
2083,366.5182860936552,335.4164982764205,337.0792607504474
2084,366.5467801625655,335.44368255725425,337.1113876277965
2085,366.5706552438242,335.46646017163806,337.1383066266137
2086,366.58613713704744,335.4812304080176,337.1557623605168
2087,366.5941792234052,335.48890282345,337.16482976057324
2088,366.8481583046391,337.1173899048603,337.47334260438464
2089,366.84815830461207,337.11738990483445,337.47334260435406
2090,366.8481583042173,337.11738990445787,337.473342603909
2091,366.8481582993915,337.1173898998539,337.473342598468
2092,366.8481582499423,337.11738985267766,337.47334254271425
2093,366.84815782550925,337.1173894477546,337.4733420641688
2094,366.8481547765826,337.11738653897805,337.4733386265238
2095,366.8481364663627,337.11736907042484,337.47331798186997
2096,366.8480446721063,337.1172814956789,337.473214484443
2097,366.84766126772297,337.11691571526114,337.4727821984947
2098,366.84633072524076,337.1156463338818,337.47128202050095
2099,366.8425093834838,337.11200064790376,337.4669734825269
2100,366.8334806581085,337.1033869463315,337.45679365339606
2101,366.8160993771842,337.0868046314861,337.43719637221506
2102,366.78929519448735,337.06123255779437,337.40697483057943
2103,366.7573053461357,337.0307131881614,337.3709064846496
2104,366.7302792632568,337.0049294143828,337.3404347520021
2105,366.7195894517165,336.9947309818638,337.32838205902516
2106,366.7302792632568,337.0049294143828,337.3404347520021
2107,366.7573053461357,337.0307131881614,337.3709064846496
2108,366.78929519448735,337.06123255779437,337.40697483057943
2109,366.8160993771842,337.0868046314861,337.43719637221506
2110,366.8334806581085,337.1033869463315,337.45679365339606
2111,366.8425093834838,337.11200064790376,337.4669734825269
2112,367.3417440041639,339.94145754484055,338.0177142703477
2113,367.3417440041335,339.94145754481156,338.01771427031343
2114,367.34174400369074,339.9414575443892,338.01771426981423
2115,367.3417439982782,339.94145753922544,338.01771426371164
2116,367.3417439428165,339.94145748631314,338.01771420117893
2117,367.34174346677725,339.941457032156,338.01771366444774
2118,367.3417400471358,339.94145376970533,338.01770980882424
2119,367.3417195106015,339.9414341771748,338.0176866540154
2120,367.34161655520785,339.9413359543361,338.0175705724788
2121,367.34118653321343,339.940925699181,338.0170857254773
2122,367.33969421190295,339.9395019754676,338.0154031429069
2123,367.3354082384635,339.93541301555143,338.0105707357332
2124,367.32528172280195,339.9257519858656,337.9991531551954
2125,367.30578707586307,339.907153450191,337.97717306758005
2126,367.27572380950005,339.87847210327055,337.9432769303104
2127,367.2398443595356,339.84424192550745,337.9028230838631
2128,367.209532212453,339.8153231381779,337.86864633520094
2129,367.1975426414467,339.80388469229166,337.85512817188084
2130,367.209532212453,339.8153231381779,337.86864633520094
2131,367.2398443595356,339.84424192550745,337.9028230838631
2132,367.27572380950005,339.87847210327055,337.9432769303104
2133,367.30578707586307,339.907153450191,337.97717306758005
2134,367.32528172280195,339.9257519858656,337.9991531551954
2135,367.3354082384635,339.93541301555143,338.0105707357332
2136,368.0565800360408,343.8512869684197,338.7802192078971
2137,368.0565800360068,343.8512869683872,338.78021920785875
2138,368.0565800355107,343.85128696791395,338.7802192072994
2139,368.05658002944597,343.85128696212803,338.7802192004615
2140,368.05657996730145,343.8512869028401,338.78021913039396
2141,368.0565794339024,343.8512863939598,338.78021852898996
2142,368.0565756022151,343.8512827384039,338.7802142087875
2143,368.0565525911546,343.85126078509376,338.78018826396647
2144,368.0564372302686,343.8511507270065,338.78005819531785
2145,368.0559553932658,343.85069103862565,338.77951492723145
2146,368.0542832564057,343.8490957649517,338.7776296037986
2147,368.0494808494986,343.84451411048695,338.7722149212493
2148,368.03813415091395,343.8336889860784,338.7594215924029
2149,368.01629051878814,343.8128494411188,338.73479303926877
2150,367.98260481352787,343.78071216810383,338.6968126257056
2151,367.9424021102751,343.74235746422,338.6514843392975
2152,367.9084375356976,343.7099541406855,338.6131895023931
2153,367.8950032950454,343.6971374323443,338.5980424834444
2154,367.9084375356976,343.7099541406855,338.6131895023931
2155,367.9424021102751,343.74235746422,338.6514843392975
2156,367.98260481352787,343.78071216810383,338.6968126257056
2157,368.01629051878814,343.8128494411188,338.73479303926877
2158,368.03813415091395,343.8336889860784,338.7594215924029
2159,368.0494808494986,343.84451411048695,338.7722149212493
2160,368.9541694206026,348.6815911575319,339.72235097440864
2161,368.95416942056454,348.6815911574956,339.7223509743657
2162,368.95416942000924,348.6815911569658,339.7223509737396
2163,368.95416941322037,348.681591150489,339.7223509660852
2164,368.9541693436558,348.6815910841221,339.7223508876516
2165,368.9541687465688,348.6815905144814,339.72235021443987
2166,368.9541644573775,348.6815864224515,339.72234537840455
2167,368.95413869879275,348.68156184791275,339.7223163357678
2168,368.95400956379865,348.6814386488724,339.72217073690194
2169,368.9534701953815,348.6809240736262,339.7215626025201
2170,368.95159840511593,348.6791383240233,339.7194521711712
2171,368.94622259006456,348.6740096192909,339.7133909746693
2172,368.93352109387456,348.6618919733161,339.69907012033536
2173,368.90906932861844,348.63856418339265,339.6715009140622
2174,368.871361544823,348.6025897148974,339.6289856331133
2175,368.8263586324441,348.55965545330434,339.5782451421397
2176,368.78833868229077,348.52338316781544,339.5353778956528
2177,368.7733003911801,348.5090361424714,339.5184223202462
2178,368.78833868229077,348.52338316781544,339.5353778956528
2179,368.8263586324441,348.55965545330434,339.5782451421397
2180,368.871361544823,348.6025897148974,339.6289856331133
2181,368.90906932861844,348.63856418339265,339.6715009140622
2182,368.93352109387456,348.6618919733161,339.69907012033536
2183,368.94622259006456,348.6740096192909,339.7133909746693
2184,369.98356073527657,354.2242594954107,340.7931500139864
2185,369.98356073523394,354.22425949537006,340.7931500139384
2186,369.9835607346129,354.2242594947776,340.7931500132382
2187,369.9835607270209,354.22425948753454,340.7931500046782
2188,369.9835606492263,354.2242594133159,340.7931499169653
2189,369.9835599814994,354.22425877628245,340.7931491641076
2190,369.9835551848645,354.2242542001346,340.7931437559329
2191,369.9835263788452,354.2242267182429,340.7931112773336
2192,369.9833819662093,354.22408894382875,340.79294845302593
2193,369.9827787864483,354.22351349045744,340.79226837176896
2194,369.9806855493043,354.22151647323426,340.7899082605052
2195,369.97467373486586,354.2157810041256,340.78312997883125
2196,369.9604695560658,354.202229749416,340.76711485962903
2197,369.9331249629186,354.1761421063441,340.73628400872593
2198,369.8909560644539,354.13591158742724,340.68873885000596
2199,369.84062896878004,354.08789787949905,340.6319953769999
2200,369.7981109723275,354.0473343095963,340.5840566125694
2201,369.78129353817735,354.03128992315646,340.5650950649587
2202,369.7981109723275,354.0473343095963,340.5840566125694
2203,369.84062896878004,354.08789787949905,340.6319953769999
2204,369.8909560644539,354.13591158742724,340.68873885000596
2205,369.9331249629186,354.1761421063441,340.73628400872593
2206,369.9604695560658,354.202229749416,340.76711485962903
2207,369.97467373486586,354.2157810041256,340.78312997883125
2208,371.08490421679244,360.23834692313386,341.9327597895813
2209,371.08490421674486,360.23834692308844,341.93275978952767
2210,371.08490421605103,360.2383469224265,341.9327597887454
2211,371.0849042075691,360.23834691433444,341.93275977918205
2212,371.0849041206558,360.23834683141627,341.9327596811878
2213,371.08490337466066,360.23834611971233,341.9327588400832
2214,371.0848980157835,360.2383410071669,341.93275279798405
2215,371.08486583323895,360.23831030395877,341.93271651237444
2216,371.08470449313677,360.2381563801839,341.9325346024587
2217,371.08403061107896,360.2375134744913,341.93177480482194
2218,371.08169201312654,360.2352823749704,341.92913805084265
2219,371.0749755180669,360.2288746173245,341.9215652463521
2220,371.0591063827643,360.2137349392388,341.90367289952354
2221,371.0285565667875,360.18458940795125,341.8692281807292
2222,370.98144480026343,360.1396432300012,341.8161099704246
2223,370.9252185655847,360.0860015490415,341.7527152565631
2224,370.87771678121584,360.0406832812134,341.69915730367535
2225,370.8589280753198,360.02275823655975,341.67797315999377
2226,370.87771678121584,360.0406832812134,341.69915730367535
2227,370.9252185655847,360.0860015490415,341.7527152565631
2228,370.98144480026343,360.1396432300012,341.8161099704246
2229,371.0285565667875,360.18458940795125,341.8692281807292
2230,371.0591063827643,360.2137349392388,341.90367289952354
2231,371.0749755180669,360.2288746173245,341.9215652463521
2232,372.1936495434318,366.4616847789774,343.07662459582343
2233,372.1936495433786,366.4616847789267,343.0766245957636
2234,372.19364954260425,366.46168477818793,343.0766245948904
2235,372.1936495331373,366.4616847691562,343.0766245842166
2236,372.1936494361311,366.4616846766091,343.0766244748427
2237,372.193648603507,366.4616838822582,343.0766235360644
2238,372.19364262232773,366.4616781760161,343.07661679232365
2239,372.19360670257026,366.46164390738363,343.07657629303077
2240,372.1934266267737,366.46147210913887,343.0763732587415
2241,372.19267448984874,366.46075454572394,343.0755252292511
2242,372.1900643211223,366.45826435873425,343.07258228099056
2243,372.18256786995227,366.45111249725375,343.0641300810591
2244,372.1648559239375,366.4342147170142,343.0441599771396
2245,372.1307584963824,366.4016846473605,343.0057153493671
2246,372.07817585407565,366.35151907360734,342.9464287622043
2247,372.0154203217638,366.29164822751625,342.875672307733
2248,371.9624023706087,366.24106735477505,342.81589491267516
2249,371.9414318175085,366.2210607559804,342.79225075046327
2250,371.9624023706087,366.24106735477505,342.81589491267516
2251,372.0154203217638,366.29164822751625,342.875672307733
2252,372.07817585407565,366.35151907360734,342.9464287622043
2253,372.1307584963824,366.4016846473605,343.0057153493671
2254,372.1648559239375,366.4342147170142,343.0441599771396
2255,372.18256786995227,366.45111249725375,343.0641300810591
2256,373.2450782420065,372.623502774515,344.1600219972041
2257,373.2450782419473,372.6235027744585,344.16002199713733
2258,373.2450782410838,372.62350277363464,344.1600219961638
2259,373.24507823052784,372.623502763564,344.160021984262
2260,373.24507812236243,372.6235026603706,344.1600218623062
2261,373.24507719395655,372.6235017746407,344.16002081553455
2262,373.24507052472615,372.62349541197517,344.16001329602074
2263,373.2450304729024,372.6234572012153,344.15996813784994
2264,373.244829681901,372.6232656399824,344.159741747302
2265,373.2439910221298,372.6224655309205,344.15879616386525
2266,373.24108058995404,372.6196888827043,344.1555146705188
2267,373.23272177679854,372.61171429946836,344.1460901630581
2268,373.21297231882164,372.5928726656656,344.1238227776548
2269,373.1749524585499,372.5566004659267,344.0809556325089
2270,373.11632091779836,372.5006640437006,344.01484895169625
2271,373.0463462381568,372.43390589313185,343.9359529555695
2272,372.98722931235494,372.3775063975707,343.86929900626996
2273,372.9638463900684,372.35519831906663,343.84293491349246
2274,372.98722931235494,372.3775063975707,343.86929900626996
2275,373.0463462381568,372.43390589313185,343.9359529555695
2276,373.11632091779836,372.5006640437006,344.01484895169625
2277,373.1749524585499,372.5566004659267,344.0809556325089
2278,373.21297231882164,372.5928726656656,344.1238227776548
2279,373.23272177679854,372.61171429946836,344.1460901630581
2280,374.17883909649606,378.45739929714307,345.1225982684664
2281,374.17883909643007,378.45739929708014,345.122598268392
2282,374.1788390954682,378.45739929616246,345.12259826730747
2283,374.1788390837094,378.4573992849442,345.12259825404954
2284,374.1788389632188,378.4573991699922,345.1225981181972
2285,374.1788379290232,378.4573981833355,345.12259695214834
2286,374.17883049984965,378.4573910956591,345.1225885758035
2287,374.1787858842143,378.45734853087254,345.12253827196486
2288,374.1785622135482,378.45713514168546,345.1222860847438
2289,374.17762799045886,378.45624386206856,345.1212327542874
2290,374.1743859213481,378.4531508212864,345.11757734245396
2291,374.165074640996,378.444267552954,345.1070789344247
2292,374.1430747785032,378.4232789590753,345.0822742325681
2293,374.10072264413304,378.38287362706563,345.0345224765567
2294,374.0354101765309,378.32056338043736,344.96088309417786
2295,373.957462045909,378.2461982948484,344.8729970839363
2296,373.891608884766,378.18337220876225,344.7987480731073
2297,373.865561533209,378.1585221769213,344.7693798536588
2298,373.891608884766,378.18337220876225,344.7987480731073
2299,373.957462045909,378.2461982948484,344.8729970839363
2300,374.0354101765309,378.32056338043736,344.96088309417786
2301,374.10072264413304,378.38287362706563,345.0345224765567
2302,374.1430747785032,378.4232789590753,345.0822742325681
2303,374.165074640996,378.444267552954,345.1070789344247
2304,374.9431548817029,383.71398303750453,345.91257516048233
2305,374.9431548816295,383.7139830374345,345.9125751603995
2306,374.94315488055906,383.71398303641325,345.9125751591926
2307,374.9431548674732,383.71398302392896,345.9125751444384
2308,374.943154733384,383.7139828960034,345.9125749932537
2309,374.9431535824687,383.7139817979923,345.9125736956042
2310,374.943145314836,383.7139739103982,345.9125643739021
2311,374.94309566386437,383.7139265417349,345.91250839275455
2312,374.94284674964837,383.71368906936925,345.91222774359517
2313,374.9418070898131,383.7126971996218,345.91105553389366
2314,374.9381991196441,383.7092550771709,345.9069875709971
2315,374.9278369649219,383.69936924005515,345.8953043089512
2316,374.903354190223,383.67601186610136,345.8677001397331
2317,374.8562221790962,383.631046374133,345.81455910377053
2318,374.78353852346646,383.5617037711905,345.73260875483845
2319,374.69679313945164,383.4789458159292,345.63480389862053
2320,374.6235077674182,383.40902915570643,345.5521751183573
2321,374.5945207026181,383.381374540546,345.51949239134944
2322,374.6235077674182,383.40902915570643,345.5521751183573
2323,374.69679313945164,383.4789458159292,345.63480389862053
2324,374.78353852346646,383.5617037711905,345.73260875483845
2325,374.8562221790962,383.631046374133,345.81455910377053
2326,374.903354190223,383.67601186610136,345.8677001397331
2327,374.9278369649219,383.69936924005515,345.8953043089512
2328,375.4983932068658,388.17253340185454,346.4903207764601
2329,375.49839320678416,388.17253340177666,346.4903207763681
2330,375.4983932055941,388.17253340064127,346.4903207750263
2331,375.4983931910456,388.17253338676153,346.49032075862294
2332,375.49839304196865,388.17253324453725,346.4903205905397
2333,375.49839176241085,388.1725320237969,346.49031914784655
2334,375.49838257067086,388.17252325457406,346.49030878421956
2335,375.4983273700064,388.17247059132086,346.4902465458294
2336,375.498050633627,388.17220657569436,346.4899345273617
2337,375.4968947667452,388.17110384059464,346.4886312949712
2338,375.4928835189435,388.16727697799115,346.484108639167
2339,375.48136314366235,388.1562861602901,346.4711194909749
2340,375.45414382875964,388.1303180367923,346.4404298904775
2341,375.4017436793224,388.0803265672512,346.38134906283796
2342,375.32093587321384,388.0032332570001,346.2902387870867
2343,375.2244946016301,387.9112251054458,346.18150188070433
2344,375.143017822806,387.83349357317644,346.08963734256787
2345,375.1107907548121,387.80274788818673,346.0533015330345
2346,375.143017822806,387.83349357317644,346.08963734256787
2347,375.2244946016301,387.9112251054458,346.18150188070433
2348,375.32093587321384,388.0032332570001,346.2902387870867
2349,375.4017436793224,388.0803265672512,346.38134906283796
2350,375.45414382875964,388.1303180367923,346.4404298904775
2351,375.48136314366235,388.1562861602901,346.4711194909749
2352,375.8197414151832,391.6510884680631,346.83102450432165
2353,375.8197414150925,391.6510884679766,346.83102450421944
2354,375.8197414137707,391.6510884667156,346.8310245027291
2355,375.81974139761184,391.6510884512995,346.83102448451007
2356,375.8197412320338,391.6510882933325,346.83102429782184
2357,375.8197398108431,391.65108693746976,346.8310226954386
2358,375.8197296016794,391.6510771975911,346.83101118467295
2359,375.8196682909131,391.6510187050995,346.8309420571828
2360,375.81936092288356,391.6507254658692,346.83059550172885
2361,375.81807711434845,391.64950067021556,346.8291480159564
2362,375.81362186587177,391.64525021633494,346.82412475227926
2363,375.80082631272734,391.63304283692565,346.80969784934103
2364,375.7705941213365,391.6042003299613,346.7756112502014
2365,375.7123938561074,391.54867535879737,346.7099908297349
2366,375.6226415214554,391.46304867352666,346.6087956562331
2367,375.5155252699659,391.36085623932155,346.48802277944526
2368,375.425029914733,391.27452068792843,346.3859898550716
2369,375.3892356674848,391.24037179636474,346.34563207413265
2370,375.425029914733,391.27452068792843,346.3859898550716
2371,375.5155252699659,391.36085623932155,346.48802277944526
2372,375.6226415214554,391.46304867352666,346.6087956562331
2373,375.7123938561074,391.54867535879737,346.7099908297349
2374,375.7705941213365,391.6042003299613,346.7756112502014
2375,375.80082631272734,391.63304283692565,346.80969784934103
2376,375.8987918479204,394.01446330314593,346.92628231379285
2377,375.8987918478198,394.0144633030499,346.92628231367945
2378,375.8987918463531,394.01446330165066,346.92628231202576
2379,375.8987918284231,394.0144632845449,346.92628229180985
2380,375.8987916446969,394.014463109264,346.9262820846597
2381,375.8987900677369,394.0144616047922,346.9262803066476
2382,375.8987787396,394.01445079737624,346.9262675342469
2383,375.8987107088801,394.01438589382735,346.92619083005275
2384,375.8983696518424,394.014060514173,346.92580629046125
2385,375.89694513174334,394.0127014750499,346.9242001533157
2386,375.8920015666961,394.0079851510672,346.9186263158817
2387,375.87780355964526,393.99443978440985,346.90261815528663
2388,375.84425777528696,393.9624360005468,346.8647955016303
2389,375.7796784822501,393.9008252266175,346.7919827688047
2390,375.68008886186936,393.8058134465491,346.679696119633
2391,375.56123215620465,393.69242023212485,346.5456859571316
2392,375.4608180766287,393.5966218908121,346.43246973558024
2393,375.4211006084527,393.5587301171837,346.3876885485648
2394,375.4608180766287,393.5966218908121,346.43246973558024
2395,375.56123215620465,393.69242023212485,346.5456859571316
2396,375.68008886186936,393.8058134465491,346.679696119633
2397,375.7796784822501,393.9008252266175,346.7919827688047
2398,375.84425777528696,393.9624360005468,346.8647955016303
2399,375.87780355964526,393.99443978440985,346.90261815528663
2400,375.74392442590676,395.1798222257757,346.7844793708707
2401,375.7439244257952,395.1798222256693,346.784479370745
2402,375.7439244241694,395.17982222411814,346.78447936891183
2403,375.74392440429364,395.17982220515603,346.78447934650205
2404,375.7439242006291,395.1798220108534,346.78447911687164
2405,375.7439224525347,395.1798203431137,346.7844771459066
2406,375.7439098950489,395.17980836285835,346.784462987423
2407,375.7438344815183,395.17973641586474,346.7843779591578
2408,375.7434564123843,395.1793757254507,346.7839516886685
2409,375.7418773009142,395.17786920106465,346.7821712507577
2410,375.73639725168607,395.17264105349227,346.7759925308994
2411,375.7206584524923,395.15762572034987,346.7582471371857
2412,375.6834722219233,395.1221488308218,346.7163199041071
2413,375.61188467294255,395.05385194974735,346.6356054082918
2414,375.5014874156836,394.94852932790445,346.5111332188411
2415,375.3697321759101,394.82283048683695,346.36258004303403
2416,375.2584209877262,394.71663594477076,346.23707740241036
2417,375.2143933115976,394.67463209070183,346.18743648396526
2418,375.2584209877262,394.71663594477076,346.23707740241036
2419,375.3697321759101,394.82283048683695,346.36258004303403
2420,375.5014874156836,394.94852932790445,346.5111332188411
2421,375.61188467294255,395.05385194974735,346.6356054082918
2422,375.6834722219233,395.1221488308218,346.7163199041071
2423,375.7206584524923,395.15762572034987,346.7582471371857
2424,375.3794624487975,395.11956844858645,346.42994586987413
2425,375.37946244867396,395.1195684484686,346.42994586973487
2426,375.3794624468734,395.1195684467508,346.42994586770476
2427,375.3794624248622,395.1195684257514,346.42994584288726
2428,375.37946219931604,395.11956821057294,346.42994558858544
2429,375.3794602634069,395.1195663636518,346.42994340586046
2430,375.3794463567485,395.1195530962413,346.42992772619357
2431,375.3793628408102,395.11947341928374,346.4298335625164
2432,375.3789441520391,395.1190739763972,346.42936149365045
2433,375.37719538129454,395.11740559147177,346.42738976601134
2434,375.3711265571804,395.11161573325353,346.4205472062989
2435,375.35369678600523,395.0949871571108,346.40089525267564
2436,375.31251527770195,395.05569864094974,346.3544633699399
2437,375.23323638339997,394.98006396295136,346.2650769323054
2438,375.1109780771153,394.86342550942743,346.12723148723165
2439,374.96506709292254,394.72422162164594,345.9627178016717
2440,374.8417966632417,394.606617569045,345.8237311940524
2441,374.79303866646916,394.56010083318216,345.7687568698509
2442,374.8417966632417,394.606617569045,345.8237311940524
2443,374.96506709292254,394.72422162164594,345.9627178016717
2444,375.1109780771153,394.86342550942743,346.12723148723165
2445,375.23323638339997,394.98006396295136,346.2650769323054
2446,375.31251527770195,395.05569864094974,346.3544633699399
2447,375.35369678600523,395.0949871571108,346.40089525267564
2448,374.84366817109174,393.8614647958603,345.90095264188955
2449,374.8436681709551,393.86146479572994,345.9009526417355
2450,374.843668168963,393.8614647938295,345.9009526394895
2451,374.8436681446107,393.86146477059657,345.9009526120324
2452,374.8436678950758,393.861464532532,345.90095233068337
2453,374.8436657532657,393.86146248917464,345.90094991580645
2454,374.84365036751245,393.86144781065894,345.9009325684698
2455,374.84355796892334,393.86135965935966,345.9008283896615
2456,374.84309474893735,393.8609177322265,345.90030611214047
2457,374.8411599811201,393.85907189996374,345.89812467401174
2458,374.8344456844514,393.8526662396553,345.8905543481928
2459,374.81516210457903,393.83426906891845,345.8688122373219
2460,374.76960058247676,393.7908018752389,345.8174419175188
2461,374.68188968397396,393.70712278733515,345.71854844999615
2462,374.5466281368993,393.57807881354313,345.56604193551476
2463,374.38519824262977,393.42406937408396,345.3840307797902
2464,374.2488169239784,393.2939571013029,345.2302617301399
2465,374.19487308755413,393.2424929035001,345.16944040546383
2466,374.2488169239784,393.2939571013029,345.2302617301399
2467,374.38519824262977,393.42406937408396,345.3840307797902
2468,374.5466281368993,393.57807881354313,345.56604193551476
2469,374.68188968397396,393.70712278733515,345.71854844999615
2470,374.76960058247676,393.7908018752389,345.8174419175188
2471,374.81516210457903,393.83426906891845,345.8688122373219
2472,374.1857303656607,391.4860507043445,345.24669875016184
2473,374.18573036550964,391.4860507042004,345.24669874999154
2474,374.1857303633079,391.4860507020999,345.2466987475091
2475,374.1857303363918,391.48605067642103,345.2466987171614
2476,374.1857300605861,391.4860504132933,345.2466984061922
2477,374.18572769328875,391.4860481548136,345.24669573707985
2478,374.1857106877411,391.4860319309607,345.2466765634355
2479,374.1856085615347,391.48593449919395,345.2465614168021
2480,374.1850965742812,391.4854460464803,345.24598415450413
2481,374.1829581163328,391.48340588711926,345.24357305707747
2482,374.175536946231,391.47632584625893,345.23520573606066
2483,374.154223213242,391.45599184254,345.21117464075655
2484,374.10386502647975,391.4079484726888,345.15439611275053
2485,374.0069200254332,391.31545974662527,345.0450912546755
2486,373.85741829820716,391.1728301716481,344.8765290297025
2487,373.67899325028213,391.00260679548376,344.675355948781
2488,373.5282538632153,390.8587964522283,344.5053982703882
2489,373.4686308817173,390.8019141628547,344.438173746583
2490,373.5282538632153,390.8587964522283,344.5053982703882
2491,373.67899325028213,391.00260679548376,344.675355948781
2492,373.85741829820716,391.1728301716481,344.8765290297025
2493,374.0069200254332,391.31545974662527,345.0450912546755
2494,374.10386502647975,391.4079484726888,345.15439611275053
2495,374.154223213242,391.45599184254,345.21117464075655
2496,373.4619703851213,388.12156443684506,344.52351758254423
2497,373.4619703849545,388.12156443668596,344.5235175823562
2498,373.4619703825233,388.1215644343665,344.52351757961503
2499,373.46197035280255,388.12156440601194,344.52351754610515
2500,373.4619700482579,388.1215641154663,344.523517202733
2501,373.46196743428817,388.12156162165303,344.5235142554991
2502,373.4619486567624,388.12154370727455,344.52349308396094
2503,373.461835889005,388.12143612311746,344.523365939048
2504,373.461270552678,388.12089677362945,344.52272852601675
2505,373.4589092674046,388.11864402965654,344.52006619223056
2506,373.45071481135454,388.110826248516,344.5108269963372
2507,373.4271801873203,388.0883734415449,344.48429186082586
2508,373.37157467733715,388.0353239524023,344.42159701002095
2509,373.264528006873,387.9331979007886,344.3009025853866
2510,373.09944819919417,387.7757063236449,344.114776176035
2511,372.90243126070754,387.58774567114244,343.89264085944114
2512,372.7359848290286,387.4289502896621,343.70497359041894
2513,372.67014913266877,387.36614086555477,343.6307442710193
2514,372.7359848290286,387.4289502896621,343.70497359041894
2515,372.90243126070754,387.58774567114244,343.89264085944114
2516,373.09944819919417,387.7757063236449,344.114776176035
2517,373.264528006873,387.9331979007886,344.3009025853866
2518,373.37157467733715,388.0353239524023,344.42159701002095
2519,373.4271801873203,388.0883734415449,344.48429186082586
2520,372.731550676552,383.9367070254616,343.79058539626374
2521,372.73155067636804,383.93670702528607,343.7905853960563
2522,372.7315506736862,383.9367070227275,343.79058539303253
2523,372.73155064090054,383.93670699144894,343.79058535606697
2524,372.73155030495053,383.9367066709416,343.7905849772855
2525,372.7315474214225,383.9367039199608,343.7905817261264
2526,372.73152670751676,383.936684158212,343.79055837133245
2527,372.73140231089906,383.93656547973893,343.7904181149552
2528,372.7307786758411,383.93597051134026,343.78971497048394
2529,372.7281738896137,383.933485459432,343.78677809095603
2530,372.71913440315245,383.92486149142906,343.77658612877076
2531,372.69317283669466,383.9000933013999,343.7473146314636
2532,372.63183316367724,383.84157323173895,343.678154549137
2533,372.5137476040653,383.7289157160641,343.54501384879393
2534,372.3316444019212,383.5551832595519,343.3396936729159
2535,372.11431064148417,383.34783968931714,343.09465127172933
2536,371.9306998860539,383.17266897728473,342.88763133932747
2537,371.85807506723995,383.1033825066036,342.8057473285225
2538,371.9306998860539,383.17266897728473,342.88763133932747
2539,372.11431064148417,383.34783968931714,343.09465127172933
2540,372.3316444019212,383.5551832595519,343.3396936729159
2541,372.5137476040653,383.7289157160641,343.54501384879393
2542,372.63183316367724,383.84157323173895,343.678154549137
2543,372.69317283669466,383.9000933013999,343.7473146314636
2544,372.05200604453336,379.13168879100766,343.10545260972
2545,372.0520060443306,379.1316887908142,343.10545260949135
2546,372.0520060413751,379.13168878799456,343.105452606159
2547,372.05200600524387,379.1316887535242,343.1054525654213
2548,372.05200563501165,379.13168840031045,343.1054521479869
2549,372.0520024572326,379.13168536860456,343.1054485650617
2550,372.05197962956674,379.13166359025894,343.1054228270169
2551,372.05184253883806,379.1315328011856,343.10526825811206
2552,372.05115526464925,379.1308771189586,343.1044933609347
2553,372.0482846717941,379.12813847876726,343.10125678616305
2554,372.03832274671294,379.11863447391966,343.0900247804341
2555,372.0097119200747,379.09133880236544,343.0577662595064
2556,371.9421128114618,379.02684702485095,342.981548704262
2557,371.8119771557408,378.90269332034694,342.8348215989391
2558,371.61129114724156,378.71123225412913,342.6085494297726
2559,371.3717794616661,378.4827302123832,342.3385015622547
2560,371.16943206090116,378.2896841231886,342.1103561841156
2561,371.0893962085156,378.213327282231,342.02011628116566
2562,371.16943206090116,378.2896841231886,342.1103561841156
2563,371.3717794616661,378.4827302123832,342.3385015622547
2564,371.61129114724156,378.71123225412913,342.6085494297726
2565,371.8119771557408,378.90269332034694,342.8348215989391
2566,371.9421128114618,379.02684702485095,342.981548704262
2567,372.0097119200747,379.09133880236544,343.0577662595064
2568,371.47493050619465,373.92807488865077,342.51973068471875
2569,371.47493050597143,373.9280748884378,342.5197306844671
2570,371.4749305027174,373.9280748853334,342.51973068079826
2571,371.47493046293806,373.92807484738256,342.51973063594727
2572,371.4749300553236,373.9280744585049,342.51973017636465
2573,371.4749265566849,373.92807112068834,342.5197262316723
2574,371.4749014241147,373.928047143388,342.5196978948628
2575,371.47475049136585,373.9279031485712,342.51952771917024
2576,371.4739938232559,373.92718126225645,342.51867458079823
2577,371.4708333872822,373.9241661021775,342.51511120979586
2578,371.4598656088539,373.9137024800863,342.50274511096075
2579,371.4283659534496,373.8836507706806,342.46722945439046
2580,371.3539413779603,373.81264727281575,342.3833162296411
2581,371.21066595418944,373.6759577965382,342.22177412131305
2582,370.98971672430076,373.4651649492897,341.97265530183756
2583,370.7260215974058,373.2135911074992,341.6753407615397
2584,370.5032432248459,373.00105319785837,341.42415959560054
2585,370.4151261703471,372.91698662374847,341.3248081898343
2586,370.5032432248459,373.00105319785837,341.42415959560054
2587,370.7260215974058,373.2135911074992,341.6753407615397
2588,370.98971672430076,373.4651649492897,341.97265530183756
2589,371.21066595418944,373.6759577965382,342.22177412131305
2590,371.3539413779603,373.81264727281575,342.3833162296411
2591,371.4283659534496,373.8836507706806,342.46722945439046
2592,371.0421404198412,368.55798970562455,342.0752552804131
2593,371.0421404195957,368.5579897053903,342.0752552801363
2594,371.04214041601665,368.55798970197577,342.0752552761009
2595,371.0421403722635,368.55798966023383,342.0752552267695
2596,371.04213992393034,368.55798923250927,342.07525472127685
2597,371.0421360757947,368.55798556126103,342.0752503825289
2598,371.04210843260296,368.55795918874503,342.07521921501007
2599,371.0419424224067,368.55780080954656,342.0750320395936
2600,371.0411101668335,368.55700681030066,342.07409367684846
2601,371.03763401868054,368.55369045039754,342.07017434241754
2602,371.0255706125417,368.5421815633614,342.0565729304657
2603,370.9909242947977,368.5091278343775,342.01750943257565
2604,370.9090650662674,368.43103143248385,341.9252136848832
2605,370.7514771246481,368.28068734247415,341.74753430578085
2606,370.50845614153667,368.04883731522125,341.4735297281183
2607,370.2184191542523,367.77213247045734,341.1465149115791
2608,369.97338630601496,367.5383630575683,340.87024196907385
2609,369.8764667864313,367.4458986416602,340.7609658411825
2610,369.97338630601496,367.5383630575683,340.87024196907385
2611,370.2184191542523,367.77213247045734,341.1465149115791
2612,370.50845614153667,368.04883731522125,341.4735297281183
2613,370.7514771246481,368.28068734247415,341.74753430578085
2614,370.9090650662674,368.43103143248385,341.9252136848832
2615,370.9909242947977,368.5091278343775,342.01750943257565
2616,370.7825986089438,363.2532497243922,341.80101040040927
2617,370.782598608674,363.25324972413483,341.8010104001051
2618,370.7825986047413,363.2532497203829,341.801010395671
2619,370.78259855666437,363.253249674516,341.80101034146463
2620,370.7825980640263,363.25324920452294,341.8010097860183
2621,370.7825938356119,363.2532451704763,341.80100501850865
2622,370.7825634606773,363.2532161917876,341.80097077096747
2623,370.7823810450972,363.2530421613123,341.80076509858753
2624,370.7814665447439,363.25216969783554,341.79973400538773
2625,370.7776468782657,363.2485256101287,341.7954273562796
2626,370.7643913477148,363.235879397114,341.7804818318077
2627,370.72632122738185,363.19955924762024,341.7375580187696
2628,370.6363725435551,363.1137452387656,341.63614146285056
2629,370.4632115183402,362.9485439137557,341.44090353329335
2630,370.1961748266243,362.6937821089964,341.13982140039604
2631,369.8774759366436,362.3897328644354,340.78049047500576
2632,369.6082285641852,362.1328619973892,340.4769158139512
2633,369.5017313081008,362.0312601052011,340.3568408504562
2634,369.6082285641852,362.1328619973892,340.4769158139512
2635,369.8774759366436,362.3897328644354,340.78049047500576
2636,370.1961748266243,362.6937821089964,341.13982140039604
2637,370.4632115183402,362.9485439137557,341.44090353329335
2638,370.6363725435551,363.1137452387656,341.63614146285056
2639,370.72632122738185,363.19955924762024,341.7375580187696
2640,370.71032712413296,358.2349714693299,341.7110411753435
2641,370.7103271238368,358.2349714690473,341.7110411750096
2642,370.71032711951966,358.2349714649286,341.71104117014204
2643,370.7103270667433,358.23497141457824,341.71104111063704
2644,370.7103265259503,358.2349708986439,341.71104050089644
2645,370.71032188421265,358.2349664702732,341.71103526736744
2646,370.7102885401586,358.2349346589467,341.7109976721634
2647,370.7100882936382,358.23474361716654,341.71077189551414
2648,370.70908440179056,358.23378587125814,341.709640013986
2649,370.70489136673694,358.2297855776251,341.70491239423785
2650,370.69034012134125,358.2159032099449,341.6885059597067
2651,370.64854868484736,358.17603280218833,341.64138638690355
2652,370.54980760719985,358.0818305598533,341.53005646414397
2653,370.3597202650747,357.90048097066193,341.3157342223723
2654,370.06658100400165,357.6208164544604,340.98522161231597
2655,369.7167296164883,357.2870467005448,340.59076644859755
2656,369.4211635828426,357.00506696332866,340.2575176682512
2657,369.3042563265615,356.8935335878653,340.12570549724904
2658,369.4211635828426,357.00506696332866,340.2575176682512
2659,369.7167296164883,357.2870467005448,340.59076644859755
2660,370.06658100400165,357.6208164544604,340.98522161231597
2661,370.3597202650747,357.90048097066193,341.3157342223723
2662,370.54980760719985,358.0818305598533,341.53005646414397
2663,370.64854868484736,358.17603280218833,341.64138638690355
2664,370.8234623320702,353.70414822615385,341.8035089694405
2665,370.8234623317454,353.704148225844,341.80350896907424
2666,370.82346232701093,353.70414822132716,341.80350896373614
2667,370.8234622691322,353.704148166109,341.80350889847836
2668,370.82346167605675,353.7041476002954,341.80350822978954
2669,370.8234565855675,353.7041427438009,341.80350249029607
2670,370.8234200178936,353.70410785703484,341.8034612604816
2671,370.8232004120398,353.70389834581266,341.8032136563099
2672,370.8220994664361,353.7028480074223,341.80197234730315
2673,370.817501059228,353.69846097539374,341.7967876730876
2674,370.8015430357773,353.68323649508517,341.7787951054502
2675,370.7557113076006,353.6395115159054,341.7271201300559
2676,370.64742418922714,353.53620203610416,341.6050271084726
2677,370.4389596777147,353.33732002165164,341.36998472775605
2678,370.11748044516014,353.03061823864215,341.0075189841993
2679,369.7338062994514,352.66458045869445,340.5749288806248
2680,369.40966568001414,352.35533962488614,340.2094624406695
2681,369.2814561222369,352.2330234812999,340.0649069982494
2682,369.40966568001414,352.35533962488614,340.2094624406695
2683,369.7338062994514,352.66458045869445,340.5749288806248
2684,370.11748044516014,353.03061823864215,341.0075189841993
2685,370.4389596777147,353.33732002165164,341.36998472775605
2686,370.64742418922714,353.53620203610416,341.6050271084726
2687,370.7557113076006,353.6395115159054,341.7271201300559
2688,371.10452068774833,349.8336109962673,342.06095716723235
2689,371.10452068739244,349.8336109959278,342.06095716683114
2690,371.1045206822053,349.8336109909791,342.0609571609827
2691,371.10452061879306,349.8336109304817,342.0609570894857
2692,371.1045199690153,349.83361031057234,342.0609563568656
2693,371.1045143918394,349.8336049897627,342.0609500686361
2694,371.10447432803807,349.83356676757586,342.06090489696066
2695,371.1042337263163,349.8333372256036,342.0606336200844
2696,371.1030275225506,349.8321864674577,342.05927363318466
2697,371.0979894751919,349.82738000423603,342.05359326755905
2698,371.08050575218596,349.8106999562685,342.03388048359744
2699,371.0302921876551,349.76279456079243,341.9772650162166
2700,370.91165205727765,349.64960796632994,341.8434990409428
2701,370.6832568686679,349.4317114290613,341.5859849514435
2702,370.3310419548646,349.0956867931692,341.1888649272073
2703,369.91068585569894,348.6946532206781,340.7149161597179
2704,369.5555551076626,348.3558467828291,340.3145085513508
2705,369.41508781220955,348.22183635351564,340.15613258943495
2706,369.5555551076626,348.3558467828291,340.3145085513508
2707,369.91068585569894,348.6946532206781,340.7149161597179
2708,370.3310419548646,349.0956867931692,341.1888649272073
2709,370.6832568686679,349.4317114290613,341.5859849514435
2710,370.91165205727765,349.64960796632994,341.8434990409428
2711,371.0302921876551,349.76279456079243,341.9772650162166
2712,371.52185317551675,346.76169167166114,342.4517656253418
2713,371.52185317512726,346.76169167128955,342.45176562490263
2714,371.52185316944974,346.761691665873,342.45176561850127
2715,371.5218531000426,346.76169159965633,342.4517655402452
2716,371.52185238883646,346.7616909211422,342.4517647383649
2717,371.5218462844075,346.76168509731576,342.45175785566096
2718,371.52180243306873,346.7616432616934,342.45170841356173
2719,371.52153908542704,346.7613920193639,342.4514114908087
2720,371.520218849999,346.76013247125394,342.4499229339515
2721,371.51470451751226,346.75487161632293,342.44370555994215
2722,371.4955679245235,346.7366146759174,342.4221291758265
2723,371.4406072879011,346.6841804172143,342.36016141554103
2724,371.31075119910435,346.56029342876985,342.21374952010666
2725,371.0607640674441,346.32179746621455,341.93189065526855
2726,370.67525158547977,345.9540058528921,341.49722783952393
2727,370.2151560110242,345.5150595112606,340.9784730721412
2728,369.82645203872795,345.144223110978,340.5402118718072
2729,369.6727052960924,344.997543651395,340.3668634195728
2730,369.82645203872795,345.144223110978,340.5402118718072
2731,370.2151560110242,345.5150595112606,340.9784730721412
2732,370.67525158547977,345.9540058528921,341.49722783952393
2733,371.0607640674441,346.32179746621455,341.93189065526855
2734,371.31075119910435,346.56029342876985,342.21374952010666
2735,371.4406072879011,346.6841804172143,342.36016141554103
2736,372.0321777067203,344.58779669366527,342.9326830768142
2737,372.0321777062944,344.58779669325895,342.93268307633406
2738,372.0321777000862,344.5877966873361,342.9326830693343
2739,372.03217762419166,344.5877966149302,342.9326829837637
2740,372.03217684650957,344.58779587299586,342.9326821069322
2741,372.032170171504,344.5877895048206,342.93267458090685
2742,372.0321222214121,344.58774375885264,342.9326205174902
2743,372.03183425885555,344.58746903308315,342.9322958415808
2744,372.03039062197087,344.5860917559164,342.9306681503838
2745,372.0243608687891,344.58033917265544,342.9238696428935
2746,372.0034355922051,344.56037576914946,342.9002765296592
2747,371.94333782437184,344.5030405179642,342.83251668734937
2748,371.80134418026864,344.3675739017339,342.672419777259
2749,371.5279909310507,344.1067858929397,342.3642157668658
2750,371.106444874423,343.70461706181186,341.8889253300784
2751,370.60334449724365,343.22464272105094,341.32168292736094
2752,370.17830864397615,342.81914450891367,340.84245776756234
2753,370.01019130378745,342.6587550256461,340.6529065600643
2754,370.17830864397615,342.81914450891367,340.84245776756234
2755,370.60334449724365,343.22464272105094,341.32168292736094
2756,371.106444874423,343.70461706181186,341.8889253300784
2757,371.5279909310507,344.1067858929397,342.3642157668658
2758,371.80134418026864,344.3675739017339,342.672419777259
2759,371.94333782437184,344.5030405179642,342.83251668734937
2760,372.5839983261974,343.36998493936164,343.45224633982957
2761,372.5839983257322,343.3699849389178,343.452246339305
2762,372.5839983189503,343.36998493244766,343.4522463316585
2763,372.58399823604293,343.3699848533513,343.45224623818103
2764,372.5839973865015,343.3699840428608,343.45224528032855
2765,372.58399009471236,343.3699770862536,343.4522370588837
2766,372.5839377139379,343.3699271132685,343.4521779999013
2767,372.5836231430763,343.369627002299,343.451823323301
2768,372.5820461113116,343.3681224620205,343.4500452302446
2769,372.5754591971082,343.3618383287822,343.4426185273266
2770,372.5526003839219,343.3400302676331,343.41684536415033
2771,372.48694946445596,343.27739712677226,343.3428243794967
2772,372.33183532910994,343.12941312947765,343.1679342008758
2773,372.0332237034679,342.8445277971219,342.8312515353644
2774,371.57272596432387,342.40519777712325,342.3120433299115
2775,371.02313812543616,341.880872865782,341.6923866165082
2776,370.55882812559736,341.4379058234379,341.1688801119197
2777,370.3751764134045,341.2626960373043,340.9618140010345
2778,370.55882812559736,341.4379058234379,341.1688801119197
2779,371.02313812543616,341.880872865782,341.6923866165082
2780,371.57272596432387,342.40519777712325,342.3120433299115
2781,372.0332237034679,342.8445277971219,342.8312515353644
2782,372.33183532910994,343.12941312947765,343.1679342008758
2783,372.48694946445596,343.27739712677226,343.3428243794967
2784,373.1216538802655,343.1245316325237,343.95482898299304
2785,373.1216538797578,343.1245316320393,343.95482898242057
2786,373.1216538723565,343.12453162497826,343.95482897407567
2787,373.1216537818767,343.12453153865755,343.9548288720604
2788,373.12165285474185,343.1245306541403,343.9548278267218
2789,373.12164489695215,343.1245230621467,343.95481885436567
2790,373.1215877319439,343.1244685248448,343.9547544011907
2791,373.1212444295376,343.1241410030348,343.95436732996075
2792,373.11952335849884,343.12249904454166,343.9524268335597
2793,373.1123348239846,343.1156409456989,343.94432180765466
2794,373.08738818547215,343.09184103037916,343.916194635004
2795,373.0157409944052,343.02348724878874,343.8354128931245
2796,372.84645940348855,342.8619870319559,343.6445490005038
2797,372.5205738809209,342.5510815030535,343.27711519361924
2798,372.0180162660272,342.0716249754013,342.71048475184836
2799,371.4182314462377,341.49941048991263,342.0342312689981
2800,370.911513375213,341.0159847499931,341.46290994000236
2801,370.7110877083632,340.8247720582891,341.23693130435214
2802,370.911513375213,341.0159847499931,341.46290994000236
2803,371.4182314462377,341.49941048991263,342.0342312689981
2804,372.0180162660272,342.0716249754013,342.71048475184836
2805,372.5205738809209,342.5510815030535,343.27711519361924
2806,372.84645940348855,342.8619870319559,343.6445490005038
2807,373.0157409944052,343.02348724878874,343.8354128931245
2808,373.5896917526171,343.82735749180995,344.38501505319846
2809,373.5896917520636,343.8273574912818,344.3850150525743
2810,373.58969174399414,343.82735748358334,344.38501504347613
2811,373.58969164534676,343.8273573894705,344.3850149322518
2812,373.589690634519,343.8273564251075,344.38501379255007
2813,373.58968195837605,343.8273481477812,344.3850040102554
2814,373.589619633057,343.82728868737274,344.38493373886354
2815,373.58924534058934,343.8269316000228,344.38451172654095
2816,373.58736890769995,343.8251414212038,344.3823960606639
2817,373.57953146096753,343.8176642387184,344.3735593904539
2818,373.55233287826525,343.7917158944231,344.34289316537763
2819,373.4742180632913,343.71719178646873,344.2548192196134
2820,373.2896553476283,343.54111287300015,344.0467259582414
2821,372.93435199352666,343.20214176327613,343.64612373765846
2822,372.3864282784927,342.6794044809367,343.02834331307554
2823,371.7325006153937,342.0555359385179,342.2910441265806
2824,371.1800408779974,341.5284711413488,341.6681493662898
2825,370.9615226967701,341.3199975946445,341.4217715383666
2826,371.1800408779974,341.5284711413488,341.6681493662898
2827,371.7325006153937,342.0555359385179,342.2910441265806
2828,372.3864282784927,342.6794044809367,343.02834331307554
2829,372.93435199352666,343.20214176327613,343.64612373765846
2830,373.2896553476283,343.54111287300015,344.0467259582414
2831,373.4742180632913,343.71719178646873,344.2548192196134
2832,373.93723787742334,345.4171148770112,344.6919690749218
2833,373.93723787682035,345.417114876436,344.69196907424197
2834,373.93723786803116,345.41711486805076,344.69196906433217
2835,373.9372377605838,345.41711476554246,344.691968943186
2836,373.93723665958385,345.4171137151522,344.6919677018157
2837,373.9372272094747,345.41710469943666,344.69195704687917
2838,373.9371593243478,345.41703993478825,344.6918805068401
2839,373.9367516426532,345.4166509930154,344.6914208483813
2840,373.9347078202248,345.4147011190595,344.6891164518879
2841,373.92617122427015,345.40655692517385,344.67949149547763
2842,373.89654635803544,345.37829382642434,344.6460896515009
2843,373.8114632134509,345.2971217023628,344.5501589594282
2844,373.61043635027653,345.10533544955115,344.3235024788326
2845,373.22343771681034,344.7361259987161,343.88716403693667
2846,372.62663578259276,344.1667572843715,343.2142737381658
2847,371.9143736857575,343.487235769611,342.4112028570852
2848,371.3126310876386,342.9131534990726,341.7327419919035
2849,371.07461971919463,342.6860828093169,341.4643857221921
2850,371.3126310876386,342.9131534990726,341.7327419919035
2851,371.9143736857575,343.487235769611,342.4112028570852
2852,372.62663578259276,344.1667572843715,343.2142737381658
2853,373.22343771681034,344.7361259987161,343.88716403693667
2854,373.61043635027653,345.10533544955115,344.3235024788326
2855,373.8114632134509,345.2971217023628,344.5501589594282
2856,374.1220343054732,347.7996547704883,344.83347359633734
2857,374.12203430481713,347.7996547698624,344.83347359559764
2858,374.1220342952532,347.79965476073806,344.8334735848143
2859,374.12203417833507,347.79965464919434,344.8334734529899
2860,374.1220329802896,347.79965350621944,344.8334721022014
2861,374.1220226972187,347.7996436958309,344.8334605081059
2862,374.1219488284869,347.79957322262624,344.83337722159126
2863,374.121505212468,347.79914999832374,344.8328770474156
2864,374.11928124121556,347.7970282564524,344.8303695342949
2865,374.1099922033161,347.7881662081528,344.8198962044863
2866,374.0777561098332,347.75741191254906,344.78355021877275
2867,373.9851734739856,347.66908502665797,344.6791638990833
2868,373.7664274819356,347.46039414092076,344.4325292159393
2869,373.34531759312375,347.05864142826414,343.957730555527
2870,372.6959116923584,346.43908679613764,343.2255296266502
2871,371.9208686134804,345.6996701554041,342.35167359669236
2872,371.2660865634313,345.0749864996764,341.61341109446874
2873,371.0070961375383,344.827901097697,341.3214010739476
2874,371.2660865634313,345.0749864996764,341.61341109446874
2875,371.9208686134804,345.6996701554041,342.35167359669236
2876,372.6959116923584,346.43908679613764,343.2255296266502
2877,373.34531759312375,347.05864142826414,343.957730555527
2878,373.7664274819356,347.46039414092076,344.4325292159393
2879,373.9851734739856,347.66908502665797,344.6791638990833
2880,374.1138401281716,350.8535528178571,344.77933008664235
2881,374.1138401274584,350.8535528171767,344.7793300858382
2882,374.1138401170616,350.8535528072578,344.7793300741159
2883,374.1138399899622,350.85355268600074,344.7793299308121
2884,374.11383868758975,350.8535514434945,344.7793284623956
2885,374.11382750905904,350.8535407788078,344.779315858675
2886,374.1137472077665,350.85346416872824,344.77922531948997
2887,374.11326496123485,350.8530040896434,344.7786815896625
2888,374.11084732441105,350.8506975844342,344.7759557198698
2889,374.1007493880914,350.8410638203825,344.7645703623541
2890,374.0657061443553,350.80763141092046,344.72505933298993
2891,373.96506132287703,350.7116129342283,344.61158295144463
2892,373.7272667179019,350.4847490439658,344.3434710811344
2893,373.2694861719697,350.04801131584315,343.82732649335304
2894,372.5635293761728,349.37450526608035,343.0313647981788
2895,371.72099479506664,348.57069950786973,342.0814125384754
2896,371.0091936896976,347.8916177941612,341.2788614222744
2897,370.7276501265886,347.6230159559826,340.9614228862452
2898,371.0091936896976,347.8916177941612,341.2788614222744
2899,371.72099479506664,348.57069950786973,342.0814125384754
2900,372.5635293761728,349.37450526608035,343.0313647981788
2901,373.2694861719697,350.04801131584315,343.82732649335304
2902,373.7272667179019,350.4847490439658,344.3434710811344
2903,373.96506132287703,350.7116129342283,344.61158295144463
2904,373.8969387387529,354.4363504042049,344.51386616351976
2905,373.89693873797836,354.43635040346595,344.5138661626464
2906,373.8969387266872,354.43635039269384,344.51386614991577
2907,373.8969385886547,354.4363502610063,344.51386599428497
2908,373.89693717425234,354.4363489116198,344.51386439955553
2909,373.89692503414574,354.436337329558,344.5138507116643
2910,373.8968378253453,354.4362541294882,344.5137523843091
2911,373.89631409602265,354.4357544744536,344.51316188290457
2912,373.89368849435834,354.4332495639325,344.51020153410695
2913,373.8827219347222,354.42278710460926,344.49783680945217
2914,373.8446642752054,354.38647884314486,344.45492704590333
2915,373.7353619978023,354.2822008681722,344.3316894391175
2916,373.4771123283587,354.035822172259,344.0405146166746
2917,372.9799535527126,353.56151631518117,343.4799713310372
2918,372.2132704348385,352.8300753527688,342.61554110273164
2919,371.2982611263296,351.95712631603004,341.5838740593131
2920,370.52523097204863,351.21963007170297,340.71228758874474
2921,370.219469064143,350.9279231344123,340.36754302649217
2922,370.52523097204863,351.21963007170297,340.71228758874474
2923,371.2982611263296,351.95712631603004,341.5838740593131
2924,372.2132704348385,352.8300753527688,342.61554110273164
2925,372.9799535527126,353.56151631518117,343.4799713310372
2926,373.4771123283587,354.035822172259,344.0405146166746
2927,373.7353619978023,354.2822008681722,344.3316894391175
2928,373.4715607321827,358.3911672038257,344.03735845179267
2929,373.4715607313423,358.391167203024,344.03735845084515
2930,373.4715607190919,358.39116719133665,344.0373584370329
2931,373.47156056933215,358.39116704846094,344.03735826817973
2932,373.4715590347624,358.39116558443084,344.03735653796235
2933,373.4715458632343,358.3911530183589,344.0373416871501
2934,373.4714512451885,358.39106274962484,344.03723500591894
2935,373.47088301990857,358.3905206439805,344.03659433561194
2936,373.46803434755753,358.3878029166725,344.03338247606615
2937,373.4561360708138,358.3764515685215,344.0199672464331
2938,373.4148450387878,358.3370585631194,343.97341187641246
2939,373.2962564578275,358.22392114849987,343.8397040227712
2940,373.0160659388337,357.9566101590002,343.5237910351807
2941,372.47666863516747,357.4420073541147,342.9156240839524
2942,371.6448482453729,356.6484232875284,341.97775200525945
2943,370.65209989612,355.70130864383526,340.8584346990767
2944,369.8133932267466,354.9011548395762,339.91279838495234
2945,369.4816538373055,354.58466452874774,339.5387643812459
2946,369.8133932267466,354.9011548395762,339.91279838495234
2947,370.65209989612,355.70130864383526,340.8584346990767
2948,371.6448482453729,356.6484232875284,341.97775200525945
2949,372.47666863516747,357.4420073541147,342.9156240839524
2950,373.0160659388337,357.9566101590002,343.5237910351807
2951,373.2962564578275,358.22392114849987,343.8397040227712
2952,372.8541122953433,362.55336258943606,343.36626092446215
2953,372.8541122944324,362.55336258856704,343.3662609234351
2954,372.8541122811542,362.55336257589914,343.36626090846397
2955,372.8541121188295,362.553362421036,343.3662607254439
2956,372.8541104555081,362.55336083417257,343.36625885005986
2957,372.85409617887797,362.55334721379694,343.36624275325227
2958,372.8539936223003,362.55324937144184,343.3661271213781
2959,372.85337772245225,362.5526617826883,343.3654326983057
2960,372.8502900441493,362.5497160358251,343.3619513611037
2961,372.8373934922059,362.5374123002329,343.3474105826766
2962,372.79263810864995,362.4947141892949,343.2969491788408
2963,372.66409984826237,362.37208445258517,343.15202312636563
2964,372.36040111439684,362.0823458513258,342.8096047794227
2965,371.77574793354603,361.52456744808563,342.15041212104796
2966,370.8741371292569,360.66440102595374,341.1338518039831
2967,369.7980963774215,359.6378226850874,339.9206228556864
2968,368.8890215290361,358.7705353188914,338.8956468774548
2969,368.52944893211736,358.4274912108163,338.49023111336606
2970,368.8890215290361,358.7705353188914,338.8956468774548
2971,369.7980963774215,359.6378226850874,339.9206228556864
2972,370.8741371292569,360.66440102595374,341.1338518039831
2973,371.77574793354603,361.52456744808563,342.15041212104796
2974,372.36040111439684,362.0823458513258,342.8096047794227
2975,372.66409984826237,362.37208445258517,343.15202312636563
2976,372.07618774092316,366.7569611848539,342.5322173791643
2977,372.0761877399368,366.7569611839129,342.5322173780522
2978,372.07618772555855,366.75696117019555,342.5322173618408
2979,372.0761875497864,366.75696100250315,342.53221716365886
2980,372.0761857486707,366.7569592841794,342.53221513291265
2981,372.076170289324,366.7569445354531,342.5321977025998
2982,372.076059236668,366.7568385875593,342.53207249145254
2983,372.0753923139263,366.7562023212836,342.5313205403994
2984,372.07204884357805,366.75301254037896,342.5275507993303
2985,372.0580839046219,366.7396895283653,342.511805421496
2986,372.0096208579055,366.6934541845768,342.45716365156414
2987,371.87043412274465,366.56066545198627,342.30023151304806
2988,371.5415761227083,366.2469240816134,341.9294462571528
2989,370.90848861087625,365.6429377303425,341.2156442056509
2990,369.9321858053434,364.7115126773624,340.114869143038
2991,368.76700277971094,363.59988966938687,338.80113286088516
2992,367.7826175874574,362.6607537530999,337.69124495981873
2993,367.39325697476903,362.289290896242,337.2522434017139
2994,367.7826175874574,362.6607537530999,337.69124495981873
2995,368.76700277971094,363.59988966938687,338.80113286088516
2996,369.9321858053434,364.7115126773624,340.114869143038
2997,370.90848861087625,365.6429377303425,341.2156442056509
2998,371.5415761227083,366.2469240816134,341.9294462571528
2999,371.87043412274465,366.56066545198627,342.30023151304806
3000,371.1824353021738,370.8406081874526,341.5799271668515
3001,371.1824353011068,370.8406081864346,341.5799271656484
3002,371.18243528555263,370.8406081715954,341.57992714811115
3003,371.1824350954048,370.8406079901881,341.57992693372074
3004,371.1824331469832,370.8406061313297,341.57992473688813
3005,371.18241642328,370.8405901763657,341.57990588102155
3006,371.18229628808325,370.84047556342864,341.57977042936864
3007,371.18157482046865,370.83978725954654,341.57895697932616
3008,371.17795790140804,370.8363365995581,341.5748789266125
3009,371.1628508274308,370.8219239530924,341.55784579897124
3010,371.1104241870991,370.7719072103648,341.49873510302046
3011,370.9598539403313,370.6282582325291,341.3289681292146
3012,370.6040999946709,370.28885724360765,340.92785786958024
3013,369.9192348545263,369.63547332846537,340.1556768789575
3014,368.8630842509551,368.6278708445726,338.9648739434479
3015,367.60260568957165,367.42533275478786,337.5436925646114
3016,366.53771167405387,366.40938876773714,336.3430314890059
3017,366.1165068554595,366.00754548893934,335.86812579588127
3018,366.53771167405387,366.40938876773714,336.3430314890059
3019,367.60260568957165,367.42533275478786,337.5436925646114
3020,368.8630842509551,368.6278708445726,338.9648739434479
3021,369.9192348545263,369.63547332846537,340.1556768789575
3022,370.6040999946709,370.28885724360765,340.92785786958024
3023,370.9598539403313,370.6282582325291,341.3289681292146
3024,370.2274307169401,374.6528778014635,340.564018700769
3025,370.2274307157869,374.65287780036334,340.5640186994688
3026,370.227430698977,374.65287778432617,340.5640186805158
3027,370.22743049347855,374.65287758827384,340.5640184488176
3028,370.227428387761,374.6528755793499,340.5640160746347
3029,370.22741031395356,374.6528583363419,340.56399569653445
3030,370.227280480245,374.65273447070496,340.5638493098725
3031,370.2265007685654,374.6519906000653,340.5629701900257
3032,370.2225918557071,374.64826136837047,340.5585629162045
3033,370.2062651879739,374.63268518926674,340.5401547045365
3034,370.14960614610004,374.57863059597867,340.47627200337786
3035,369.9868803665614,374.4233848392636,340.29279974544187
3036,369.6024064125486,374.0565840158341,339.85930786320705
3037,368.8622521244261,373.3504524313288,339.02478871788253
3038,367.72083850543066,372.2615062206653,337.7378522870984
3039,366.35860153700014,370.9618872568547,336.20193896623135
3040,365.20773865060045,369.8639261336633,334.90434854791425
3041,364.7525299760946,369.42964205564385,334.39110372843675
3042,365.20773865060045,369.8639261336633,334.90434854791425
3043,366.35860153700014,370.9618872568547,336.20193896623135
3044,367.72083850543066,372.2615062206653,337.7378522870984
3045,368.8622521244261,373.3504524313288,339.02478871788253
3046,369.6024064125486,374.0565840158341,339.85930786320705
3047,369.9868803665614,374.4233848392636,340.29279974544187
3048,369.27178714705923,378.0568180032654,339.54515929153035
3049,369.2717871458142,378.05681800207753,339.54515929012655
3050,369.271787127665,378.05681798476263,339.5451592696635
3051,369.2717869057934,378.05681777308985,339.5451590195047
3052,369.27178463230257,378.05681560410466,339.54515645615857
3053,369.2717651184629,378.05679698725845,339.54513445443126
3054,369.27162494024145,378.0566632526153,339.5449764043984
3055,369.27078310496114,378.0558601140131,339.5440272405958
3056,369.2665627491065,378.0518337554354,339.5392688168222
3057,369.2489352525999,378.03501654280984,339.5193939291738
3058,369.18776189628386,377.9766551447633,339.4504213678461
3059,369.01207092509367,377.80904016791226,339.2523309406585
3060,368.5969639729598,377.4130144546883,338.7843005523029
3061,367.797837822945,376.65062177037237,337.88329101629313
3062,366.56548196747036,375.4749136688788,336.4938178054371
3063,365.09470864161256,374.0717474429954,334.8355304475749
3064,363.85215064747257,372.886306164978,333.4345543917362
3065,363.3606731793976,372.41742046256485,332.8804167434297
3066,363.85215064747257,372.886306164978,333.4345543917362
3067,365.09470864161256,374.0717474429954,334.8355304475749
3068,366.56548196747036,375.4749136688788,336.4938178054371
3069,367.797837822945,376.65062177037237,337.88329101629313
3070,368.5969639729598,377.4130144546883,338.7843005523029
3071,369.01207092509367,377.80904016791226,339.2523309406585
3072,368.3777871061726,380.9336719867599,338.5856869810733
3073,368.3777871048296,380.9336719854787,338.5856869795591
3074,368.37778708525354,380.9336719668025,338.5856869574872
3075,368.37778684593815,380.9336717384877,338.58568668766065
3076,368.37778439370265,380.93366939897425,338.5856839227811
3077,368.37776334566075,380.93364931844854,338.5856601912507
3078,368.37761214645406,380.9335050694222,338.5854897151287
3079,368.3767041250421,380.9326387870691,338.58446592689324
3080,368.3721519595868,380.9282958711968,338.57933338995315
3081,368.35313856748803,380.9101564685006,338.55789591403953
3082,368.28715568618674,380.8472066251082,338.48350064457577
3083,368.09765167339606,380.66641355132697,338.26983610283435
3084,367.64990849892473,380.23925180638474,337.7650085860844
3085,366.78795406195036,379.4169188656459,336.7931605652113
3086,365.45870886388246,378.1487751380877,335.29444525082425
3087,363.87230151883034,376.63529024688444,333.50578128849315
3088,362.53205207732844,375.35664810841774,331.9946587612143
3089,362.00193404243214,374.8508980317604,331.3969541251647
3090,362.53205207732844,375.35664810841774,331.9946587612143
3091,363.87230151883034,376.63529024688444,333.50578128849315
3092,365.45870886388246,378.1487751380877,335.29444525082425
3093,366.78795406195036,379.4169188656459,336.7931605652113
3094,367.64990849892473,380.23925180638474,337.7650085860844
3095,368.09765167339606,380.66641355132697,338.26983610283435
3096,367.60485805960104,383.18576676519245,337.7450860389384
3097,367.6048580581539,383.18576676381184,337.74508603730675
3098,367.60485803705933,383.1857667436869,337.7450860135227
3099,367.60485777918063,383.18576649766214,337.7450857227662
3100,367.6048551367291,383.1857639766763,337.7450827434193
3101,367.60483245602404,383.18574233853616,337.74505717107184
3102,367.60466952853517,383.18558690034206,337.74487347138796
3103,367.6036910733454,383.18465342184356,337.74377026952607
3104,367.5987858036502,383.1799736328889,337.7382396098524
3105,367.57829757294303,383.1604271855534,337.71513926300133
3106,367.50719650440146,383.0925944228511,337.6349732707168
3107,367.3029929665049,382.8977775176593,337.4047351100355
3108,366.82051906555876,382.437481515022,336.86074892510055
3109,365.8917041927559,381.5513615149499,335.8135161977427
3110,364.45935155715614,380.1848498938227,334.1985479182286
3111,362.74988911552157,378.5539663848911,332.2711401349459
3112,361.3056786548129,377.17614200780565,330.642802234754
3113,360.73444020643154,376.6311617014574,329.99873459997883
3114,361.3056786548129,377.17614200780565,330.642802234754
3115,362.74988911552157,378.5539663848911,332.2711401349459
3116,364.45935155715614,380.1848498938227,334.1985479182286
3117,365.8917041927559,381.5513615149499,335.8135161977427
3118,366.82051906555876,382.437481515022,336.86074892510055
3119,367.3029929665049,382.8977775176593,337.4047351100355
3120,367.00522553533267,384.73859927767995,337.07563995975454
3121,367.0052255337748,384.7385992761937,337.0756399579981
3122,367.00522551106616,384.73859925452894,337.0756399323942
3123,367.00522523345546,384.73859898967913,337.0756396193899
3124,367.0052223888125,384.73859627579606,337.0756364120735
3125,367.00519797265673,384.73857298197873,337.0756088830167
3126,367.0050225785085,384.73840565018077,337.07541112725545
3127,367.003969255243,384.7374007450706,337.0742235121253
3128,366.9986886509322,384.7323628745225,337.0682696651139
3129,366.9766327302352,384.7113207992696,337.0434017579968
3130,366.90009124885324,384.6382977034151,336.9571017356233
3131,366.6802627481761,384.42857406877084,336.70924653104373
3132,366.1608715791818,383.9330577757147,336.1236363665228
3133,365.160986939581,382.97913487583537,334.9962729393927
3134,363.61903553380074,381.50806241585417,333.257732759415
3135,361.7787708186084,379.7523892270323,331.1828462635346
3136,360.2240542671219,378.2691383973401,329.42991346480744
3137,359.60910658829937,377.68245804460395,328.73656395702835
3138,360.2240542671219,378.2691383973401,329.42991346480744
3139,361.7787708186084,379.7523892270323,331.1828462635346
3140,363.61903553380074,381.50806241585417,333.257732759415
3141,365.160986939581,382.97913487583537,334.9962729393927
3142,366.1608715791818,383.9330577757147,336.1236363665228
3143,366.6802627481761,384.42857406877084,336.70924653104373
3144,366.62006503199336,385.5421779169744,336.61858324769514
3145,366.62006503031796,385.54217791537604,336.6185832458061
3146,366.6200650058956,385.54217789207627,336.61858321827003
3147,366.62006470733473,385.54217760723935,336.6185828816446
3148,366.6200616480184,385.5421746885508,336.6185794322854
3149,366.62003538927695,385.54214963684603,336.6185498257252
3150,366.6198467588622,385.5419696772135,336.61833714615955
3151,366.6187139456728,385.5408889360962,336.61705990665723
3152,366.6130348361276,385.5354708784208,336.6106567475863
3153,366.58931444687204,385.5128408453062,336.58391216299634
3154,366.506996698385,385.4343070002622,336.4910994370353
3155,366.27057865548477,385.2087563955872,336.22453963151025
3156,365.71199119619234,384.67584554977486,335.5947359046411
3157,364.6366494234364,383.64993405798685,334.38229505070984
3158,362.9783333612381,382.0678458806945,332.51255447754613
3159,360.9991915254707,380.179679341801,330.2810849315811
3160,359.3271469851365,378.5844937439106,328.3958655886197
3161,358.665791763837,377.9535390661747,327.6501918785682
3162,359.3271469851365,378.5844937439106,328.3958655886197
3163,360.9991915254707,380.179679341801,330.2810849315811
3164,362.9783333612381,382.0678458806945,332.51255447754613
3165,364.6366494234364,383.64993405798685,334.38229505070984
3166,365.71199119619234,384.67584554977486,335.5947359046411
3167,366.27057865548477,385.2087563955872,336.22453963151025
3168,366.4764376480072,385.5716919371524,336.40103691206684
3169,366.4764376462071,385.57169193543507,336.40103691003725
3170,366.47643761996727,385.5716919104014,336.401036880452
3171,366.4764372991887,385.5716916043681,336.40103651877627
3172,366.47643401221006,385.5716884684821,336.40103281272917
3173,366.47640579939565,385.57166155252736,336.4010010029645
3174,366.47620313184257,385.5714682010023,336.4007724966167
3175,366.4749860191228,385.57030703535463,336.39940020994214
3176,366.4688842924393,385.56448578700093,336.3925205527969
3177,366.4433987245153,385.5401717152607,336.3637857407403
3178,366.35495521088603,385.4557936883811,336.26406625442803
3179,366.1009438611616,385.2134584891644,335.9776701098992
3180,365.5007885061244,384.64089050083754,335.30099885096746
3181,364.34542400110644,383.5386346851222,333.9983328869402
3182,362.56370253830613,381.8388136885217,331.9894535273215
3183,360.43728070166384,379.8101371748127,329.59192673839266
3184,358.64080914103596,378.09624409875835,327.5664167394193
3185,357.9302384487625,377.4183362396943,326.76525290598
3186,358.64080914103596,378.09624409875835,327.5664167394193
3187,360.43728070166384,379.8101371748127,329.59192673839266
3188,362.56370253830613,381.8388136885217,331.9894535273215
3189,364.34542400110644,383.5386346851222,333.9983328869402
3190,365.5007885061244,384.64089050083754,335.30099885096746
3191,366.1009438611616,385.2134584891644,335.9776701098992
3192,366.58523687153405,384.82758331748244,336.4339551136364
3193,366.5852368696019,384.82758331563906,336.4339551114579
3194,366.58523684143694,384.8275832887688,336.43395507970206
3195,366.5852364971237,384.8275829602826,336.4339546914911
3196,366.585232968988,384.8275795943249,336.43395071354115
3197,366.58520268627365,384.82755070361736,336.43391656997767
3198,366.5849851495353,384.8273431663995,336.4336712987202
3199,366.58367874045666,384.82609680908246,336.4321983309819
3200,366.5771293461361,384.81984847104894,336.42481393148773
3201,366.5497739691291,384.7937505398194,336.3939709218528
3202,366.45484158754124,384.70318191905045,336.2869352791259
3203,366.1821940932234,384.44306722369083,335.9795270027918
3204,365.53800691839905,383.8284914281082,335.25321015346685
3205,364.29787635864784,382.64536600249994,333.85497101411164
3206,362.38543467865276,380.82083361048376,331.69870545991074
3207,360.1030028650657,378.64331843707026,329.12527843678566
3208,358.1747289113632,376.8036815341451,326.951162096965
3209,357.4120255164392,376.0760373585888,326.0912189803985
3210,358.1747289113632,376.8036815341451,326.951162096965
3211,360.1030028650657,378.64331843707026,329.12527843678566
3212,362.38543467865276,380.82083361048376,331.69870545991074
3213,364.29787635864784,382.64536600249994,333.85497101411164
3214,365.53800691839905,383.8284914281082,335.25321015346685
3215,366.1821940932234,384.44306722369083,335.9795270027918
3216,366.94029961512456,383.3350871635085,336.7112360457274
3217,366.9402996130527,383.3350871615318,336.71123604339135
3218,366.9402995828508,383.3350871327183,336.7112360093389
3219,366.94029921363693,383.33508678047605,336.7112355930527
3220,366.94029543034765,383.3350831710934,336.71123132741866
3221,366.9402629575974,383.33505219101943,336.71119471460395
3222,366.94002968867363,383.3348296447782,336.7109317054098
3223,366.9386288005203,383.3334931513101,336.7093522131293
3224,366.9316057561572,383.32679293552576,336.70143377629324
3225,366.9022720472852,383.29880761049606,336.6683602103491
3226,366.80047418709415,383.20168909687067,336.5535837851554
3227,366.5081089156899,382.9227629923219,336.22394384341595
3228,365.8173343363235,382.26374127740166,335.4450999985102
3229,364.48751794250114,380.9950526102685,333.9457406646256
3230,362.43676910941315,379.0385706359434,331.63353469496866
3231,359.9892725780006,376.70357828160365,328.87399827620345
3232,357.9215464863796,374.73089944311,326.54265055798373
3233,357.1036846328685,373.95063228017665,325.62051663815333
3234,357.9215464863796,374.73089944311,326.54265055798373
3235,359.9892725780006,376.70357828160365,328.87399827620345
3236,362.43676910941315,379.0385706359434,331.63353469496866
3237,364.48751794250114,380.9950526102685,333.9457406646256
3238,365.8173343363235,382.26374127740166,335.4450999985102
3239,366.5081089156899,382.9227629923219,336.22394384341595
3240,367.5187488556232,381.14329042531875,337.21006441078214
3241,367.5187488534037,381.1432904232012,337.2100644082796
3242,367.5187488210492,381.14329039233405,337.2100643718002
3243,367.51874842552036,381.14329001498646,337.21006392584394
3244,367.51874437258476,381.14328614835233,337.2100593561854
3245,367.5187095854043,381.14325296023566,337.2100201338657
3246,367.51845969070575,381.1430145524574,337.2097383792186
3247,367.5169589570581,381.141582803097,337.20804631179277
3248,367.5094353592894,381.1344050428667,337.19956350424786
3249,367.47801094913245,381.1044251199069,337.1641326862045
3250,367.368957650564,381.0003846789483,337.04117580143526
3251,367.0557546306412,380.70157867555275,336.68804143378594
3252,366.3157464781536,379.9955865092592,335.8536870554391
3253,364.891150087182,378.6364746011337,334.2474638912907
3254,362.6942382428265,376.5405482968917,331.7704600771865
3255,360.0723013034391,374.0391340442237,328.8142432331244
3256,357.8572021804885,371.92585647679476,326.3167333807083
3257,356.98104886320516,371.08997733628155,325.32887621464727
3258,357.8572021804885,371.92585647679476,326.3167333807083
3259,360.0723013034391,374.0391340442237,328.8142432331244
3260,362.6942382428265,376.5405482968917,331.7704600771865
3261,364.891150087182,378.6364746011337,334.2474638912907
3262,366.3157464781536,379.9955865092592,335.8536870554391
3263,367.0557546306412,380.70157867555275,336.68804143378594
3264,368.2825444952645,378.3237381104814,337.89246210857914
3265,368.2825444928891,378.32373810821514,337.89246210590085
3266,368.28254445826246,378.3237380751802,337.8924620668596
3267,368.2825440349567,378.32373767133254,337.8924615895851
3268,368.2825396973942,378.32373353315495,337.8924566990116
3269,368.28250246720256,378.3236980143251,337.89241472221266
3270,368.2822350230639,378.32344286380254,337.892113180686
3271,368.2806288968832,378.32191056649225,337.8903022838647
3272,368.2725769368515,378.31422873124956,337.8812237513052
3273,368.23894567393955,378.2821433980291,337.84330472113555
3274,368.1222338522297,378.1707964735878,337.7117129013413
3275,367.78703541715197,377.8510061192205,337.3337788461799
3276,366.99505846009765,377.0954340006084,336.44082997872925
3277,365.4704164531692,375.6408752776064,334.7218060333633
3278,363.1192213324665,373.39775764293773,332.07084882875483
3279,360.3131527346224,370.7206757195826,328.9070247375169
3280,357.94249309111626,368.4589882886574,326.23412141005986
3281,357.00480985640803,367.56440757904846,325.1768896623403
3282,357.94249309111626,368.4589882886574,326.23412141005986
3283,360.3131527346224,370.7206757195826,328.9070247375169
3284,363.1192213324665,373.39775764293773,332.07084882875483
3285,365.4704164531692,375.6408752776064,334.7218060333633
3286,366.99505846009765,377.0954340006084,336.44082997872925
3287,367.78703541715197,377.8510061192205,337.3337788461799
3288,369.18113001359734,374.96859511304064,338.7079347060704
3289,369.1811300110576,374.9685951106176,338.7079347032068
3290,369.1811299740354,374.96859507529723,338.70793466146455
3291,369.1811295214442,374.9685946435103,338.7079341511709
3292,369.18112488379734,374.9685902190424,338.70792892225427
3293,369.1810850779203,374.96855224292375,338.70788404138676
3294,369.1807991312722,374.9682794403974,338.70756163840105
3295,369.1790818889347,374.96664113461145,338.70562545883587
3296,369.1704728725125,374.95842784921297,338.6959188488195
3297,369.13451490779704,374.9241227657897,338.6553764775011
3298,369.00972864633826,374.8050725597146,338.5146807794123
3299,368.6513402761852,374.463158243003,338.11060022329866
3300,367.80457220946784,373.65531359999426,337.15587473610645
3301,366.17445134150125,372.1001245672421,335.31792406103574
3302,363.66059417798255,369.70182198279235,332.4835664612315
3303,360.66039415889304,366.83953228548233,329.1008604553196
3304,358.1257258641955,364.42137519600504,326.24303844048285
3305,357.123171165129,363.46490497139695,325.1126645386733
3306,358.1257258641955,364.42137519600504,326.24303844048285
3307,360.66039415889304,366.83953228548233,329.1008604553196
3308,363.66059417798255,369.70182198279235,332.4835664612315
3309,366.17445134150125,372.1001245672421,335.31792406103574
3310,367.80457220946784,373.65531359999426,337.15587473610645
3311,368.6513402761852,374.463158243003,338.11060022329866
3312,370.1549817259691,371.18835408089564,339.597020504985
3313,370.15498172325624,371.1883540783075,339.5970205019263
3314,370.15498168371147,371.1883540405804,339.59702045733974
3315,370.15498120028104,371.1883535793719,339.5970199122752
3316,370.1549762466292,371.18834885342477,339.5970143270649
3317,370.15493372841576,371.18830828964786,339.5969663880558
3318,370.1546282976225,371.1880168986048,339.5966220168232
3319,370.15279404395005,371.18626696014894,339.5945539077389
3320,370.14359841695904,371.1774940289346,339.584185898122
3321,370.1051903091494,371.1408514282489,339.5408810064025
3322,369.97190122504253,371.01368924913567,339.39059843108686
3323,369.58909259648175,370.64847720107247,338.95898419246674
3324,368.68462652189714,369.78558675697616,337.9392045767166
3325,366.943430696854,368.1244285544198,335.97601761005905
3326,364.25828158681674,365.5627078076366,332.9485294547698
3327,361.05365066024655,362.50538428705795,329.3353289304496
3328,358.34627236743205,359.922456167287,326.2827775161748
3329,357.2754045007017,358.9008129292962,325.0753809621857
3330,358.34627236743205,359.922456167287,326.2827775161748
3331,361.05365066024655,362.50538428705795,329.3353289304496
3332,364.25828158681674,365.5627078076366,332.9485294547698
3333,366.943430696854,368.1244285544198,335.97601761005905
3334,368.68462652189714,369.78558675697616,337.9392045767166
3335,369.58909259648175,370.64847720107247,338.95898419246674
3336,371.139800982752,367.10906880029086,340.4954825418863
3337,371.13980097985717,367.10906879752906,340.49548253862235
3338,371.139800937659,367.1090687572707,340.49548249104424
3339,371.13980042179213,367.10906826511666,340.4954819094077
3340,371.1397951357676,367.109063222075,340.4954759494494
3341,371.13974976473094,367.10901993661076,340.4954247939007
3342,371.1394238406013,367.1087089942494,340.49505731656456
3343,371.13746651493216,367.1068416410525,340.4928504446046
3344,371.12765389357895,367.09748007688205,340.4817867778577
3345,371.08666873626476,367.0583788860359,340.435576279585
3346,370.94443642147706,366.92268457010664,340.2752102698504
3347,370.535942674778,366.5329680728222,339.81463622760515
3348,369.57079009460153,365.6121807023156,338.7264329715519
3349,367.712766128468,363.8395646027953,336.63152303575515
3350,364.8474529182392,361.1059613666706,333.40090102942605
3351,361.42780248114224,357.84350214654347,329.54526740563944
3352,358.5387685878326,355.0872685969852,326.2879004834342
3353,357.39604923810174,353.9970766761666,324.99949184973946
3354,358.5387685878326,355.0872685969852,326.2879004834342
3355,361.42780248114224,357.84350214654347,329.54526740563944
3356,364.8474529182392,361.1059613666706,333.40090102942605
3357,367.712766128468,363.8395646027953,336.63152303575515
3358,369.57079009460153,365.6121807023156,338.7264329715519
3359,370.535942674778,366.5329680728222,339.81463622760515
3360,372.0710423567147,362.8690910367313,341.33883656868386
3361,372.0710423536286,362.8690910337871,341.3388365652043
3362,372.0710423086431,362.8690909908694,341.33883651448343
3363,372.0710417587007,362.8690904662062,341.33883589442695
3364,372.07103612350824,362.86908509004684,341.33882954078405
3365,372.0709877554914,362.8690389453647,341.3387750061597
3366,372.07064030246954,362.8687074637307,341.33838325513767
3367,372.0685536858107,362.86671676266843,341.3360306084278
3368,372.05809289254285,362.8567368211293,341.32423613206333
3369,372.0144004639571,362.8150528042652,341.2749732030421
3370,371.86277300505026,362.67039521120574,341.1040142294264
3371,371.42729623675206,362.2549360220227,340.6130170058465
3372,370.3983905804812,361.2733261157799,339.4529325711959
3373,368.4176349906323,359.38362000230745,337.21964352800114
3374,365.36305374664596,356.4694488241765,333.7756230447555
3375,361.7175185748343,352.9914881225348,329.6653058519062
3376,358.63764977995305,350.0531917874357,326.19277381951633
3377,357.41944819543966,348.89098732692855,324.8192594570988
3378,358.63764977995305,350.0531917874357,326.19277381951633
3379,361.7175185748343,352.9914881225348,329.6653058519062
3380,365.36305374664596,356.4694488241765,333.7756230447555
3381,368.4176349906323,359.38362000230745,337.21964352800114
3382,370.3983905804812,361.2733261157799,339.4529325711959
3383,371.42729623675206,362.2549360220227,340.6130170058465
3384,372.88844627389113,358.6152982634428,342.06688346964074
3385,372.8884462706044,358.6152982603072,342.066883465935
3386,372.88844622269414,358.61529821459925,342.06688341191654
3387,372.88844563699763,358.61529765582543,342.06688275154744
3388,372.8884396354367,358.61529193013854,342.0668759848266
3389,372.8883881228043,358.6152427853895,342.06681790466865
3390,372.8880180803471,358.61488975268963,342.0664006842052
3391,372.88579580364467,358.61276962747485,342.0638950816786
3392,372.8746549086129,358.6021408464385,342.0513337949992
3393,372.8281218448104,358.55774676995736,341.99886806824884
3394,372.6666364239286,358.40368435627994,341.8167943066301
3395,372.20284741288856,357.96121435442046,341.2938752135234
3396,371.1070481153965,356.9157857098053,340.0583686335236
3397,368.99751497148634,354.90322156557187,337.6798837357932
3398,365.7443420873715,351.7995874176739,334.0119524700956
3399,361.8617947848981,348.09550933205315,329.6344056416347
3400,358.5816902959884,344.96618154558246,325.93610916671486
3401,357.2842881169084,343.72841710760497,324.4732966491051
3402,358.5816902959884,344.96618154558246,325.93610916671486
3403,361.8617947848981,348.09550933205315,329.6344056416347
3404,365.7443420873715,351.7995874176739,334.0119524700956
3405,368.99751497148634,354.90322156557187,337.6798837357932
3406,371.1070481153965,356.9157857098053,340.0583686335236
3407,372.20284741288856,357.96121435442046,341.2938752135234
3408,373.5402444640261,354.4988206541963,342.62791449174284
3409,373.54024446052915,354.49882065086007,342.6279144878
3410,373.54024440955385,354.49882060222797,342.6279144303257
3411,373.54024378638746,354.49882000770674,342.62791372770965
3412,373.5402374008778,354.49881391572006,342.62790652808906
3413,373.54018259273437,354.4987616269449,342.6278447322639
3414,373.53978887688015,354.49838600904405,342.6274008201992
3415,373.537424430441,354.4961302492149,342.6247349222193
3416,373.5255707987317,354.4848214938981,342.6113700295722
3417,373.47606079086904,354.4375873146709,342.5555478177583
3418,373.3042443703663,354.27366878687127,342.3618259212678
3419,372.8107845440226,353.8028918493361,341.80545317690803
3420,371.6448816912676,352.690582102562,340.4909052943568
3421,369.4003915587268,350.54926454332974,337.9602572698096
3422,365.9390975473368,347.2470759808587,334.05767078688933
3423,361.80816500679765,343.3060301919663,329.4000712181982
3424,358.31821644622926,339.97650424519674,325.4651769174706
3425,356.93781320521435,338.6595540586257,323.9087812424321
3426,358.31821644622926,339.97650424519674,325.4651769174706
3427,361.80816500679765,343.3060301919663,329.4000712181982
3428,365.9390975473368,347.2470759808587,334.05767078688933
3429,369.4003915587268,350.54926454332974,337.9602572698096
3430,371.6448816912676,352.690582102562,340.4909052943568
3431,372.8107845440226,353.8028918493361,341.80545317690803
3432,373.98673104160457,350.6703072575431,342.98228210031317
3433,373.9867310378875,350.67030725399684,342.9822820961222
3434,373.98673098370404,350.670307202304,342.98228203503066
3435,373.98673032131785,350.6703065703658,342.9822812881946
3436,373.986723533928,350.67030009497216,342.98227363545664
3437,373.98666527636374,350.67024451533587,342.9822079504319
3438,373.98624678149736,350.6698452574407,342.9817361001923
3439,373.9837335255894,350.667447528474,342.97890242050426
3440,373.97113387036757,350.6554270421392,342.9646963911995
3441,373.91850788666926,350.60522011927,342.9053609368995
3442,373.7358779794075,350.43098516871675,342.69944690442753
3443,373.2113616260879,349.930579280901,342.108058127918
3444,371.97208118215957,348.7482648938054,340.71077748862325
3445,369.58633118482913,346.47218076799146,338.0208598853886
3446,365.9071961961242,342.9621647336676,333.8726591175512
3447,361.5162781187044,338.77308417411706,328.92192754717337
3448,357.80668517002243,335.2340102421568,324.73938562758394
3449,356.33940448082717,333.83417610675804,323.08503619484
3450,357.80668517002243,335.2340102421568,324.73938562758394
3451,361.5162781187044,338.77308417411706,328.92192754717337
3452,365.9071961961242,342.9621647336676,333.8726591175512
3453,369.58633118482913,346.47218076799146,338.0208598853886
3454,371.97208118215957,348.7482648938054,340.71077748862325
3455,373.2113616260879,349.930579280901,342.108058127918
3456,374.20293916233396,347.27481129813094,343.10507640571666
3457,374.2029391583868,347.27481129436524,343.1050764012663
3458,374.20293910084945,347.2748112394727,343.10507633639327
3459,374.2029383974624,347.2748105684183,343.10507554332895
3460,374.20293118994147,347.27480369220575,343.10506741689596
3461,374.202869326306,347.27474467225863,343.10499766604937
3462,374.202424927124,347.2743207007927,343.1044966088624
3463,374.1997561037784,347.27177455536327,343.1014875279003
3464,374.18637654545444,347.2590100157654,343.086402162921
3465,374.13049307833967,347.20569534635837,343.0233939172582
3466,373.93655860530185,347.0206754674845,342.8047340604072
3467,373.3795753373041,346.48929507303745,342.17673904878797
3468,372.06358496397013,345.2337968851212,340.6929684630688
3469,369.5301599873633,342.8168259620791,337.83654828129175
3470,365.62329108528934,339.08954426886027,333.43157900748764
3471,360.9605806001098,334.641164794708,328.1744032653077
3472,357.021368427941,330.88302655586534,323.7329671648573
3473,355.46326487565784,329.39654441578597,321.97621554476353
3474,357.021368427941,330.88302655586534,323.7329671648573
3475,360.9605806001098,334.641164794708,328.1744032653077
3476,365.62329108528934,339.08954426886027,333.43157900748764
3477,369.5301599873633,342.8168259620791,337.83654828129175
3478,372.06358496397013,345.2337968851212,340.6929684630688
3479,373.3795753373041,346.48929507303745,342.17673904878797
3480,374.18022953553634,344.4464198614528,342.98771344267175
3481,374.18022953134897,344.44641985745795,342.9877134379505
3482,374.1802294703097,344.4464197992245,342.98771336912915
3483,374.18022872411296,344.4464190873282,342.98771252779716
3484,374.180221077926,344.44641179261384,342.9877039067711
3485,374.18015544912976,344.44634918057926,342.9876299107302
3486,374.17968400280876,344.44589940525134,342.98709835807
3487,374.17685274884,344.4431982956541,342.9839061376369
3488,374.16265888034496,344.4296568773153,342.9679026432365
3489,374.10337421906746,344.37309735658226,342.90105957327927
3490,373.89763645550926,344.1768167495449,342.6690915831442
3491,373.3067539264663,343.6130953428257,342.00287537520336
3492,371.91066940351976,342.28118469647603,340.4287991567901
3493,369.2230544546911,339.717111458218,337.3985307843033
3494,365.0784046776959,335.76297897366055,332.72546512073546
3495,360.1319110898681,331.0438610667997,327.1483257762635
3496,355.95294955823107,327.05699403748423,322.4365738325271
3497,354.3000163008398,325.48004123338154,320.5729023367693
3498,355.95294955823107,327.05699403748423,322.4365738325271
3499,360.1319110898681,331.0438610667997,327.1483257762635
3500,365.0784046776959,335.76297897366055,332.72546512073546
3501,369.2230544546911,339.717111458218,337.3985307843033
3502,371.91066940351976,342.28118469647603,340.4287991567901
3503,373.3067539264663,343.6130953428257,342.00287537520336
3504,373.92667769037956,342.3027997520525,342.63832220125613
3505,373.9266776859417,342.30279974781865,342.63832219625243
3506,373.9266776212507,342.3027996861013,342.63832212331374
3507,373.9266768304114,342.3027989316145,342.6383212316475
3508,373.92666872677773,342.30279120048095,342.63831209485335
3509,373.92659917162274,342.3027248425707,342.6382336718685
3510,373.9260995201919,342.3022481586384,342.63767031813035
3511,373.92309888144763,342.29938545038283,342.6342871174646
3512,373.9080558396691,342.285033892745,342.61732618571085
3513,373.8452243686905,342.2250905986631,342.54648411088675
3514,373.6271779795965,342.01706715720314,342.300638225525
3515,373.00094485832483,341.4196201204305,341.5945644547937
3516,371.52133710992865,340.00802556428494,339.92631634298533
3517,368.6729308439533,337.29055211018874,336.7147568063262
3518,364.28032006456607,333.0998566571741,331.76211672549067
3519,359.03789375036627,328.0984091761509,325.8513151570087
3520,354.60891845493825,323.8730207763496,320.85767432087994
3521,352.8570955423426,322.20172398202595,318.8825053821338
3522,354.60891845493825,323.8730207763496,320.85767432087994
3523,359.03789375036627,328.0984091761509,325.8513151570087
3524,364.28032006456607,333.0998566571741,331.76211672549067
3525,368.6729308439533,337.29055211018874,336.7147568063262
3526,371.52133710992865,340.00802556428494,339.92631634298533
3527,373.00094485832483,341.4196201204305,341.5945644547937
3528,373.4662358157502,340.93987448978277,342.08090623064356
3529,373.46623581105143,340.9398744852999,342.0809062253457
3530,373.46623574255705,340.9398744199541,342.08090614811874
3531,373.4662349052225,340.9398736211093,342.0809052040295
3532,373.4662263251577,340.93986543544474,342.08089553006226
3533,373.4661526806961,340.9397951762012,342.08081249641083
3534,373.4656236536151,340.9392904669306,342.0802160218182
3535,373.46244660045807,340.93625945351096,342.07663391504957
3536,373.4465191438568,340.92106413498414,342.0586758113361
3537,373.3799936670325,340.8575966375803,341.9836687689497
3538,373.14912783215146,340.6373430223425,341.72336904185056
3539,372.48607703377183,340.00477070819016,340.9757835796705
3540,370.91947976266187,338.51018528041834,339.20945534684927
3541,367.9036091793087,335.6329453483381,335.80908088166353
3542,363.2527467683115,331.1958693274388,330.56526376605524
3543,357.702106224071,325.90037531298555,324.3069526580651
3544,353.0127413439859,321.42656666763116,319.0197242590099
3545,351.1579247567418,319.6570105132786,316.92843062204776
3546,353.0127413439859,321.42656666763116,319.0197242590099
3547,357.702106224071,325.90037531298555,324.3069526580651
3548,363.2527467683115,331.1958693274388,330.56526376605524
3549,367.9036091793087,335.6329453483381,335.80908088166353
3550,370.91947976266187,338.51018528041834,339.20945534684927
3551,372.48607703377183,340.00477070819016,340.9757835796705
3552,372.8367356279057,340.4268825051422,341.3533462710312
3553,372.8367356229355,340.42688250040055,341.3533462654274
3554,372.83673555048495,340.4268824312803,341.35334618373986
3555,372.83673466478695,340.4268815862953,341.35334518512116
3556,372.8367255891478,340.42687292783637,341.35333495239706
3557,372.8366476910694,340.42679861050226,341.35324712282033
3558,372.8360881080115,340.4262647498225,341.3526161965625
3559,372.83272755203063,340.4230586686614,341.3488271915538
3560,372.81588014441957,340.40698568655193,341.32983184906084
3561,372.7455122349261,340.33985238174455,341.25049248883397
3562,372.50131186313524,340.10687717882183,340.9751581581071
3563,371.79996403674954,339.4377682377773,340.1843930459636
3564,370.142881964607,337.8568573276673,338.3160437885608
3565,366.95281827195413,334.81343142834555,334.719267725726
3566,362.0333275621274,330.1200751570451,329.17257395055276
3567,356.1620886008518,324.5187196866174,322.55279021277454
3568,351.20187156497093,319.78650915802325,316.9601777698906
3569,349.23992297070504,317.9147455381685,314.74809349188047
3570,351.20187156497093,319.78650915802325,316.9601777698906
3571,356.1620886008518,324.5187196866174,322.55279021277454
3572,362.0333275621274,330.1200751570451,329.17257395055276
3573,366.95281827195413,334.81343142834555,334.719267725726
3574,370.142881964607,337.8568573276673,338.3160437885608
3575,371.79996403674954,339.4377682377773,340.1843930459636
3576,372.08688434937324,340.80208916927995,340.5043959986188
3577,372.08688434412113,340.80208916426926,340.5043959926971
3578,372.0868842675608,340.80208909122814,340.50439590637575
3579,372.08688333162036,340.8020881983101,340.504394851109
3580,372.08687374115334,340.80207904868854,340.50438403791986
3581,372.0867914242011,340.8020005156032,340.5042912260917
3582,372.0862000980382,340.8014363709551,340.5036245096895
3583,372.08264890997924,340.79804842050856,340.4996205682526
3584,372.0648458104101,340.7810636767739,340.4795476892935
3585,371.99048618618144,340.7101221445523,340.39570769666796
3586,371.7324332183789,340.46393110848743,340.1047546540458
3587,370.99130048899985,339.75686605877627,339.269132322569
3588,369.24021819754836,338.0862758414331,337.2947984293453
3589,365.86919383206,334.87020749621433,333.4939903849958
3590,360.6706383653416,329.910614249562,327.6326529116794
3591,354.46634544177107,323.9915143224782,320.6373529978531
3592,349.22475339313064,318.99086275829393,314.7274920583626
3593,347.15151061420477,317.01292081829524,312.3899243110915
3594,349.22475339313064,318.99086275829393,314.7274920583626
3595,354.46634544177107,323.9915143224782,320.6373529978531
3596,360.6706383653416,329.910614249562,327.6326529116794
3597,365.86919383206,334.87020749621433,333.4939903849958
3598,369.24021819754836,338.0862758414331,337.2947984293453
3599,370.99130048899985,339.75686605877627,339.269132322569
3600,371.2724801619689,342.0694315834767,339.5898972479733
3601,371.27248015642425,342.06943157818694,339.58989724172176
3602,371.27248007559984,342.0694315010779,339.5898971505928
3603,371.2724790875323,342.06943055842885,339.58989603655306
3604,371.27246896292525,342.06942089922,339.58988462112444
3605,371.27238206133904,342.0693379922427,339.58978664015126
3606,371.27175780132734,342.0687424276175,339.5890827910487
3607,371.26800883022077,342.0651657856251,339.58485585051227
3608,371.24921418888283,342.0472350783643,339.5636650146586
3609,371.170713113159,341.9723424649244,339.47515556241143
3610,370.89828791230065,341.71243984485136,339.16799792050693
3611,370.1158778730631,340.96599488113816,338.28583569066404
3612,368.2672692365092,339.2023613163426,336.2015414777239
3613,364.708496021511,335.8071743809584,332.1890478268152
3614,359.22040755171446,330.57135710708485,326.0012637758738
3615,352.67056718258175,324.3225935285541,318.6163613648829
3616,347.1370452129337,319.0434311984475,312.3773513383933
3617,344.9483333942456,316.95532798894453,309.9095929998898
3618,347.1370452129337,319.0434311984475,312.3773513383933
3619,352.67056718258175,324.3225935285541,318.6163613648829
3620,359.22040755171446,330.57135710708485,326.0012637758738
3621,364.708496021511,335.8071743809584,332.1890478268152
3622,368.2672692365092,339.2023613163426,336.2015414777239
3623,370.1158778730631,340.96599488113816,338.28583569066404
3624,370.45213092439036,344.1963623384565,338.6684985037601
3625,370.4521309185426,344.1963623328775,338.66849849716675
3626,370.45213083330003,344.1963622515533,338.6684984010563
3627,370.45212979122033,344.1963612573749,338.66849722611823
3628,370.4521191131572,344.19635107015074,338.66848518667155
3629,370.45202746114387,344.1962636311094,338.6683818496226
3630,370.45136907630405,344.1956355102735,338.66763952499844
3631,370.4474151697666,344.1918633531259,338.6631815210967
3632,370.42759312976074,344.1729524736754,338.6408322999279
3633,370.3448008361742,344.09396589696667,338.54748452745395
3634,370.0574836624686,343.81985584399513,338.223536283033
3635,369.2323036114147,343.0326068794164,337.29315114307633
3636,367.2826418067469,341.17256526178016,335.09492014041535
3637,363.5293302233436,337.59178231143875,330.86308574455734
3638,357.7412384344041,332.0697519837428,324.3370499027348
3639,350.83335466611504,325.47940320220073,316.5484558881851
3640,344.997345780197,319.91165838475945,309.968393831209
3641,342.6889892411536,317.7094101688464,307.36573684876635
3642,344.997345780197,319.91165838475945,309.968393831209
3643,350.83335466611504,325.47940320220073,316.5484558881851
3644,357.7412384344041,332.0697519837428,324.3370499027348
3645,363.5293302233436,337.59178231143875,330.86308574455734
3646,367.2826418067469,341.17256526178016,335.09492014041535
3647,369.2323036114147,343.0326068794164,337.29315114307633
3648,369.6827962696801,347.11312535641224,337.7971967787081
3649,369.68279626351875,347.11312535053406,337.79719677176115
3650,369.68279617370416,347.11312526484795,337.7971966704958
3651,369.68279507573254,347.1131242173468,337.7971954325399
3652,369.68278382495146,347.1131134837309,337.79718274735745
3653,369.682687257182,347.11302135489626,337.7970738678256
3654,369.681993559869,347.1123595447971,337.79629172861746
3655,369.6778275855402,347.10838506798723,337.79159461966043
3656,369.65694239034724,347.08845990344935,337.7680466979338
3657,369.56970953179615,347.0052368814145,337.6696922173472
3658,369.26698210044447,346.71642493476503,337.32836900767046
3659,368.3975435143817,345.8869518691371,336.3480826573829
3660,366.34331159180186,343.9271469126428,334.0319495269806
3661,362.38869112811096,340.1543086558692,329.57314067806635
3662,356.2901550152348,334.3361042116682,322.69708088037424
3663,349.0117668761655,327.3922820495032,314.4907455978156
3664,342.86274363264187,321.52591121873473,307.5577618887256
3665,340.43057838231687,319.2055454118332,304.8155113896602
3666,342.86274363264187,321.52591121873473,307.5577618887256
3667,349.0117668761655,327.3922820495032,314.4907455978156
3668,356.2901550152348,334.3361042116682,322.69708088037424
3669,362.38869112811096,340.1543086558692,329.57314067806635
3670,366.34331159180186,343.9271469126428,334.0319495269806
3671,368.3975435143817,345.8869518691371,336.3480826573829
3672,369.0154857350821,350.7136436054737,337.02703553195266
3673,369.01548572859656,350.7136435992863,337.02703552464027
3674,369.01548563405714,350.71364350909255,337.0270354180477
3675,369.015484478325,350.713642406486,337.0270341149672
3676,369.015472635679,350.71363110821136,337.02702076246084
3677,369.01537098781085,350.71353413279513,337.02690615515075
3678,369.0146407974648,350.7128375071397,337.0260828702853
3679,369.0102556655349,350.7086539467556,337.0211386625586
3680,368.9882717719548,350.687680587746,336.99635196554726
3681,368.896449892324,350.6000794883584,336.8928233935437
3682,368.5777970105518,350.29607413714467,336.53354434210934
3683,367.6626202466365,349.42296534242934,335.50168849380935
3684,365.5003222380427,347.36006177828955,333.0637115543714
3685,361.3376627742349,343.3887474589586,328.3703400860712
3686,354.91830362239756,337.26446726206257,321.13255439883045
3687,347.25702448157034,329.9553544650895,312.49451200240776
3688,340.7845222445444,323.7803740134603,305.1968078323005
3689,338.22440913387675,321.33794173095,302.3102969529701
3690,340.7845222445444,323.7803740134603,305.1968078323005
3691,347.25702448157034,329.9553544650895,312.49451200240776
3692,354.91830362239756,337.26446726206257,321.13255439883045
3693,361.3376627742349,343.3887474589586,328.3703400860712
3694,365.5003222380427,347.36006177828955,333.0637115543714
3695,367.6626202466365,349.42296534242934,335.50168849380935
3696,368.4914334066335,354.85812670400423,336.39927911174505
3697,368.49143339981345,354.8581266974977,336.3992791040555
3698,368.4914333003978,354.8581266026519,336.399278991965
3699,368.491432085054,354.85812544317383,336.3992776216727
3700,368.49141963157456,354.858113562144,336.3992635804557
3701,368.49131274079775,354.8580115848201,336.39914306180015
3702,368.49054488786805,354.85727902781866,336.39827731261664
3703,368.4859335746436,354.85287968302515,336.39307808695156
3704,368.46281577093504,354.8308245363821,336.36701291364614
3705,368.36625779853915,354.73870504840687,336.25814442785725
3706,368.0311690780106,354.4190193653354,335.8803340751364
3707,367.06878829183245,353.50087637765455,334.79525599878633
3708,364.7949608308299,351.33157004018466,332.23153032723104
3709,360.4175950089173,347.15541877903655,327.2960788367832
3710,353.66713088996914,340.7152535311241,319.6849744528867
3711,345.61068962813425,333.02914304715324,310.6013893354666
3712,338.80434134984085,326.5356624694232,302.927275925422
3713,336.11217982947096,323.9672516520712,299.89188132309687
3714,338.80434134984085,326.5356624694232,302.927275925422
3715,345.61068962813425,333.02914304715324,310.6013893354666
3716,353.66713088996914,340.7152535311241,319.6849744528867
3717,360.4175950089173,347.15541877903655,327.2960788367832
3718,364.7949608308299,351.33157004018466,332.23153032723104
3719,367.06878829183245,353.50087637765455,334.79525599878633
3720,368.1390335964911,359.37741956398276,335.94234824219745
3721,368.13903358932635,359.37741955714733,335.94234823411915
3722,368.1390334848849,359.3774194575068,335.94234811636215
3723,368.13903220810215,359.37741823941394,335.9423466767979
3724,368.1390191250658,359.37740575776604,335.94233192575945
3725,368.1389068306716,359.3772986252131,335.9422053145605
3726,368.13810016070346,359.37652903547763,335.9412957994186
3727,368.13325573314677,359.3719072919283,335.93583373886037
3728,368.10896926205197,359.34873719808246,335.9084509006789
3729,368.0075300234837,359.2519608213044,335.79407881903205
3730,367.65550166352733,358.91611416393056,335.3971691330448
3731,366.6444699305659,357.95155656960486,334.25723743065987
3732,364.255694352988,355.67258594051924,331.56390850537684
3733,359.6570408716465,351.28531895918735,326.3789566183483
3734,352.56532256794105,344.51958597213104,318.38309036091806
3735,344.10160645116173,336.4449218537813,308.8403054937775
3736,336.95117889299144,329.62317830305506,300.7782449338283
3737,334.122921340011,326.9249273852073,297.5894029400082
3738,336.95117889299144,329.62317830305506,300.7782449338283
3739,344.10160645116173,336.4449218537813,308.8403054937775
3740,352.56532256794105,344.51958597213104,318.38309036091806
3741,359.6570408716465,351.28531895918735,326.3789566183483
3742,364.255694352988,355.67258594051924,331.56390850537684
3743,366.6444699305659,357.95155656960486,334.25723743065987
3744,367.9717649909234,364.0790160212253,335.6697439936727
3745,367.9717649834037,364.0790160140513,335.6697439851943
3746,367.97176487378965,364.07901590947586,335.6697438616051
3747,367.9717635337713,364.07901463105424,335.6697423507432
3748,367.9717498027678,364.0790015312243,335.66972686912607
3749,367.9716319467389,364.07888909268854,335.66959398722014
3750,367.97078532460944,364.07808138727444,335.6686394262762
3751,367.96570096578114,364.07323074138446,335.66290684476985
3752,367.9402116520749,364.0489130960446,335.6341678093682
3753,367.83374840494866,363.9473436495235,335.5141311907524
3754,367.46428504135844,363.59486342406876,335.0975636515786
3755,366.40317966677236,362.582533925331,333.9011742439794
3756,363.89609455617625,360.19069210255935,331.07445208979476
3757,359.06968232219316,355.5861357648478,325.63270369068107
3758,351.6267305712425,348.4853144933424,317.2408240061747
3759,342.74382970108,340.01073430498275,307.22541105629506
3760,335.23926098656665,332.8511284194973,298.7640586461759
3761,332.2709275581088,330.0192404998931,295.4172820139164
3762,335.23926098656665,332.8511284194973,298.7640586461759
3763,342.74382970108,340.01073430498275,307.22541105629506
3764,351.6267305712425,348.4853144933424,317.2408240061747
3765,359.06968232219316,355.5861357648478,325.63270369068107
3766,363.89609455617625,360.19069210255935,331.07445208979476
3767,366.40317966677236,362.582533925331,333.9011742439794
3768,367.98725675582506,368.7545597526458,335.5791137253472
3769,367.98725674794065,368.75455974512386,335.5791137164576
3770,367.98725663300996,368.75455963547614,335.579113586874
3771,367.98725522799697,368.75455829504745,335.579112002731
3772,367.9872408310008,368.7545445598386,335.57909577021144
3773,367.9871172586196,368.7544266677143,335.57895644315545
3774,367.98622957291127,368.7535797862927,335.57795558329354
3775,367.98089860823353,368.7484938702948,335.57194495529603
3776,367.9541729903891,368.7229967500616,335.54181199502045
3777,367.8425459732808,368.6165008967926,335.4159532593389
3778,367.45516258679135,368.2469243788929,334.979181010912
3779,366.3425905865941,367.1854940231106,333.7247633177147
3780,363.71390472469375,364.6776410759377,330.76093710741947
3781,358.65339778396304,359.84975067281215,325.05524844918017
3782,350.84944172525616,352.40451939390704,316.2563387559287
3783,341.5356949236942,343.51889798738654,305.7551498209499
3784,333.6671333036181,336.01203087369726,296.88339777749894
3785,330.55482726988396,333.04278834368205,293.3742929692991
3786,333.6671333036181,336.01203087369726,296.88339777749894
3787,341.5356949236942,343.51889798738654,305.7551498209499
3788,350.84944172525616,352.40451939390704,316.2563387559287
3789,358.65339778396304,359.84975067281215,325.05524844918017
3790,363.71390472469375,364.6776410759377,330.76093710741947
3791,366.3425905865941,367.1854940231106,333.7247633177147
3792,368.167564760576,373.1885553170714,335.65252716242236
3793,368.1675647523173,373.1885553091923,335.65252715311067
3794,368.16756463192974,373.1885551943386,335.6525270173745
3795,368.1675631602075,373.1885537902671,335.65252535801733
3796,368.16754807965043,373.18853940291865,335.6525083547873
3797,368.16741864012516,373.1884159133455,335.6523624125645
3798,368.1664888076209,373.1875288224915,335.6513140324643
3799,368.16090473187177,373.18220143018965,335.6450180233803
3800,368.13291019739154,373.15549372166555,335.61345436785183
3801,368.01598319508395,373.0439415078422,335.4816199333333
3802,367.6102070729646,372.6568177139729,335.02410999512415
3803,366.44481080775597,371.544991268414,333.7101332867363
3804,363.6913164853013,368.91806693649704,330.60558634901633
3805,358.39053964771773,363.86095113307823,324.6289949449759
3806,350.2160563396205,356.0622246466021,315.4123181882314
3807,340.4600983110936,346.7547191553796,304.4125389713321
3808,332.2179420075245,338.8914304008905,295.11956135239035
3809,328.95786551157033,335.781209979772,291.4438463092503
3810,332.2179420075245,338.8914304008905,295.11956135239035
3811,340.4600983110936,346.7547191553796,304.4125389713321
3812,350.2160563396205,356.0622246466021,315.4123181882314
3813,358.39053964771773,363.86095113307823,324.6289949449759
3814,363.6913164853013,368.91806693649704,330.60558634901633
3815,366.44481080775597,371.544991268414,333.7101332867363
3816,368.4806357195623,377.16792179461174,335.85794040892296
3817,368.4806357109199,377.1679217863666,335.8579403991787
3818,368.48063558493953,377.16792166617716,335.85794025713665
3819,368.48063404484554,377.16792019687676,335.8579385206907
3820,368.48061826369127,377.16790514113546,335.8579207275419
3821,368.4804828107962,377.1677759146094,335.85776800528384
3822,368.4795097810793,377.16684761219085,335.8566709206073
3823,368.4736662860193,377.1612727253166,335.8500824179378
3824,368.4443712099331,377.1333242572378,335.8170524102083
3825,368.3220121318938,377.0165896641388,335.6790933456367
3826,367.8973848754604,376.61148126684753,335.2003288761107
3827,366.67784781603774,375.4480027192631,333.82530877442
3828,363.7964344552852,372.69903940891805,330.57653395310314
3829,358.249399519486,367.40698526374973,324.3222881451769
3830,349.69515438118407,359.24595347525695,314.67743239514004
3831,339.48596397861303,349.50604936178934,303.1666366246783
3832,330.8609019616545,341.27745593711086,293.4419353046037
3833,327.4493721480962,338.022744059475,289.59545763103404
3834,330.8609019616545,341.27745593711086,293.4419353046037
3835,339.48596397861303,349.50604936178934,303.1666366246783
3836,349.69515438118407,359.24595347525695,314.67743239514004
3837,358.249399519486,367.40698526374973,324.3222881451769
3838,363.7964344552852,372.69903940891805,330.57653395310314
3839,366.67784781603774,375.4480027192631,333.82530877442
3840,368.8828483663263,380.4919469528607,336.1517370126229
3841,368.8828483572912,380.4919469442409,336.15173700243594
3842,368.8828482255869,380.49194681859063,336.15173685394006
3843,368.88284661551785,380.49194528253173,336.1517350385978
3844,368.88283011733813,380.49192954272456,336.15171643700745
3845,368.8826885100662,380.4917944447201,336.15155677572943
3846,368.881671270208,380.49082396436967,336.1504098444062
3847,368.87556227273046,380.4849957794388,336.14352198948797
3848,368.8449361587221,380.4557774573146,336.10899124515936
3849,368.7170176285583,380.3337389636631,335.9647639344803
3850,368.2730971987801,379.91022424314616,335.46424653750574
3851,366.99814980115775,378.6938824067328,334.0267516399264
3852,363.98581783684244,375.8200184338388,330.630366944688
3853,358.18675031259204,370.2875168929234,324.091956032697
3854,349.2438383334634,361.75568412879375,314.00888094781646
3855,338.57078774019016,351.573242105723,301.975085829642
3856,329.55384127850664,342.9707780052443,291.8085373472581
3857,325.98730672828424,339.568186500262,287.78729284136995
3858,329.55384127850664,342.9707780052443,291.8085373472581
3859,338.57078774019016,351.573242105723,301.975085829642
3860,349.2438383334634,361.75568412879375,314.00888094781646
3861,358.18675031259204,370.2875168929234,324.091956032697
3862,363.98581783684244,375.8200184338388,330.630366944688
3863,366.99814980115775,378.6938824067328,334.0267516399264
3864,369.3224403557883,382.9821471451402,336.48215477905353
3865,369.3224403463519,382.98214713613754,336.4821547684141
3866,369.3224402087979,382.98214700490644,336.4821546133228
3867,369.3224385272175,382.9821454006234,336.4821527173518
3868,369.3224212962692,382.9821289617308,336.48213328956973
3869,369.32227339949384,382.9819878633328,336.4819665369175
3870,369.3212109788092,382.9809742789849,336.4807686645064
3871,369.31483064949924,382.9748872345435,336.473574884712
3872,369.2828442730804,382.9443711772488,336.43751045336376
3873,369.14924422654343,382.8169123297287,336.2868772699309
3874,368.68560701932154,382.3745871537148,335.7641293346418
3875,367.35403268496674,381.1042213533763,334.2627879342417
3876,364.2079076466167,378.10271437836764,330.7155524183223
3877,358.1512738647972,372.3244861389908,323.88673722633155
3878,348.811161411523,363.4137110317908,313.3558211905497
3879,337.6640660366259,352.77901466371895,300.7875436646467
3880,328.2466308506561,343.7944711211632,290.16944675071716
3881,324.5216882541832,340.2407531193243,285.9695982030894
3882,328.2466308506561,343.7944711211632,290.16944675071716
3883,337.6640660366259,352.77901466371895,300.7875436646467
3884,348.811161411523,363.4137110317908,313.3558211905497
3885,358.1512738647972,372.3244861389908,323.88673722633155
3886,364.2079076466167,378.10271437836764,330.7155524183223
3887,367.35403268496674,381.1042213533763,334.2627879342417
3888,369.74356340927085,384.4915120866961,336.793340850757
3889,369.74356339942494,384.49151207730284,336.7933408396558
3890,369.7435632559017,384.4915119403769,336.79334067783424
3891,369.743561501348,384.49151026647485,336.79333869958634
3892,369.743543522651,384.4914931142054,336.79331842872244
3893,369.7433892077949,384.4913458927468,336.79314443972595
3894,369.742280682645,384.4902883232196,336.7918945848302
3895,369.7356234746229,384.48393712736157,336.78438862608886
3896,369.7022490277333,384.4520968050905,336.74675915431396
3897,369.5628513166825,384.3191067945477,336.5895891418542
3898,369.07909425880723,383.8575866179104,336.04415620582836
3899,367.68973535426744,382.5320924331803,334.4776630784201
3900,364.4070820888415,379.40033302991185,330.77649287455733
3901,358.0876165815818,373.3713546621879,323.6513366217927
3902,348.34218362184606,364.0738904334721,312.66342435149227
3903,336.7113524926386,352.97769421306606,299.54973790919416
3904,326.88524132784715,343.603260317775,288.47086148748656
3905,322.9986523242998,339.8953263161253,284.08875766735514
3906,326.88524132784715,343.603260317775,288.47086148748656
3907,336.7113524926386,352.97769421306606,299.54973790919416
3908,348.34218362184606,364.0738904334721,312.66342435149227
3909,358.0876165815818,373.3713546621879,323.6513366217927
3910,364.4070820888415,379.40033302991185,330.77649287455733
3911,367.68973535426744,382.5320924331803,334.4776630784201
3912,370.09066219219477,384.9126175336603,337.0297305429976
3913,370.09066218193163,384.91261752386896,337.02973053142597
3914,370.09066203232624,384.9126173811405,337.0297303627468
3915,370.0906602034194,384.91261563630303,337.0297283006663
3916,370.09064146283504,384.9125977571679,337.02970717077926
3917,370.0904806085422,384.9124442968712,337.0295258086104
3918,370.089325107163,384.911341910473,337.0282229883217
3919,370.08238578508127,384.90472156850427,337.0203989478132
3920,370.04759702145856,384.8715319414575,336.9811748431215
3921,369.9022920210391,384.7329061821675,336.81734440032426
3922,369.39803467730235,384.2518280571801,336.2487975253391
3923,367.94979858586953,382.870163095709,334.6159207526915
3924,364.52803555608966,379.6056883925366,330.7579051943968
3925,357.9407685826147,373.3212185999759,323.3308045304615
3926,347.78235113352275,363.62975355747704,311.87725493478104
3927,335.65863755624656,352.06333123743906,298.2078467383725
3928,325.4161229829544,342.29163476682214,286.6594781821888
3929,321.36483108918156,338.4265687797014,282.09167292468254
3930,325.4161229829544,342.29163476682214,286.6594781821888
3931,335.65863755624656,352.06333123743906,298.2078467383725
3932,347.78235113352275,363.62975355747704,311.87725493478104
3933,357.9407685826147,373.3212185999759,323.3308045304615
3934,364.52803555608966,379.6056883925366,330.7579051943968
3935,367.94979858586953,382.870163095709,334.6159207526915
3936,370.3128480406088,384.18412411801455,337.1404210533279
3937,370.3128480299212,384.18412410781826,337.14042104127765
3938,370.3128478741281,384.18412395918654,337.140420865622
3939,370.3128459695781,384.184122142183,337.14041871825424
3940,370.31282645388717,384.1841035235707,337.14039671443965
3941,370.31265894669554,384.1839437161893,337.14020785117066
3942,370.3114556540289,384.18279573532783,337.13885114651623
3943,370.30422932308477,384.1759015774453,337.1307035053823
3944,370.2680017037132,384.1413392345929,337.0898571001932
3945,370.11668691986307,383.9969799438426,336.91925066567006
3946,369.5915736013115,383.49600453152107,336.32718881474466
3947,368.0834387779635,382.0571942056904,334.6267766114902
3948,364.52015236839054,378.6577015339382,330.6091943630558
3949,357.6604374557765,372.11330742823526,322.87491041995236
3950,347.081870055261,362.02100548498544,310.9476444870207
3951,334.45672230321367,349.9761984361979,296.7128725202718
3952,323.7905795396065,339.80034671029335,284.6868659351119
3953,319.57172708820724,335.77542242881964,279.9301372388248
3954,323.7905795396065,339.80034671029335,284.6868659351119
3955,334.45672230321367,349.9761984361979,296.7128725202718
3956,347.081870055261,362.02100548498544,310.9476444870207
3957,357.6604374557765,372.11330742823526,322.87491041995236
3958,364.52015236839054,378.6577015339382,330.6091943630558
3959,368.0834387779635,382.0571942056904,334.6267766114902
3960,370.3679387443043,382.2952465437493,337.08321125387386
3961,370.36793873318555,382.2952465331416,337.0832112413375
3962,370.3679385711073,382.2952463785136,337.0832110585953
3963,370.36793658972135,382.2952444882061,337.0832088245956
3964,370.3679162867025,382.295225118457,337.0831859330739
3965,370.3677420217134,382.29505886391405,337.0829894504322
3966,370.3664901842167,382.29386456968473,337.0815780117976
3967,370.3589723190368,382.2866922785331,337.07310166770924
3968,370.32128315695314,382.2507355757646,337.0306073826193
3969,370.16386383122585,382.10055235087304,336.8531181168383
3970,369.61756569410085,381.5793659234337,336.23717052077365
3971,368.04858769369326,380.082509201449,334.4681580311554
3972,364.34154645360024,376.54586968358063,330.2884931464018
3973,357.20508781585954,369.73745294332497,322.2421824533724
3974,346.19974580645487,359.2379939577698,309.83373092498897
3975,333.06525758418616,346.70725931380133,295.0246808912081
3976,321.9688071301376,336.1208798693491,282.5135051841282
3977,317.57975213270936,331.93357674951295,277.56487422432184
3978,321.9688071301376,336.1208798693491,282.5135051841282
3979,333.06525758418616,346.70725931380133,295.0246808912081
3980,346.19974580645487,359.2379939577698,309.83373092498897
3981,357.20508781585954,369.73745294332497,322.2421824533724
3982,364.34154645360024,376.54586968358063,330.2884931464018
3983,368.04858769369326,380.082509201449,334.4681580311554
3984,370.2258601495358,379.28787132694816,336.82800333033697
3985,370.22586013797974,379.2878713159233,336.8280033173076
3986,370.2258599695273,379.28787115521413,336.82800312737857
3987,370.2258579102177,379.2878691905649,336.8280008055204
3988,370.2258368087245,379.28784905904496,336.8279770137241
3989,370.22565569026574,379.28767626606606,336.82777280383993
3990,370.22435462067534,379.28643500279685,336.82630585633996
3991,370.2165410939228,379.27898064076055,336.81749615575166
3992,370.17736969763195,379.24160983770776,336.77333066123464
3993,370.01375940621153,379.0855202275061,336.5888611219055
3994,369.4459765307322,378.5438366515935,335.94868962309965
3995,367.8152939783014,376.9881117533508,334.11010565244914
3996,363.9624627277736,373.3123837606529,329.76606347926077
3997,356.54534242163504,366.23620653883813,321.4033085807524
3998,345.1071838282017,355.3238262675661,308.50685916924914
3999,331.45614425110284,342.30028460684736,293.1154008429451
4000,319.9232941125865,331.2975654807693,280.11218733030745
4001,315.36162696103554,326.9455846770347,274.9689372895301
4002,319.9232941125865,331.2975654807693,280.11218733030745
4003,331.45614425110284,342.30028460684736,293.1154008429451
4004,345.1071838282017,355.3238262675661,308.50685916924914
4005,356.54534242163504,366.23620653883813,321.4033085807524
4006,363.9624627277736,373.3123837606529,329.76606347926077
4007,367.8152939783014,376.9881117533508,334.11010565244914
4008,369.8711525459025,375.2561186060878,336.3593092330986
4009,369.8711525339037,375.25611859464055,336.35930921957004
4010,369.8711523589973,375.256118427774,336.3593090223642
4011,369.87115022078854,375.25611638785244,336.35930661154777
4012,369.8711283108256,375.2560954850257,336.3592819082071
4013,369.8709402531047,375.25591607176204,336.35906987435004
4014,369.8695893351278,375.2546272514892,336.35754672311845
4015,369.8614764456781,375.2468872875736,336.34839949303637
4016,369.82080426040733,375.2080846823717,336.30254186870684
4017,369.65092550409634,375.0460147500715,336.11100467598845
4018,369.0613889419172,374.4835774401001,335.44630603693133
4019,367.36822941301466,372.8682474472182,333.5372796817073
4020,363.3677831364782,369.05168985468555,329.026802526896
4021,355.66648780794543,361.70440029580783,320.3436421391314
4022,343.7900945843218,350.37392974421556,306.95308603270416
4023,329.61603740505257,336.85141205367245,290.9719287620623
4024,317.64132468225677,325.42714145950475,277.4705180598641
4025,312.90488459842993,320.9084215182996,272.1302126748035
4026,317.64132468225677,325.42714145950475,277.4705180598641
4027,329.61603740505257,336.85141205367245,290.9719287620623
4028,343.7900945843218,350.37392974421556,306.95308603270416
4029,355.66648780794543,361.70440029580783,320.3436421391314
4030,363.3677831364782,369.05168985468555,329.026802526896
4031,367.36822941301466,372.8682474472182,333.5372796817073
4032,369.304391151332,370.3432778883667,335.67767125503235
4033,369.3043911388857,370.34327787649244,335.67767124099913
4034,369.30439095745527,370.34327770340184,335.6776710364375
4035,369.30438873949157,370.34327558739136,335.6776685356979
4036,369.30436601228905,370.3432539048911,335.6776429109249
4037,369.30417094003263,370.3430677995294,335.6774229682247
4038,369.3027696329409,370.3417309063803,335.6758430035939
4039,369.29435413346965,370.3337022425309,335.6663545826809
4040,369.2521648794729,370.2934523037656,335.61878647323107
4041,369.075949661359,370.12533717807145,335.4201049610471
4042,368.4644234402679,369.54192100877384,334.7306131246045
4043,366.70810921848863,367.86633935746664,332.7503802639686
4044,362.55844666808554,363.90742452186953,328.0716627309903
4045,354.56989374041683,356.28608174612316,319.0646212687446
4046,342.2505121546702,344.5329856972756,305.17459866556106
4047,327.5477639615338,330.50607935516797,288.59734571579753
4048,315.12639556844465,318.6556845308852,274.592333650736
4049,310.2132867102247,313.9684167563475,269.05283537173693
4050,315.12639556844465,318.6556845308852,274.592333650736
4051,327.5477639615338,330.50607935516797,288.59734571579753
4052,342.2505121546702,344.5329856972756,305.17459866556106
4053,354.56989374041683,356.28608174612316,319.0646212687446
4054,362.55844666808554,363.90742452186953,328.0716627309903
4055,366.70810921848863,367.86633935746664,332.7503802639686
4056,368.54241058626894,364.73619122978374,334.79988662762054
4057,368.54241057337094,364.7361912174787,334.7998866130781
4058,368.54241038535685,364.73619103810705,334.7998864010935
4059,368.542408086909,364.73618884531203,334.79988380960845
4060,368.5423845349951,364.73616637601,334.79985725497875
4061,368.5421823840711,364.73597351736606,334.79962933112694
4062,368.5407302271699,364.7345881118228,334.79799203366673
4063,368.53200935099187,364.7262681085307,334.7881593025033
4064,368.4882891581019,364.6845576036053,334.73886506940966
4065,368.3056795455526,364.5103420148766,334.5329739190939
4066,367.6719626197819,363.90575518196437,333.81846220747036
4067,365.8519162980925,362.1693710068921,331.76637181874855
4068,361.55167322799883,358.06679739275245,326.91787572931077
4069,353.27323637921296,350.1688958024103,317.5839920316337
4070,340.5068163032479,337.9893103006223,303.1899364386116
4071,325.27054341095567,323.4534038118786,286.0111378610054
4072,312.398435690227,311.1729888137854,271.4979201359861
4073,307.30704282067336,306.3156322166397,265.7574077939048
4074,312.398435690227,311.1729888137854,271.4979201359861
4075,325.27054341095567,323.4534038118786,286.0111378610054
4076,340.5068163032479,337.9893103006223,303.1899364386116
4077,353.27323637921296,350.1688958024103,317.5839920316337
4078,361.55167322799883,358.06679739275245,326.91787572931077
4079,365.8519162980925,362.1693710068921,331.76637181874855
4080,367.6173120563254,358.6573017127109,333.75801485494185
4081,367.6173120429724,358.6573016999717,333.7580148398864
4082,367.6173118483259,358.65730151427255,333.7580146204238
4083,367.6173094687982,358.6572992441247,333.7580119375218
4084,367.6172850860692,358.65727598219763,333.75798444615344
4085,367.6170758040879,358.65707632029,333.75774848208084
4086,367.61557242103373,358.6556420433086,333.7560534274664
4087,367.60654390803194,358.6470285443477,333.74587383778527
4088,367.5612814456498,358.6038466634974,333.69484070587134
4089,367.3722301132498,358.4234854617281,333.4816865583258
4090,366.7161582476516,357.7975712794575,332.74196979746057
4091,364.83190813977626,355.9999345763674,330.617490057445
4092,360.3799700917418,351.7526389537847,325.59795886712
4093,351.8095038681762,343.5761317153439,315.9348139489627
4094,338.59273673502406,330.9669002786853,301.03299497836616
4095,322.8189904853838,315.9182264932523,283.24819868649075
4096,309.49280747985864,303.204608708276,268.2230140315188
4097,304.22181110500406,298.1759044477903,262.27999990549023
4098,309.49280747985864,303.204608708276,268.2230140315188
4099,322.8189904853838,315.9182264932523,283.24819868649075
4100,338.59273673502406,330.9669002786853,301.03299497836616
4101,351.8095038681762,343.5761317153439,315.9348139489627
4102,360.3799700917418,351.7526389537847,325.59795886712
4103,364.83190813977626,355.9999345763674,330.617490057445
4104,366.57432245156406,352.35472132087324,332.59723699381163
4105,366.57432243775355,352.3547213076975,332.59723697824035
4106,366.57432223643747,352.35472111563536,332.59723675125775
4107,366.5743197753743,352.3547187677,332.59723397642506
4108,366.5742945571616,352.3546947086939,332.59720554305426
4109,366.57407810405164,352.35448820529325,332.59696149358075
4110,366.5725232069913,352.3530047822522,332.59520835725954
4111,366.56318532847365,352.3440961383932,332.5846799599716
4112,366.51637193018183,352.29943461357016,332.53189815790796
4113,366.320842680215,352.112893264946,332.31144020044314
4114,365.6422902565093,351.46553188933785,331.5463767565426
4115,363.69347558450585,349.60629846418277,329.3491008904502
4116,359.08899014459627,345.21346760217017,324.15757350807166
4117,350.22485355647194,336.7567891572988,314.1633171641327
4118,336.55520874770315,323.7154974923849,298.7508815601436
4119,320.2409689367149,308.15117503610816,280.3566822936348
4120,306.45815907807327,295.00192018397826,264.81665383202665
4121,301.0065499586361,289.8009054126158,258.6700000113256
4122,306.45815907807327,295.00192018397826,264.81665383202665
4123,320.2409689367149,308.15117503610816,280.3566822936348
4124,336.55520874770315,323.7154974923849,298.7508815601436
4125,350.22485355647194,336.7567891572988,314.1633171641327
4126,359.08899014459627,345.21346760217017,324.15757350807166
4127,363.69347558450585,349.60629846418277,329.3491008904502
4128,365.46866000535806,346.09079183020214,331.3727215229345
4129,365.46865999108826,346.09079181658825,331.3727215068454
4130,365.4686597830772,346.0907916181389,331.3727212723143
4131,365.4686572401693,346.0907891921209,331.3727184052022
4132,365.4686311833033,346.090764333012,331.3726890262552
4133,365.46840753185944,346.09055096216355,331.3724368607071
4134,365.46680092536354,346.0890182066167,331.37062542233355
4135,365.4571525076851,346.07981329816374,331.3597468941619
4136,365.4087822896737,346.03366651601925,331.30520978799115
4137,365.20675054676195,345.84092157481984,331.0774203120282
4138,364.5056322801013,345.1720316413188,330.28691402698155
4139,362.49200810436537,343.2509678136436,328.01656586700176
4140,357.7343965511364,338.7120495928701,322.65238978790575
4141,348.57547549656397,329.97413705164746,312.3257658755517
4142,334.45123492300434,316.49914604478226,296.400776503802
4143,317.5944510717277,300.417218693174,277.39486236099225
4144,303.3532820474817,286.83067409068434,261.33803692168624
4145,297.7203749900468,281.4566951113449,254.98697085519413
4146,303.3532820474817,286.83067409068434,261.33803692168624
4147,317.5944510717277,300.417218693174,277.39486236099225
4148,334.45123492300434,316.49914604478226,296.400776503802
4149,348.57547549656397,329.97413705164746,312.3257658755517
4150,357.7343965511364,338.7120495928701,322.65238978790575
4151,362.49200810436537,343.2509678136436,328.01656586700176
4152,364.36163519497507,340.1297073980821,330.1457254829198
4153,364.36163518024506,340.1297073840292,330.14572546631183
4154,364.36163496552626,340.12970717918034,330.14572522421776
4155,364.3616323406164,340.1297046749298,330.145722264649
4156,364.3616054434865,340.1296790141814,330.14569193831
4157,364.3613745798849,340.12945876269686,330.1454316411009
4158,364.3597161646489,340.12787657990447,330.14356178870986
4159,364.3497566114404,340.11837483790157,330.1323324572519
4160,364.2998265839427,340.07073994609976,330.0760366760316
4161,364.0912798604898,339.8717794987466,329.84090160188697
4162,363.36755241470456,339.18131966321863,329.02490361444484
4163,361.28899427298376,337.1983066919325,326.6813428301976
4164,356.37796253812917,332.51302056154225,321.1441864942818
4165,346.92369090355135,323.49333383297704,310.48455672415935
4166,332.34398154489355,309.5838105940147,294.0460292599311
4167,314.9436117343281,292.9832843220095,274.427225483925
4168,300.24320329681456,278.95861018387865,257.85261059340667
4169,294.4286501309989,273.41133483054193,251.29673972128145
4170,300.24320329681456,278.95861018387865,257.85261059340667
4171,314.9436117343281,292.9832843220095,274.427225483925
4172,332.34398154489355,309.5838105940147,294.0460292599311
4173,346.92369090355135,323.49333383297704,310.48455672415935
4174,356.37796253812917,332.51302056154225,321.1441864942818
4175,361.28899427298376,337.1983066919325,326.6813428301976
4176,363.31627271206634,334.7248317847544,328.9792167148285
4177,363.3162726968762,334.7248317702625,328.9792166977017
4178,363.31627247544964,334.7248315590142,328.97921644804467
4179,363.31626976853823,334.72482897653157,328.9792133960197
4180,363.31624203114876,334.72480251414777,328.9791821222935
4181,363.3160039554261,334.72457538206197,328.9789136934648
4182,363.31429373171346,334.72294377227547,328.97698542735344
4183,363.3040230445575,334.7131451982325,328.9654052943935
4184,363.2525332155077,334.6640222043428,328.9073508470694
4185,363.0374715446526,334.4588462824516,328.664870212107
4186,362.2911350347463,333.7468166546138,327.82338065193505
4187,360.14764325733233,331.701854854826,325.4066076158222
4188,355.0831921212365,326.87020155933124,319.6964719029648
4189,345.333571408978,317.5687420766909,308.7038379689353
4190,330.298395582001,303.2246888159149,291.75177502438186
4191,312.35444257714096,286.10556626140834,271.5200847326923
4192,297.1947970623184,271.6427648162177,254.42768302473974
4193,291.1985987120797,265.92219397036985,247.66700838873768
4194,297.1947970623184,271.6427648162177,254.42768302473974
4195,312.35444257714096,286.10556626140834,271.5200847326923
4196,330.298395582001,303.2246888159149,291.75177502438186
4197,345.333571408978,317.5687420766909,308.7038379689353
4198,355.0831921212365,326.87020155933124,319.6964719029648
4199,360.14764325733233,331.701854854826,325.4066076158222
4200,362.3927763381794,330.1063720422326,327.9333390316465
4201,362.39277632253,330.10637202730254,327.9333390140019
4202,362.392776094409,330.10637180966756,327.93333875679696
4203,362.3927733056591,330.1063691491083,327.9333356124996
4204,362.3927447296803,330.10634188668274,327.9333033932694
4205,362.3924994561736,330.1061078876737,327.93302684898606
4206,362.39073752697504,330.1044269491495,327.9310402852756
4207,362.3801563243778,330.0943321331418,327.9191100481755
4208,362.32710979452065,330.0437239953769,327.8593004308171
4209,362.1055461273914,329.8323449547505,327.60948883734955
4210,361.33664549814455,329.0987884134049,326.74255837939563
4211,359.1283491672499,326.9920009338003,324.252718630772
4212,353.9107836138476,322.0142714379265,318.36994740837565
4213,343.86640095124153,312.4315993400369,307.04497129268793
4214,328.3766640822122,297.65387986394643,289.5803937300356
4215,309.8902084774296,280.0171919495832,268.7370352857881
4216,294.27223880719566,265.11713415491073,251.12787607390248
4217,288.0947563667804,259.2236123123637,244.16280480543776
4218,294.27223880719566,265.11713415491073,251.12787607390248
4219,309.8902084774296,280.0171919495832,268.7370352857881
4220,328.3766640822122,297.65387986394643,289.5803937300356
4221,343.86640095124153,312.4315993400369,307.04497129268793
4222,353.9107836138476,322.0142714379265,318.36994740837565
4223,359.1283491672499,326.9920009338003,324.252718630772
4224,361.6441707491027,326.47006166976485,327.06105434554615
4225,361.644170732996,326.4700616543984,327.0610543273859
4226,361.64417049820753,326.47006143040255,327.06105406266346
4227,361.64416762794923,326.4700586920815,327.06105082646593
4228,361.6441382167639,326.47003063284143,327.06101766554576
4229,361.6438857745074,326.4697897946088,327.0607330385436
4230,361.64207234839097,326.4680597263278,327.0586884123933
4231,361.63118188290093,326.45766986332774,327.04640948339323
4232,361.57658493161233,326.40558257241923,326.9848517759559
4233,361.3485454957781,326.18802543502323,326.727738795397
4234,360.55717176569954,325.4330288148268,325.8354700624376
4235,358.28433228810553,323.26466504609016,323.2728583357488
4236,352.91426994601824,318.1414485878975,317.21814797606663
4237,342.5763143355125,308.27869822228064,305.5621702712467
4238,326.6338500199514,293.0690618414331,287.58714545751775
4239,307.60708014694455,274.91689630777523,266.1345861904676
4240,291.53263509636037,259.5813459559603,248.01075395650446
4241,285.17459982442244,253.5155707615703,240.84211054495262
4242,291.53263509636037,259.5813459559603,248.01075395650446
4243,307.60708014694455,274.91689630777523,266.1345861904676
4244,326.6338500199514,293.0690618414331,287.58714545751775
4245,342.5763143355125,308.27869822228064,305.5621702712467
4246,352.91426994601824,318.1414485878975,317.21814797606663
4247,358.28433228810553,323.26466504609016,323.2728583357488
4248,361.1124417286812,323.9674596078058,326.4042832304109
4249,361.1124417121198,323.9674595920057,326.4042832117381
4250,361.112441470705,323.96745936168793,326.40428293954443
4251,361.1124385194395,323.96745654608344,326.4042796120118
4252,361.11240827818347,323.96742769492846,326.4042455151923
4253,361.11214871125907,323.96718005952795,326.4039528551735
4254,361.1102841048888,323.96540116359796,326.4018505236199
4255,361.09908627822045,323.9547180679039,326.3892250468906
4256,361.04294843932723,323.90116071943686,326.32592999870224
4257,360.80847305548247,323.677463475526,326.0615605286257
4258,359.99476441580765,322.90115861547196,325.14410933038005
4259,357.6577786792094,320.6715972015448,322.50917311392067
4260,352.1361572792738,315.4037884071569,316.2835809023714
4261,341.5064339549884,305.2626820266591,304.2986369981467
4262,325.11402609733665,289.6237846776418,285.81630376748996
4263,305.5502644480429,270.95931129149864,263.75828976568437
4264,289.02215096828485,255.19094630647362,245.12294932883657
4265,282.4846731174352,248.9539769778226,237.75198557679448
4266,289.02215096828485,255.19094630647362,245.12294932883657
4267,305.5502644480429,270.95931129149864,263.75828976568437
4268,325.11402609733665,289.6237846776418,285.81630376748996
4269,341.5064339549884,305.2626820266591,304.2986369981467
4270,352.1361572792738,315.4037884071569,316.2835809023714
4271,357.6577786792094,320.6715972015448,322.50917311392067
4272,360.8254599176348,322.6983893399548,325.9908290437803
4273,360.82545990062266,322.69838932372465,325.99082902459924
4274,360.82545965263665,322.69838908713785,325.99082874499663
4275,360.8254566210397,322.69838619489445,325.9908253268908
4276,360.825425556637,322.69835655843053,325.99079030197885
4277,360.8251589244757,322.69810218256106,325.9904896759513
4278,360.82324356477545,322.69627486628156,325.9883301203483
4279,360.8117409408042,322.6853009839152,325.9753609866426
4280,360.75407506773166,322.6302858404809,325.91034308985655
4281,360.51321742180136,322.400499708197,325.6387776607938
4282,359.6773601807915,321.60306435250675,324.69635405861436
4283,357.2767632658404,319.31281577796534,321.9896966523382
4284,351.60484704888137,313.90162077479545,315.59464801222833
4285,340.6857898122688,303.4844803062145,303.28348200390536
4286,323.84719164907256,287.4199027003898,284.29807210611256
4287,303.7509175791692,268.24739491470575,261.63965381394047
4288,286.77291997819793,252.04982565098643,242.49707195681768
4289,280.0574963816658,245.6430902163071,234.9254755340148
4290,286.77291997819793,252.04982565098643,242.49707195681768
4291,303.7509175791692,268.24739491470575,261.63965381394047
4292,323.84719164907256,287.4199027003898,284.29807210611256
4293,340.6857898122688,303.4844803062145,303.28348200390536
4294,351.60484704888137,313.90162077479545,315.59464801222833
4295,357.2767632658404,319.31281577796534,321.9896966523382
4296,360.7949157412821,322.70592935268405,325.83231325052475
4297,360.794915723824,322.70592933602836,325.8323132308408
4298,360.7949154693366,322.70592909323904,325.83231294390794
4299,360.7949123582613,322.70592612517066,325.83230943619077
4300,360.79488047945335,322.70589571173724,325.8322734930422
4301,360.794606857084,322.70563466697894,325.83196498560056
4302,360.79264128302566,322.7037594445469,325.82974881363543
4303,360.7808370985286,322.69249786350025,325.8164396723985
4304,360.7216594181459,322.6360404060667,325.74971722270425
4305,360.4744872861874,322.40023004600215,325.4710322517189
4306,359.61671664961324,321.5818885887328,324.5039014385824
4307,357.153184071481,319.23159731731437,321.7262844814515
4308,351.33256908447913,313.67853878678346,315.1635789453696
4309,340.1272505000247,302.9882955579024,302.5296551294192
4310,322.8472003230226,286.5025581817513,283.04651095760426
4311,302.22406881687834,266.8274110379883,259.7940643331571
4312,284.80096461269113,250.20519540519913,240.1496276762244
4313,277.9094849548696,243.6304966856816,232.3795291895219
4314,284.80096461269113,250.20519540519913,240.1496276762244
4315,302.22406881687834,266.8274110379883,259.7940643331571
4316,322.8472003230226,286.5025581817513,283.04651095760426
4317,340.1272505000247,302.9882955579024,302.5296551294192
4318,351.33256908447913,313.67853878678346,315.1635789453696
4319,357.153184071481,319.23159731731437,321.7262844814515
4320,361.0154188037922,323.9742287915354,325.9232752340824
4321,361.01541878589387,323.97422877445973,325.9232752139021
4322,361.0154185249896,323.9742285255485,325.92327491973424
4323,361.0154153354685,323.9742254826403,325.92327132356996
4324,361.01538265283654,323.9741943023322,325.923234474115
4325,361.0151021310799,323.97392667533114,325.92291818765915
4326,361.0130869950777,323.97200416917116,325.92064613492465
4327,361.00098516810414,323.96045862739237,325.90700140373156
4328,360.9403153226891,323.9025775953399,325.8385965476695
4329,360.6869107461688,323.66082127775763,325.5528845359814
4330,359.8075114255808,322.82184534311165,324.5613675223089
4331,357.28186088092195,320.4122914843738,321.71371296198237
4332,351.31447910457996,314.71921259974573,314.98552882560375
4333,339.8266184458181,303.75941492009434,302.033040658743
4334,322.11085185572625,286.8579897257309,282.0586290654044
4335,300.9677081508619,266.6867338060858,258.2198720694601
4336,283.10528042672087,249.64538905625486,238.08010100147808
4337,276.0400321301147,242.9049093283565,230.11407950487097
4338,283.10528042672087,249.64538905625486,238.08010100147808
4339,300.9677081508619,266.6867338060858,258.2198720694601
4340,322.11085185572625,286.8579897257309,282.0586290654044
4341,339.8266184458181,303.75941492009434,302.033040658743
4342,351.31447910457996,314.71921259974573,314.98552882560375
4343,357.28186088092195,320.4122914843738,321.71371296198237
4344,361.4648293089436,326.42926843456127,326.2415041532469
4345,361.4648292906119,326.4292684170722,326.241504132578
4346,361.46482902339,326.4292681621337,326.24150383128705
4347,361.46482575663686,326.4292650455436,326.24150014804417
4348,361.46479228261785,326.4292331102262,326.24146240630546
4349,361.46450496822354,326.42895900282485,326.2411384611948
4350,361.46244103711524,326.4269899445256,326.2388113922956
4351,361.45004617288294,326.41516483554415,326.2248362634994
4352,361.3879072496807,326.3558822548656,326.15477503178835
4353,361.1283666589349,326.10827197748443,325.86214470397425
4354,360.227673300113,325.24898082856504,324.84661880070587
4355,357.64086589758045,322.7810813118384,321.93001028093806
4356,351.52898815367655,316.95014851193014,315.03890788104644
4357,339.7629570001618,305.7249670124798,301.77278429078694
4358,321.61821553792663,288.41428565215136,281.3147063194897
4359,299.9631054261119,267.7545969071416,256.8987105299327
4360,281.6681515332519,250.30060793737056,236.2712690202033
4361,274.4318232007193,243.39691221682773,228.11235589592545
4362,281.6681515332519,250.30060793737056,236.2712690202033
4363,299.9631054261119,267.7545969071416,256.8987105299327
4364,321.61821553792663,288.41428565215136,281.3147063194897
4365,339.7629570001618,305.7249670124798,301.77278429078694
4366,351.52898815367655,316.95014851193014,315.03890788104644
4367,357.64086589758045,322.7810813118384,321.93001028093806
4368,362.10579831502343,329.94252620930035,326.74957964996344
4369,362.1057982962661,329.94252619140525,326.7495796288147
4370,362.10579802284076,329.94252593054847,326.74957932052945
4371,362.1057946802514,329.942522741608,326.7495755517816
4372,362.10576042914715,329.9424900649257,326.7495369338844
4373,362.10546644487033,329.9422095942367,326.7492054685246
4374,362.1033546004722,329.9401948250797,326.7468243777027
4375,362.0906719946959,329.92809520118215,326.73252482218743
4376,362.0270905426072,329.8674364004037,326.66083714854017
4377,361.7615248265441,329.6140779548968,326.36141353112293
4378,360.8399222513883,328.73483872447935,325.3223126224477
4379,358.19306320634746,326.20964796164765,322.3379962663739
4380,351.93930079914304,320.24335251678656,315.28691983153806
4381,339.9001261963397,308.7575831645891,301.7128287789411
4382,321.33416221609656,291.04504163963895,280.7798251585455
4383,299.1763378590541,269.9057469364762,255.79702232753493
4384,280.45667432998187,252.04657097638994,234.69072346561478
4385,273.05235768812526,244.98260887227696,226.34240461529947
4386,280.45667432998187,252.04657097638994,234.69072346561478
4387,299.1763378590541,269.9057469364762,255.79702232753493
4388,321.33416221609656,291.04504163963895,280.7798251585455
4389,339.9001261963397,308.7575831645891,301.7128287789411
4390,351.93930079914304,320.24335251678656,315.28691983153806
4391,358.19306320634746,326.20964796164765,322.3379962663739
4392,362.8884045740386,334.33734799975076,327.3975091559584
4393,362.88840455486456,334.3373479814581,327.39750913433977
4394,362.8884042753649,334.3373477148062,327.3975088192057
4395,362.8884008585171,334.33734445502074,327.397504966732
4396,362.888365846496,334.3373110523988,327.39746549090603
4397,362.8880653311137,334.3370243508198,327.39712666176723
4398,362.8859065703333,334.3349648218879,327.39469267302957
4399,362.87294220990674,334.322596394768,327.38007544097877
4400,362.8079482429045,334.26059000820914,327.3067951659546
4401,362.53648276327624,334.00160299381963,327.0007196034943
4402,361.5944060193345,333.1028307316028,325.93853420269267
4403,358.88874479610763,330.5215407528088,322.8879187732088
4404,352.4960498484304,324.4226990854671,315.6801968027141
4405,340.189414954709,312.6817638009107,301.8045460118747
4406,321.210992621534,294.5757234136666,280.40649828149526
4407,298.5609137417216,272.96680167230176,254.8686816780641
4408,279.42537729622796,254.71086924381694,233.29348880803659
4409,271.8565675933089,247.48997533816993,224.75970510136287
4410,279.42537729622796,254.71086924381694,233.29348880803659
4411,298.5609137417216,272.96680167230176,254.8686816780641
4412,321.210992621534,294.5757234136666,280.40649828149526
4413,340.189414954709,312.6817638009107,301.8045460118747
4414,352.4960498484304,324.4226990854671,315.6801968027141
4415,358.88874479610763,330.5215407528088,322.8879187732088
4416,363.7536949371783,339.3976778611053,328.12626877763256
4417,363.75369491759744,339.3976778424245,328.12626875555526
4418,363.7536946321673,339.39767757011475,328.12626843373465
4419,363.75369114282057,339.39767424116303,328.1262644995189
4420,363.75365538791226,339.3976401298021,328.1262241860924
4421,363.75334849617576,339.3973473449711,328.12587816765574
4422,363.75114393067423,339.39524411682567,328.12339253439296
4423,363.7379044916379,339.3826132556461,328.108465152999
4424,363.6715314785819,339.319291213702,328.0336300125196
4425,363.39430602744125,339.05480899665537,327.72106011964627
4426,362.43224024026983,338.1369665284086,326.6363372026273
4427,359.6691701281137,335.50090657752247,323.5209936243074
4428,353.14083457951443,329.2726593065258,316.160337758584
4429,340.5730767374942,317.28260412333213,301.99027254208244
4430,321.1919690531655,298.79238863958403,280.13819969765285
4431,298.0612993841265,276.72496744622504,254.05852010550132
4432,278.5197439304249,258.08167950253744,232.0255434447796
4433,270.7903387502038,250.70757221871852,223.31068938208452
4434,278.5197439304249,258.08167950253744,232.0255434447796
4435,298.0612993841265,276.72496744622504,254.05852010550132
4436,321.1919690531655,298.79238863958403,280.13819969765285
4437,340.5730767374942,317.28260412333213,301.99027254208244
4438,353.14083457951443,329.2726593065258,316.160337758584
4439,359.6691701281137,335.50090657752247,323.5209936243074
4440,364.63786880965483,344.87867565899484,328.87198823969874
4441,364.637868789678,344.8786756399363,328.871988217175
4442,364.6378684984761,344.87867536212013,328.8719878888468
4443,364.63786493857043,344.87867196585273,328.87198387507624
4444,364.6378284606526,344.8786371647169,328.8719427464612
4445,364.63751536317665,344.87833845940594,328.8715897310937
4446,364.6352662185696,344.87619270132467,328.86905383517944
4447,364.62175906131444,344.8633064281411,328.8538246032352
4448,364.5540439019043,344.79870393434135,328.77747620147187
4449,364.27121260116616,344.5288735520239,328.45858574964217
4450,363.2896926257752,343.5924711470542,327.3519283619507
4451,360.47074973782503,340.90310672663344,324.1735885923625
4452,353.8104029793725,334.54891641067695,316.66409094623214
4453,340.98850916264365,322.3164071319244,302.2074890713427
4454,321.215490943898,303.4522960819501,279.9135396486459
4455,297.61708985005777,280.9386436940714,253.3064959175165
4456,277.6803794049109,261.9183648652236,230.8279845743327
4457,269.7946758662965,254.3951437962939,221.936905129234
4458,277.6803794049109,261.9183648652236,230.8279845743327
4459,297.61708985005777,280.9386436940714,253.3064959175165
4460,321.215490943898,303.4522960819501,279.9135396486459
4461,340.98850916264365,322.3164071319244,302.2074890713427
4462,353.8104029793725,334.54891641067695,316.66409094623214
4463,360.47074973782503,340.90310672663344,324.1735885923625
4464,365.4767998313995,350.5186519394869,329.5704730612602
4465,365.47679981103863,350.5186519200619,329.5704730383035
4466,365.4767995142382,350.5186516369046,329.570472703663
4467,365.47679588589176,350.5186481753425,329.57046861272596
4468,365.47675870666984,350.51861270513945,329.57042669339506
4469,365.47643958975635,350.5183082570867,329.5700668911509
4470,365.474147204349,350.5161212458567,329.5674822415155
4471,365.4603803660184,350.50298722836874,329.5519602208479
4472,365.39136335270337,350.4371427230378,329.474143987275
4473,365.1030944950501,350.1621247322151,329.14912272539357
4474,364.1027043637902,349.2077195766333,328.02118935970594
4475,361.2295660513813,346.46665093513303,324.7817446015693
4476,354.44117117916255,339.99029849849757,317.12787354009106
4477,341.37277077986585,327.5226138157341,302.39333709682506
4478,321.21960753591367,308.29583188308237,279.670776630964
4479,297.1675167382859,285.34934456531084,252.55220070996128
4480,276.84751421244295,265.9633924591294,229.64153003901956
4481,268.81020453371906,258.29553413597563,220.5795156571106
4482,276.84751421244295,265.9633924591294,229.64153003901956
4483,297.1675167382859,285.34934456531084,252.55220070996128
4484,321.21960753591367,308.29583188308237,279.670776630964
4485,341.37277077986585,327.5226138157341,302.39333709682506
4486,354.44117117916255,339.99029849849757,317.12787354009106
4487,361.2295660513813,346.46665093513303,324.7817446015693
4488,366.21056334589406,356.0516851004336,330.1617325237338
4489,366.210563325162,356.0516850806545,330.16173250035854
4490,366.2105630229508,356.05168479233504,330.1617321596174
4491,366.2105593284574,356.0516812676666,330.16172799410015
4492,366.2105214714363,356.0516451508208,330.1616853105551
4493,366.2101965368329,356.0513351525001,330.16131894890333
4494,366.2078623598847,356.0491082707629,330.1586871795775
4495,366.19384454395487,356.0357348123736,330.1428821832993
4496,366.1235693096966,355.9686899227951,330.06364731379745
4497,365.83004514039567,355.6886581914585,329.7327007222178
4498,364.8114173057925,354.716853665818,328.58420446464265
4499,361.88589998386635,351.925813722957,325.28570271398877
4500,354.9737486610503,345.3313935537483,317.49229705946937
4501,341.66710359878925,332.6364156105677,302.4891413084378
4502,321.14653627797856,313.0591180798724,279.35233513579783
4503,296.6559616498448,289.6943027364664,251.73937154813623
4504,275.9655134684292,269.9549332659051,228.41102581020013
4505,267.78167888405187,262.14728535366305,219.18380555027775
4506,275.9655134684292,269.9549332659051,228.41102581020013
4507,296.6559616498448,289.6943027364664,251.73937154813623
4508,321.14653627797856,313.0591180798724,279.35233513579783
4509,341.66710359878925,332.6364156105677,302.4891413084378
4510,354.9737486610503,345.3313935537483,317.49229705946937
4511,361.88589998386635,351.925813722957,325.28570271398877
4512,366.78763811615335,361.2202581349742,330.594181886663
4513,366.7876380950639,361.22025811485423,330.59418186288485
4514,366.7876377876436,361.22025782156504,330.5941815162704
4515,366.7876340294693,361.2202542361429,330.59417727895334
4516,366.78759551991766,361.2202174967615,330.59413385968435
4517,366.78726498451056,361.21990215508947,330.5937611831629
4518,366.7848905740298,361.21763688923625,330.59108405079087
4519,366.77063113706384,361.20403291641526,330.57500662836605
4520,366.69914458893174,361.1358323934792,330.4944060103507
4521,366.40056102847615,360.85097383623616,330.15775498815447
4522,365.3643754006986,359.8624185972463,328.98946243298457
4523,362.38843178339596,357.0232703066714,325.63410536230515
4524,355.3571377087395,350.3151840255594,317.7063670300819
4525,341.82112985674195,337.40138642174566,302.4446062255747
4526,320.9468554560735,317.4866406795641,278.90899762117834
4527,296.03414388112293,293.7190927763155,250.8200773718845
4528,274.98706043262206,273.6394815071473,227.08962769014025
4529,266.6621634600746,265.697255427527,217.7033605051345
4530,274.98706043262206,273.6394815071473,227.08962769014025
4531,296.03414388112293,293.7190927763155,250.8200773718845
4532,320.9468554560735,317.4866406795641,278.90899762117834
4533,341.82112985674195,337.40138642174566,302.4446062255747
4534,355.3571377087395,350.3151840255594,317.7063670300819
4535,362.38843178339596,357.0232703066714,325.63410536230515
4536,367.1684751563594,365.78726248983264,330.8282117168915
4537,367.1684751349274,365.7872624693858,330.82821169272705
4538,367.1684748225134,365.78726217133254,330.82821134048226
4539,367.1684710032921,365.7872585276695,330.8282070343351
4540,367.168431868199,365.7872211915009,330.8281629097722
4541,367.1680959636407,365.78690072748174,330.82778417956774
4542,367.16568298371044,365.78459866510246,330.8250635603922
4543,367.15119191929864,365.77077371206434,330.80872497952896
4544,367.0785441579579,365.70146535345646,330.7268151011742
4545,366.7751104657872,365.41197961070907,330.38469558701814
4546,365.72209324564614,364.4073664778772,329.19742552094414
4547,362.6978089946575,361.52209962957926,325.7875647002284
4548,355.5522999835266,354.7050485348317,317.7310497700722
4549,341.7964159237475,341.58148178222365,302.22137997153544
4550,320.5830639792717,321.3432448881011,278.30346364211783
4551,295.26567529371727,297.18962168418966,249.75827258294981
4552,273.8767072257541,276.7838412203913,225.64235021664263
4553,265.4165822896512,268.7126032067632,216.1036143823549
4554,273.8767072257541,276.7838412203913,225.64235021664263
4555,295.26567529371727,297.18962168418966,249.75827258294981
4556,320.5830639792717,321.3432448881011,278.30346364211783
4557,341.7964159237475,341.58148178222365,302.22137997153544
4558,355.5522999835266,354.7050485348317,317.7310497700722
4559,362.6978089946575,361.52209962957926,325.7875647002284
4560,367.3281736550996,369.54676368847765,330.8388643039775
4561,367.3281736333407,369.546763667719,330.8388642794445
4562,367.32817331616184,369.54676336511983,330.8388639218274
4563,367.3281694386903,369.5467596658842,330.83885955000346
4564,367.32812970671426,369.5467217602696,330.8388147524589
4565,367.327788678987,369.5463964085784,330.83843024591476
4566,367.3253388966268,369.54405923546807,330.83566813223894
4567,367.31062681654254,369.53002342619425,330.8190803576426
4568,367.23687104178236,369.45965798626696,330.7359212013649
4569,366.92880942169467,369.16575704776176,330.388583728586
4570,365.85973173128986,368.14582169698525,329.18320558675924
4571,362.7893215230489,365.2165491652723,325.72133804928023
4572,355.5348302153345,358.29552536779977,317.541946288631
4573,341.56914335018,344.97179982428725,301.79572519175247
4574,320.032248350963,324.4248921927706,277.51301617268734
4575,294.3287224205812,299.90288133117474,248.53245788171046
4576,272.6135328255069,279.1858747790657,224.04872286558165
4577,264.0243752559719,270.9915353805501,214.36450357642678
4578,272.6135328255069,279.1858747790657,224.04872286558165
4579,294.3287224205812,299.90288133117474,248.53245788171046
4580,320.032248350963,324.4248921927706,277.51301617268734
4581,341.56914335018,344.97179982428725,301.79572519175247
4582,355.5348302153345,358.29552536779977,317.541946288631
4583,362.7893215230489,365.2165491652723,325.72133804928023
4584,367.25807027482114,372.33300381551595,330.6174234433697
4585,367.25807025275196,372.33300379446126,330.61742341848685
4586,367.2580699310498,372.33300348754676,330.6174230557698
4587,367.2580659982821,372.33299973555677,330.61741862159977
4588,367.2580256996929,372.3329612893745,330.61737318520255
4589,367.25767980860803,372.33263129787986,330.6169831952543
4590,367.2551950901805,372.3302607946099,330.61418169138983
4591,367.2402732027971,372.316024822258,330.5973573604285
4592,367.1654656053301,372.2446559088029,330.5130122808906
4593,366.85301075355073,371.94656368247394,330.1607214679564
4594,365.7686870679161,370.9120831497783,328.9381535656797
4595,362.65449008925754,367.9410365959843,325.4269167293778
4596,355.2965433069181,360.9213128660855,317.13087959404277
4597,341.1316933713545,347.4075791894854,301.16010343078807
4598,319.28766316450066,326.56765444747384,276.5311014629563
4599,293.21758217713796,301.69593798077915,247.13725472958984
4600,271.1927147354939,280.6834885568343,222.3043599558368
4601,262.48106816772395,272.3722906170711,212.48203511793483
4602,271.1927147354939,280.6834885568343,222.3043599558368
4603,293.21758217713796,301.69593798077915,247.13725472958984
4604,319.28766316450066,326.56765444747384,276.5311014629563
4605,341.1316933713545,347.4075791894854,301.16010343078807
4606,355.2965433069181,360.9213128660855,317.13087959404277
4607,362.65449008925754,367.9410365959843,325.4269167293778
4608,366.9661287026401,374.0272242456967,330.1718044594005
4609,366.9661286802781,374.02722422436256,330.17180443418744
4610,366.9661283543066,374.02722391337505,330.17180406665676
4611,366.9661243693476,374.02722011159284,330.1717995736414
4612,366.96608353596065,374.0271811551959,330.1717535342632
4613,366.9657330545965,374.0268467844236,330.171358368805
4614,366.96321536176777,374.024444822488,330.1685196865175
4615,366.94809544780026,374.01001992624845,330.15147208187074
4616,366.8722950876479,373.93770388447257,330.0660076688629
4617,366.55569368487375,373.6356557118346,329.7090416466544
4618,365.4569800692005,372.58744671162594,328.4702491918623
4619,362.3014549546327,369.5769717541025,324.9124151511528
4620,354.84586173993296,362.4640901095494,316.5062822984991
4621,340.49303177379255,348.7710172884267,300.32355987353594
4622,318.35911205276204,327.65452839585635,275.36770936413467
4623,291.9430581363928,302.4527423524859,245.5837804037878
4624,269.62590131124205,281.16143922354763,220.42133125140617
4625,260.7986435230473,272.73994436924215,210.46865551449972
4626,269.62590131124205,281.16143922354763,220.42133125140617
4627,291.9430581363928,302.4527423524859,245.5837804037878
4628,318.35911205276204,327.65452839585635,275.36770936413467
4629,340.49303177379255,348.7710172884267,300.32355987353594
4630,354.84586173993296,362.4640901095494,316.5062822984991
4631,362.3014549546327,369.5769717541025,324.9124151511528
4632,366.47610522302125,374.56202101772425,329.5257202355581
4633,366.47610520038455,374.5620209961281,329.52572021003533
4634,366.4761048704096,374.56202068132114,329.5257198379907
4635,366.47610083650795,374.56201683284604,329.52571528979286
4636,366.47605950161176,374.5619773979928,329.5256686849663
4637,366.4757047156913,374.5616389205317,329.5252686661487
4638,366.4731561009591,374.5592074580813,329.5223951196163
4639,366.45785048661,374.54460539755746,329.5051381389973
4640,366.3811191584753,374.47140118164407,329.4186240656451
4641,366.06062930756497,374.16564330133065,329.05727384345647
4642,364.9484214657965,373.10456036469117,327.8032667365189
4643,361.75414069303207,370.0571112319584,324.2017359432893
4644,354.2069790668029,362.8568703049401,315.6923603022677
4645,339.67786992298954,348.99562133859604,299.31088425113376
4646,317.27210491595565,327.6197830838369,274.0485299500548
4647,290.5316132216202,302.1084727076278,243.8987995054441
4648,267.94036062146074,280.55567317581927,218.42730914967026
4649,259.00468785533616,272.0307468594818,208.35239623036236
4650,267.94036062146074,280.55567317581927,218.42730914967026
4651,290.5316132216202,302.1084727076278,243.8987995054441
4652,317.27210491595565,327.6197830838369,274.0485299500548
4653,339.67786992298954,348.99562133859604,299.31088425113376
4654,354.2069790668029,362.8568703049401,315.6923603022677
4655,361.75414069303207,370.0571112319584,324.2017359432893
4656,365.82555669160735,373.9230867656596,328.71668962831853
4657,365.82555666871497,373.92308674381957,328.7166896025076
4658,365.82555633501335,373.9230864254572,328.71668922626117
4659,365.82555225555376,373.9230825335183,328.716684626697
4660,365.82551045383093,373.92304265329705,328.7166374955264
4661,365.8251516610408,373.92270035315033,328.7162329589894
4662,365.8225742628472,373.920241430329,328.71332695929146
4663,365.8070957904528,373.90547445753305,328.69587508235077
4664,365.72949787656125,373.83144349024707,328.6083839391946
4665,365.405388487885,373.522232451614,328.24295271171917
4666,364.28061962967433,372.44916589130895,326.9747831404496
4667,361.05026339349297,369.3672995775193,323.33257749688
4668,353.4178658808415,362.0857408056922,314.727098948357
4669,338.7246683607442,348.06794612043024,298.1606143203202
4670,316.065857859798,326.45069412473134,272.61295287085784
4671,289.02336527747104,300.6512649481835,242.1227183894831
4672,266.17697232970414,278.8550531159688,216.3635589514112
4673,257.1403821555895,270.2338482664232,206.1748623110391
4674,266.17697232970414,278.8550531159688,216.3635589514112
4675,289.02336527747104,300.6512649481835,242.1227183894831
4676,316.065857859798,326.45069412473134,272.61295287085784
4677,338.7246683607442,348.06794612043024,298.1606143203202
4678,353.4178658808415,362.0857408056922,314.727098948357
4679,361.05026339349297,369.3672995775193,323.33257749688
4680,365.06284289462826,372.1483383280316,327.793040246049
4681,365.0628428715,372.14833830596643,327.793040219972
4682,365.062842534359,372.14833798432284,327.7930398398477
4683,365.0628384128538,372.1483340522711,327.7930351928774
4684,365.0627961802949,372.148293761018,327.792987575942
4685,365.06243368955035,372.1479479329009,327.7925788699854
4686,365.05982972699576,372.1454636668037,327.78964291914326
4687,365.0441917232848,372.13054449587395,327.77201117168084
4688,364.9657940342569,372.0557505167493,327.6836182872608
4689,364.63834416105567,371.74335254578546,327.3144206852126
4690,363.5019826952371,370.65922625575905,326.0331805242723
4691,360.23833228309553,367.54559620081045,322.3534359138785
4692,352.52727026188654,360.1889888952338,313.65926364365157
4693,337.68263498450005,346.02671759850773,296.92203392933897
4694,314.7902878799377,324.18666398617586,271.1110614784013
4695,287.4690775833367,298.12132892437097,240.30657458717727
4696,264.3872146838846,276.10047099774715,214.28192431025818
4697,255.25748746811257,267.3904103408961,203.98821626125246
4698,264.3872146838846,276.10047099774715,214.28192431025818
4699,287.4690775833367,298.12132892437097,240.30657458717727
4700,314.7902878799377,324.18666398617586,271.1110614784013
4701,337.68263498450005,346.02671759850773,296.92203392933897
4702,352.52727026188654,360.1889888952338,313.65926364365157
4703,360.23833228309553,367.54559620081045,322.3534359138785
4704,364.2433495353448,369.3245692722439,326.8101318316219
4705,364.2433495120009,369.3245692499731,326.8101318053018
4706,364.2433491717176,369.32456892533156,326.8101314216346
4707,364.2433450117979,369.3245649566311,326.81012673135217
4708,364.24330238561,369.3245242898429,326.81007867060254
4709,364.2429365162661,369.32417523843077,326.8096661552973
4710,364.24030828344814,369.3216678177024,326.80670283989105
4711,364.2245245255407,369.30660959246546,326.78890675552014
4712,364.14539612993536,369.2311184951837,326.6996900041871
4713,363.8148942563615,368.915808815278,326.3270512915713
4714,362.6679413202111,367.8215779134867,325.033869316727
4715,359.3738720162352,364.67892723319744,321.31982760365787
4716,351.5909389512776,357.2537525831945,312.54462119910903
4717,336.607944077182,342.9594816712213,295.65139193950426
4718,313.50222858370836,320.9158675837789,269.59984801798146
4719,285.92637062701965,294.6075902616995,238.50824754643304
4720,262.62937295447364,272.3814866712393,212.2410342122528
4721,253.41455200941593,263.590243792173,201.85138353699264
4722,262.62937295447364,272.3814866712393,212.2410342122528
4723,285.92637062701965,294.6075902616995,238.50824754643304
4724,313.50222858370836,320.9158675837789,269.59984801798146
4725,336.607944077182,342.9594816712213,295.65139193950426
4726,351.5909389512776,357.2537525831945,312.54462119910903
4727,359.3738720162352,364.67892723319744,321.31982760365787
4728,363.4252154964129,365.5818934016552,325.82608389493646
4729,363.4252154728744,365.58189337919873,325.82608386839706
4730,363.42521512975475,365.58189305185124,325.82608348153184
4731,363.42521093516075,365.5818890500703,325.8260787521544
4732,363.42516795366953,365.58184804431113,325.8260302908026
4733,363.4247990346846,365.58149608344087,325.8256143370469
4734,363.42214889468335,365.5789677625376,325.822626321434
4735,363.4062335739726,365.5637840220504,325.80468190085816
4736,363.32644561721537,365.48766368169225,325.7147214986167
4737,362.99318890203557,365.16972579210176,325.3389767200098
4738,361.8366757366664,364.0663741165544,324.03501564890837
4739,358.51514928373865,360.89752841124607,320.2900161789985
4740,350.66734291687794,353.4104624931656,311.44166554853973
4741,335.5594598622252,338.9970441409384,294.4076256777257
4742,312.2611506454873,316.76968929409395,268.13893358600046
4743,284.4554388607454,290.24212384464374,236.78817441846843
4744,260.96425306518285,267.83075838487025,210.3020152387361
4745,251.67262356271334,258.9662376106148,199.82576341461612
4746,260.96425306518285,267.83075838487025,210.3020152387361
4747,284.4554388607454,290.24212384464374,236.78817441846843
4748,312.2611506454873,316.76968929409395,268.13893358600046
4749,335.5594598622252,338.9970441409384,294.4076256777257
4750,350.66734291687794,353.4104624931656,311.44166554853973
4751,358.51514928373865,360.89752841124607,320.2900161789985
4752,362.664884334297,361.08635176207224,324.89732754893936
4753,362.66488431058553,361.0863517394507,324.8973275222048
4754,362.66488396494356,361.0863514096969,324.8973271324957
4755,362.6648797395146,361.08634737849843,324.8973223683521
4756,362.6648364420619,361.0863060713015,324.89727355075576
4757,362.66446481111427,361.08595152312944,324.89685453927973
4758,362.66179518965174,361.0834046162702,324.89384455844595
4759,362.6457628737244,361.0681092584904,324.87576822652443
4760,362.5653883872041,360.9914293494077,324.78514651579036
4761,362.2296818664379,360.67115426454836,324.4066395973202
4762,361.06466704968636,359.55969173338906,323.0930929695865
4763,357.7187237022471,356.36755150599686,319.32056360994113
4764,349.81322727543284,348.8254473694005,310.4071678121454
4765,334.5942845643042,334.3060744446463,293.2479089010723
4766,311.1247069965524,311.91532394635755,266.78611285764015
4767,283.11459246473396,285.1927515395923,235.20489092237213
4768,259.45072046189597,262.616637746772,208.52402916722093
4769,250.09078720191707,253.68695293673142,197.9707653008093
4770,259.45072046189597,262.616637746772,208.52402916722093
4771,283.11459246473396,285.1927515395923,235.20489092237213
4772,311.1247069965524,311.91532394635755,266.78611285764015
4773,334.5942845643042,334.3060744446463,293.2479089010723
4774,349.81322727543284,348.8254473694005,310.4071678121454
4775,357.7187237022471,356.36755150599686,319.32056360994113
4776,362.01281248438994,356.0311361771781,324.07431402543085
4777,362.01281246052747,356.03113615441254,324.07431399852607
4778,362.0128121126845,356.03113582255884,324.07431360633535
4779,362.0128078603487,356.03113176569036,324.0743088118544
4780,362.0127642871845,356.0310901954556,324.0742596833952
4781,362.01239028974845,356.03073338957563,324.07383800371883
4782,362.00970366854943,356.02817026440744,324.0708088557928
4783,361.99356926131424,356.01277750815524,324.0526174165857
4784,361.9126829624965,355.9356093132728,323.9614186408155
4785,361.57483871453474,355.6132947662147,323.5805014488378
4786,360.4024052636404,354.49475461358355,322.2585903593645
4787,357.0351554665316,351.2822873309992,318.4620381163104
4788,349.0793180613325,343.6921562419108,309.49188319284224
4789,333.76346347716037,329.08032619629995,292.2233567753021
4790,310.144435269847,306.5469948623496,265.59305610790625
4791,281.9559566614323,279.6542572480771,233.81072983649335
4792,258.1413967821245,256.9343822548086,206.9599684808124
4793,248.72186091498662,247.9478345931853,196.33950306253027
4794,258.1413967821245,256.9343822548086,206.9599684808124
4795,281.9559566614323,279.6542572480771,233.81072983649335
4796,310.144435269847,306.5469948623496,265.59305610790625
4797,333.76346347716037,329.08032619629995,292.2233567753021
4798,349.0793180613325,343.6921562419108,309.49188319284224
4799,357.0351554665316,351.2822873309992,318.4620381163104
4800,361.50965447374347,350.62693321552604,323.39770016538733
4801,361.5096544497525,350.62693319263786,323.39770013833765
4802,361.5096541000362,350.626932858997,323.3976997440348
4803,361.5096498247992,350.6269287802801,323.39769492373296
4804,361.5096060169698,350.626886986167,323.3976455306902
4805,361.5092300053542,350.62652825869327,323.39722158003946
4806,361.5065289152386,350.62395132970187,323.39417611850416
4807,361.4903076154444,350.60847567508466,323.37588670850204
4808,361.4089856999108,350.53089188749834,323.28419677771825
4809,361.06932197690895,350.2068415012867,322.9012281394681
4810,359.89057433415564,349.08227740152205,321.57219783974625
4811,356.50519006532926,345.85250923525234,317.7551990977911
4812,348.50650614825634,338.22150116172224,308.7367350108919
4813,333.1081673563413,323.53097846345116,291.3752081856624
4814,309.3619378349497,300.87629288363263,264.6014888640587
4815,281.0216489365695,273.8387232494451,232.64799747820072
4816,257.07883469877356,250.99648937123558,205.65263016758948
4817,247.6085695073895,241.96154426236964,194.97496776620247
4818,257.07883469877356,250.99648937123558,205.65263016758948
4819,281.0216489365695,273.8387232494451,232.64799747820072
4820,309.3619378349497,300.87629288363263,264.6014888640587
4821,333.1081673563413,323.53097846345116,291.3752081856624
4822,348.50650614825634,338.22150116172224,308.7367350108919
4823,356.50519006532926,345.85250923525234,317.7551990977911
4824,361.18320946576097,345.091912057181,322.89529520618174
4825,361.18320944166436,345.09191203419203,322.8952951790129
4826,361.1832090904078,345.0919116990817,322.8952947829735
4827,361.1832047963419,345.0919076024013,322.89528994144206
4828,361.18316079557394,345.09186562421854,322.89524033086246
4829,361.18278312792745,345.0915053168368,322.89481451304766
4830,361.1800701416671,345.0889170385312,322.8917556386865
4831,361.16377740000223,345.07337322601484,322.8733856784399
4832,361.08209732637744,344.9954477438056,322.78129192673805
4833,360.740937655944,344.66997017444146,322.39663661748955
4834,359.55699857121647,343.5404532679364,321.0617530007109
4835,356.15670438838083,340.29646055230836,317.2279434276959
4836,348.1227926567024,332.6318439826238,308.1697602089778
4837,332.65663648010025,317.8766212642696,290.73176972365013
4838,308.805823782297,295.12215988735414,263.84013355093185
4839,280.34071854493783,267.9655113521459,231.74591255477662
4840,256.2924553320545,245.0226756763682,204.63165221067572
4841,246.78048118581162,235.94793884994397,193.9069632339925
4842,256.2924553320545,245.0226756763682,204.63165221067572
4843,280.34071854493783,267.9655113521459,231.74591255477662
4844,308.805823782297,295.12215988735414,263.84013355093185
4845,332.65663648010025,317.8766212642696,290.73176972365013
4846,348.1227926567024,332.6318439826238,308.1697602089778
4847,356.15670438838083,340.29646055230836,317.2279434276959
4848,361.0463563764054,339.64186839069066,322.5799961035164
4849,361.0463563522263,339.641868367623,322.5799960762546
4850,361.0463559997671,339.64186803136533,322.5799956788592
4851,361.0463516909991,339.64186392065864,322.5799908207512
4852,361.0463075395806,339.6418217987503,322.5799410403141
4853,361.04592857886934,339.6414602577421,322.57951376457714
4854,361.04320630384143,339.6388631176461,322.576444417191
4855,361.0268577788161,339.6232660859654,322.5580115615683
4856,360.94489804759394,339.54507380119145,322.46560249774456
4857,360.6025703089951,339.21848185630097,322.0796301992376
4858,359.4145776338978,338.08509769098697,320.74017618568473
4859,356.00264146716984,334.8299981390349,316.89324035155954
4860,347.9412230946117,327.1391393274009,307.80404357417393
4861,332.4221136347338,312.33339743159377,290.30634860640185
4862,308.4896401269193,289.50102895059115,263.3226404015806
4863,279.9270755878503,262.2514010295366,231.11853467669798
4864,255.79647553059144,239.23001329060796,203.9114400761459
4865,246.25193412874054,230.12420622899825,193.15003173060717
4866,255.79647553059144,239.23001329060796,203.9114400761459
4867,279.9270755878503,262.2514010295366,231.11853467669798
4868,308.4896401269193,289.50102895059115,263.3226404015806
4869,332.4221136347338,312.33339743159377,290.30634860640185
4870,347.9412230946117,327.1391393274009,307.80404357417393
4871,356.00264146716984,334.8299981390349,316.89324035155954
4872,361.09613084925303,334.48099660276364,322.4488646738999
4873,361.09613082501477,334.48099657963957,322.44886464657145
4874,361.09613047169404,334.48099624255997,322.44886424820464
4875,361.0961261523937,334.4809921218051,322.4488593782216
4876,361.096081893052,334.4809498969344,322.4488094761017
4877,361.09570200601337,334.4805874721794,322.4483811559367
4878,361.0929730766866,334.47798398366297,322.44530430587184
4879,361.076584589508,334.462348826771,322.42682639318133
4880,360.99442451682785,334.3839654096434,322.3341914456668
4881,360.6512599961015,334.056575147025,321.9472756807542
4882,359.4603634048852,332.92042055002764,320.6045475206665
4883,356.0400871392329,329.65736426883296,316.7482082792545
4884,347.95896352501376,321.94770600721887,307.6367939700742
4885,332.401919326094,307.1057731201315,290.09632783078916
4886,308.4109455454711,284.2175934508469,263.04666094890734
4887,279.7785629904291,256.90135684152665,230.76383586516522
4888,255.5889783620218,233.82369587773823,203.49023654432438
4889,246.02110638902636,224.6956306823393,192.70252313158016
4890,255.5889783620218,233.82369587773823,203.49023654432438
4891,279.7785629904291,256.90135684152665,230.76383586516522
4892,308.4109455454711,284.2175934508469,263.04666094890734
4893,332.401919326094,307.1057731201315,290.09632783078916
4894,347.95896352501376,321.94770600721887,307.6367939700742
4895,356.0400871392329,329.65736426883296,316.7482082792545
4896,361.31401205312227,329.7936982244456,322.48341452015427
4897,361.3140120288485,329.79369820128767,322.4834144927857
4898,361.31401167500985,329.79369786371393,322.48341409383494
4899,361.31400734937773,329.7936937369184,322.4834092167129
4900,361.3139630251555,329.7936514501495,322.48335924144067
4901,361.31358258123396,329.79328849410985,322.4829302933938
4902,361.31084965152286,329.7906811890949,322.4798489329216
4903,361.2944371401797,329.7750231123582,322.46134393314185
4904,361.21215662763933,329.69652479163454,322.3685731904684
4905,360.86848905615415,329.36865460201295,321.9810902390974
4906,359.6758467091918,328.2308344964981,320.63639375076167
4907,356.25055660187775,324.9629948451144,316.77440143549
4908,348.15758672989926,317.2420348631748,307.64963054774324
4909,332.57773719296574,302.3783449320153,290.0834515381911
4910,308.5515946322487,279.4566130874457,262.99413208551795
4911,279.8772393763544,252.100333138197,230.66398305458765
4912,255.65219482080343,228.98884223524294,203.35040289655106
4913,246.0702971401204,219.84739605245775,192.5468755896231
4914,255.65219482080343,228.98884223524294,203.35040289655106
4915,279.8772393763544,252.100333138197,230.66398305458765
4916,308.5515946322487,279.4566130874457,262.99413208551795
4917,332.57773719296574,302.3783449320153,290.0834515381911
4918,348.15758672989926,317.2420348631748,307.64963054774324
4919,356.25055660187775,324.9629948451144,316.77440143549
4920,361.6673969104885,325.73775134743255,322.65108534718655
4921,361.6673968862029,325.7377513242633,322.6510853198047
4922,361.6673965321914,325.7377509865247,322.65108492065906
4923,361.6673922044467,325.7377468577136,322.651080041155
4924,361.6673478585765,325.7377045502919,322.6510300414748
4925,361.6669672288459,325.7373414169843,322.65060088392954
4926,361.6642329643706,325.7347328385604,322.6475180185194
4927,361.6478124371491,325.7190671144115,322.6290039808889
4928,361.56549173876704,325.64053045507035,322.5361879289403
4929,361.2216563198754,325.3125001334912,322.1485157307104
4930,360.02843148581985,324.17412431609216,320.8031624919661
4931,356.6014684651778,320.90468865025844,316.93928397779894
4932,348.5045459828398,313.1799577477677,307.8100565475826
4933,332.9170872399344,298.30900838333065,290.2352982077934
4934,308.87921029968953,275.37608155395566,263.13274831853204
4935,280.19085047496196,248.00644078448445,230.7868092273388
4936,255.95397439605372,224.8836622183101,203.45988910367814
4937,246.36739691195666,215.73775134883326,192.65108534884192
4938,255.95397439605372,224.8836622183101,203.45988910367814
4939,280.19085047496196,248.00644078448445,230.7868092273388
4940,308.87921029968953,275.37608155395566,263.13274831853204
4941,332.9170872399344,298.30900838333065,290.2352982077934
4942,348.5045459828398,313.1799577477677,307.8100565475826
4943,356.6014684651778,320.90468865025844,316.93928397779894
4944,362.1121506899598,322.43906994403784,322.90779360059514
4945,362.112150665686,322.4390699208799,322.90779357322657
4946,362.11215031184736,322.43906958330615,322.9077931742758
4947,362.11214598621524,322.4390654565106,322.9077882971538
4948,362.112101661993,322.43902316974174,322.90773832188154
4949,362.11172121807147,322.43866021370206,322.90730937383466
4950,362.10898828836037,322.43605290868715,322.90422801336246
4951,362.0925757770172,322.42039483195043,322.8857230135827
4952,362.01029526447684,322.34189651122676,322.79295227090927
4953,361.66662769299165,322.0140263216052,322.40546931953827
4954,360.4739853460293,320.87620621609034,321.06077283120254
4955,357.04869523871525,317.6083665647066,317.1987805159309
4956,348.9557253667368,309.887406582767,308.0740096281841
4957,333.37587582980325,295.0237166516075,290.507830618632
4958,309.3497332690862,272.1019848070379,263.4185111659589
4959,280.6753780131919,244.7457048577892,231.08836213502852
4960,256.45033345764097,221.63421395483516,203.77478197699193
4961,246.8684357769579,212.49276777204997,192.97125467006398
4962,256.45033345764097,221.63421395483516,203.77478197699193
4963,280.6753780131919,244.7457048577892,231.08836213502852
4964,309.3497332690862,272.1019848070379,263.4185111659589
4965,333.37587582980325,295.0237166516075,290.507830618632
4966,348.9557253667368,309.887406582767,308.0740096281841
4967,357.04869523871525,317.6083665647066,317.1987805159309
4968,362.59604248923927,319.98818059264363,323.2013679541158
4969,362.596042465001,319.98818056951956,323.2013679267874
4970,362.5960421116803,319.98818023243996,323.2013675284206
4971,362.59603779237995,319.9881761116851,323.2013626584375
4972,362.5959935330382,319.9881338868144,323.20131275631763
4973,362.5956136459996,319.9877714620594,323.20088443615265
4974,362.5928847166728,319.98516797354296,323.1978075860878
4975,362.57649622949424,319.969532816651,323.17932967339726
4976,362.4943361568141,319.8911493995234,323.08669472588275
4977,362.1511716360877,319.563759136905,322.69977896097015
4978,360.9602750448714,318.42760453990763,321.3570508008824
4979,357.53999877921916,315.16454825871295,317.50071155947046
4980,349.458875165,307.45488999709886,308.38929725029016
4981,333.90183096608024,292.6129571100115,290.8488311110051
4982,309.91085718545736,269.7247774407269,263.7991642291233
4983,281.27847463041536,242.4085408314066,231.51633914538112
4984,257.08889000200804,219.3308798676182,204.24273982454028
4985,247.52101802901257,210.20281467221926,193.45502641179607
4986,257.08889000200804,219.3308798676182,204.24273982454028
4987,281.27847463041536,242.4085408314066,231.51633914538112
4988,309.91085718545736,269.7247774407269,263.7991642291233
4989,333.90183096608024,292.6129571100115,290.8488311110051
4990,349.458875165,307.45488999709886,308.38929725029016
4991,357.53999877921916,315.16454825871295,317.50071155947046
4992,363.0628079700006,318.4384438617282,323.4756120071951
4993,363.06280794582153,318.43844383866053,323.47561197993326
4994,363.0628075933623,318.4384435024029,323.47561158253785
4995,363.0628032845943,318.4384393916962,323.4756067244299
4996,363.0627591331758,318.43839726978786,323.4755569439928
4997,363.06238017246454,318.43803572877965,323.4751296682558
4998,363.05965789743664,318.43543858868367,323.4720603208697
4999,363.04330937241133,318.41984155700294,323.453627465247
5000,362.96134964118914,318.341649272229,323.36121840142323
5001,362.6190219025903,318.0150573273385,322.9752461029163
5002,361.431029227493,316.8816731620245,321.6357920893634
5003,358.01909306076504,313.62657361007246,317.7888562552382
5004,349.9576746882069,305.9357147984385,308.6996594778526
5005,334.438565228329,291.1299729026313,291.20196451008053
5006,310.5060917205145,268.2976044216287,264.2182563052593
5007,281.9435271814455,241.04797650057418,232.01415058037662
5008,257.8129271241866,218.02658876164548,204.80705597982455
5009,248.26838572233572,208.92078170003577,194.0456476342858
5010,257.8129271241866,218.02658876164548,204.80705597982455
5011,281.9435271814455,241.04797650057418,232.01415058037662
5012,310.5060917205145,268.2976044216287,264.2182563052593
5013,334.438565228329,291.1299729026313,291.20196451008053
5014,349.9576746882069,305.9357147984385,308.6996594778526
5015,358.01909306076504,313.62657361007246,317.7888562552382
5016,363.45653469969614,317.80595485192157,323.67468954785863
5017,363.4565346755995,317.8059548289326,323.6746895206898
5018,363.45653432434295,317.8059544938223,323.6746891246504
5019,363.45653003027707,317.8059503971419,323.67468428311895
5020,363.4564860295091,317.8059084189591,323.67463467253936
5021,363.4561083618626,317.80554811157737,323.67420885472455
5022,363.45339537560227,317.80295983327176,323.6711499803634
5023,363.4371026339374,317.7874160207554,323.6527800201168
5024,363.3554225603126,317.70949053854616,323.56068626841494
5025,363.01426288987915,317.38401296918204,323.17603095916644
5026,361.83032380515164,316.254496062677,321.8411473423878
5027,358.430029622316,313.01050334704894,318.0073377693728
5028,350.3961178906376,305.3458867773644,308.94915455065467
5029,334.9299617140354,290.5906640590102,291.511164065327
5030,311.0791490162322,267.8362026820947,264.61952789260874
5031,282.614043778873,240.67955414688652,232.52530689645354
5032,258.56578056598966,217.73671847110882,205.41104655235264
5033,249.05380641974682,208.66198164468457,194.68635757566943
5034,258.56578056598966,217.73671847110882,205.41104655235264
5035,282.614043778873,240.67955414688652,232.52530689645354
5036,311.0791490162322,267.8362026820947,264.61952789260874
5037,334.9299617140354,290.5906640590102,291.511164065327
5038,350.3961178906376,305.3458867773644,308.94915455065467
5039,358.430029622316,313.01050334704894,318.0073377693728
5040,363.7260411024817,318.0709775048708,323.74750338349054
5041,363.7260410784907,318.07097748198265,323.74750335644086
5042,363.7260407287744,318.0709771483418,323.747502962138
5043,363.72603645353746,318.07097306962487,323.74749814183616
5044,363.72599264570806,318.0709312755118,323.74744874879343
5045,363.72561663409243,318.07057254803806,323.74702479814266
5046,363.72291554397685,318.06799561904666,323.74397933660737
5047,363.70669424418264,318.05251996442945,323.72568992660524
5048,363.625372328649,317.97493617684313,323.63399999582145
5049,363.2857086056472,317.6508857906315,323.2510313575713
5050,362.1069609628939,316.52632169086684,321.92200105784946
5051,358.7215766940675,313.29655352459713,318.1050023158943
5052,350.72289277699457,305.66554545106703,309.0865382289951
5053,335.32455398507955,290.97502275279595,291.7250114037656
5054,311.5783244636879,268.3203371729774,264.9512920821619
5055,283.2380355653077,241.28276753878987,232.99780069630395
5056,259.2952213275118,218.4405336605804,206.0024333856927
5057,249.82495613612775,209.40558855171446,195.3247709843057
5058,259.2952213275118,218.4405336605804,206.0024333856927
5059,283.2380355653077,241.28276753878987,232.99780069630395
5060,311.5783244636879,268.3203371729774,264.9512920821619
5061,335.32455398507955,290.97502275279595,291.7250114037656
5062,350.72289277699457,305.66554545106703,309.0865382289951
5063,358.7215766940675,313.29655352459713,318.1050023158943
5064,363.828920135942,319.1807043474911,323.6517388569199
5065,363.8289201120795,319.1807043247255,323.6517388300151
5066,363.82891976423656,319.1807039928718,323.6517384378244
5067,363.82891551190073,319.18069993600335,323.65173364334345
5068,363.82887193873654,319.1806583657686,323.65168451488427
5069,363.8284979413005,319.1803015598886,323.6512628352079
5070,363.8258113201015,319.1777384347204,323.64823368728185
5071,363.8096769128663,319.1623456784682,323.63004224807474
5072,363.72879061404853,319.08517748358577,323.53884347230456
5073,363.3909463660868,318.7628629365277,323.1579262803269
5074,362.21851291519243,317.64432278389654,321.8360151908536
5075,358.85126311808364,314.4318555013122,318.03946294779945
5076,350.89542571288456,306.8417244122238,309.0693080243313
5077,335.5795711287124,292.22989436661294,291.80078160679113
5078,311.960542921399,269.69656303266254,265.1704809393953
5079,283.77206431298436,242.80382541839012,233.3881546679824
5080,259.95750443367655,220.08395042512163,206.53739331230145
5081,250.53796856653867,211.09740276349828,195.91692789401932
5082,259.95750443367655,220.08395042512163,206.53739331230145
5083,283.77206431298436,242.80382541839012,233.3881546679824
5084,311.960542921399,269.69656303266254,265.1704809393953
5085,335.5795711287124,292.22989436661294,291.80078160679113
5086,350.89542571288456,306.8417244122238,309.0693080243313
5087,358.85126311808364,314.4318555013122,318.03946294779945
5088,363.734943390098,321.0530899298692,323.3572677452837
5089,363.7349433663865,321.0530899072477,323.35726771854917
5090,363.73494302074454,321.05308957749384,323.35726732884007
5091,363.7349387953156,321.0530855462954,323.35726256469644
5092,363.7348954978629,321.0530442390985,323.3572137471001
5093,363.73452386691525,321.0526896909264,323.3567947356241
5094,363.7318542454527,321.05014278406713,323.3537847547903
5095,363.71582192952536,321.03484742628734,323.3357084228688
5096,363.6354474430051,320.9581675172047,323.2450867121347
5097,363.29974092223887,320.6378924323453,322.8665797936645
5098,362.13472610548735,319.526429901186,321.55303316593086
5099,358.78878275804806,316.3342896737938,317.7805038062855
5100,350.8832863312338,308.79218553719744,308.86710800848977
5101,335.66434362010517,294.27281261244326,291.70784909741667
5102,312.1947660523534,271.8820621141545,265.2460530539845
5103,284.18465152053494,245.1594897073892,233.66483111871645
5104,260.52077951769695,222.58337591456896,206.98396936356525
5105,251.16084625771802,213.65369110452835,196.4307054971536
5106,260.52077951769695,222.58337591456896,206.98396936356525
5107,284.18465152053494,245.1594897073892,233.66483111871645
5108,312.1947660523534,271.8820621141545,265.2460530539845
5109,335.66434362010517,294.27281261244326,291.70784909741667
5110,350.8832863312338,308.79218553719744,308.86710800848977
5111,358.78878275804806,316.3342896737938,317.7805038062855
5112,363.428568532433,323.5814833003634,322.84865546665543
5113,363.42856850889456,323.58148327790695,322.84865544011603
5114,363.4285681657749,323.58148295055946,322.8486550532508
5115,363.4285639711809,323.5814789487785,322.84865032387336
5116,363.4285209896897,323.58143794301935,322.84860186252155
5117,363.42815207070475,323.5810859821491,322.84818590876586
5118,363.4255019307035,323.57855766124584,322.84519789315294
5119,363.40958660999274,323.56337392075864,322.8272534725771
5120,363.3297986532355,323.4872535804005,322.7372930703357
5121,362.9965419380557,323.16931569081,322.36154829172875
5122,361.84002877268654,322.06596401526264,321.05758722062734
5123,358.5185023197588,318.8971183099543,317.31258775071746
5124,350.67069595289803,311.4100523918738,308.4642371202587
5125,335.56281289824534,296.9966340396466,291.4301972494447
5126,312.26450368150745,274.7692791928021,265.16150515771943
5127,284.4587918967656,248.2417137433519,233.81074599018737
5128,260.967606101203,225.83034828357845,207.32458681045503
5129,251.67597659873346,216.96582750932305,196.84833498633506
5130,260.967606101203,225.83034828357845,207.32458681045503
5131,284.4587918967656,248.2417137433519,233.81074599018737
5132,312.26450368150745,274.7692791928021,265.16150515771943
5133,335.56281289824534,296.9966340396466,291.4301972494447
5134,350.67069595289803,311.4100523918738,308.4642371202587
5135,358.5185023197588,318.8971183099543,317.31258775071746
5136,362.9103593984906,326.6397818150222,322.1265808955003
5137,362.9103593751467,326.6397817927514,322.1265808691802
5138,362.9103590348634,326.6397814681099,322.126580485513
5139,362.91035487494366,326.63977749940943,322.12657579523056
5140,362.91031224875576,326.6397368326212,322.12652773448093
5141,362.9099463794119,326.6393877812091,322.1261152191757
5142,362.9073181465939,326.63688036048075,322.12315190376944
5143,362.89153438868647,326.6218221352438,322.10535581939854
5144,362.81240599308114,326.54633103796203,322.0161390680655
5145,362.4819041195073,326.23102135805635,321.6435003554497
5146,361.3349511833569,325.13679045626503,320.3503183806054
5147,358.040881879381,321.9941397759758,316.6362766675363
5148,350.2579488144234,314.5689651259729,307.8610702629874
5149,335.2749539403278,300.2746942139996,290.96784100338266
5150,312.16923844685414,278.23108012655723,264.91629708185985
5151,284.59338049016543,251.92280280447784,233.82469661031146
5152,261.2963828176194,229.69669921401766,207.55748327613122
5153,252.08156187256174,220.90545633495134,197.16783260087107
5154,261.2963828176194,229.69669921401766,207.55748327613122
5155,284.59338049016543,251.92280280447784,233.82469661031146
5156,312.16923844685414,278.23108012655723,264.91629708185985
5157,335.2749539403278,300.2746942139996,290.96784100338266
5158,350.2579488144234,314.5689651259729,307.8610702629874
5159,358.040881879381,321.9941397759758,316.6362766675363
5160,362.19720863143687,330.08784332196643,321.2080586920998
5161,362.1972086083086,330.08784329990124,321.20805866602285
5162,362.1972082711676,330.08784297825764,321.2080582858986
5163,362.1972041496624,330.0878390462059,321.2080536389283
5164,362.19716191710353,330.0877987549528,321.20800602199284
5165,362.19679942635895,330.0874529268357,321.20759731603624
5166,362.19419546380436,330.0849686607385,321.2046613651941
5167,362.17855746009343,330.07004948980875,321.1870296177317
5168,362.1001597710655,329.9952555106841,321.09863673331165
5169,361.7727098978643,329.68285753972026,320.72943913126346
5170,360.6363484320457,328.59873124969386,319.4481989703232
5171,357.37269801990413,325.48510119474525,315.76845435992936
5172,349.6616359986952,318.1284938891686,307.0742820897024
5173,334.81700072130866,303.96622259244253,290.3370523753898
5174,311.9246536167463,282.12616898011066,264.5260799244522
5175,284.6034433201453,256.0608339183058,233.72159303322817
5176,261.5215804206932,234.03997599168198,207.69694275630908
5177,252.39185320492123,225.32991533483093,197.40323470730337
5178,261.5215804206932,234.03997599168198,207.69694275630908
5179,284.6034433201453,256.0608339183058,233.72159303322817
5180,311.9246536167463,282.12616898011066,264.5260799244522
5181,334.81700072130866,303.96622259244253,290.3370523753898
5182,349.6616359986952,318.1284938891686,307.0742820897024
5183,357.37269801990413,325.48510119474525,315.76845435992936
5184,361.3213416285763,333.7769230138784,320.1254429059117
5185,361.3213416056839,333.77692299203835,320.12544288010076
5186,361.3213412719823,333.776922673676,320.12544250385434
5187,361.3213371925227,333.7769187817371,320.12543790429015
5188,361.3212953907999,333.77687890151583,320.1253907731196
5189,361.3209365980098,333.7765366013691,320.1249862365826
5190,361.31835919981614,333.77407767854777,320.12208023688464
5191,361.3028807274218,333.75931070575183,320.10462835994394
5192,361.2252828135302,333.68527973846585,320.0171372167878
5193,360.90117342485394,333.3760686998328,319.65170598931235
5194,359.7764045666433,332.30300213952773,318.38353641804275
5195,356.54604833046193,329.2211358257381,314.74133077447317
5196,348.91365081781044,321.93957705391097,306.1358522259502
5197,334.22045329771316,307.921782368649,289.56936759791336
5198,311.56164279676693,286.3045303729501,264.021706148451
5199,284.51915021444,260.5051011964023,233.53147166707635
5200,261.6727572666731,238.70888936418763,207.77231222900443
5201,252.63616709255854,230.087684514642,197.58361558863234
5202,261.6727572666731,238.70888936418763,207.77231222900443
5203,284.51915021444,260.5051011964023,233.53147166707635
5204,311.56164279676693,286.3045303729501,264.021706148451
5205,334.22045329771316,307.921782368649,289.56936759791336
5206,348.91365081781044,321.93957705391097,306.1358522259502
5207,356.54604833046193,329.2211358257381,314.74133077447317
5208,360.32817106744676,337.5549408526551,318.9242811276759
5209,360.32817104481006,337.55494083105896,318.92428110215315
5210,360.3281707148351,337.554940516252,318.92428073010853
5211,360.32816668093346,337.5549366677769,318.92427618191067
5212,360.32812534603727,337.5548972329236,318.92422957708413
5213,360.3277705601168,337.55455875546255,318.9238295582665
5214,360.3252219453846,337.5521272930121,318.9209560117341
5215,360.30991633103554,337.5375252324883,318.90369903111514
5216,360.2331850029008,337.4643210165749,318.8171849577629
5217,359.9126951519905,337.1585631362615,318.4558347355743
5218,358.800487310222,336.097480199622,317.2018276286367
5219,355.6062065374576,333.05003106688923,313.6002968354071
5220,348.0590449112284,325.84979013987095,305.0909211943855
5221,333.52993576741505,311.98854117352687,288.70944514325157
5222,311.12417076038116,290.61270291876775,263.4470908421726
5223,284.38367906604566,265.1013925425587,233.29736039756193
5224,261.7924264658863,243.54859301075007,207.8258700417881
5225,252.85675369976167,235.0236666944126,197.7509571224802
5226,261.7924264658863,243.54859301075007,207.8258700417881
5227,284.38367906604566,265.1013925425587,233.29736039756193
5228,311.12417076038116,290.61270291876775,263.4470908421726
5229,333.52993576741505,311.98854117352687,288.70944514325157
5230,348.0590449112284,325.84979013987095,305.0909211943855
5231,355.6062065374576,333.05003106688923,313.6002968354071
5232,359.2731567434441,341.2714308082366,317.66017392459673
5233,359.27315672108205,341.27143078690244,317.66017389938366
5234,359.27315639511056,341.27143047591494,317.660173531853
5235,359.27315241015157,341.2714266741327,317.66016903883764
5236,359.2731115767646,341.27138771773576,317.6601229994594
5237,359.2727610954005,341.27105334696347,317.6597278340012
5238,359.27024340257174,341.2686513850279,317.65688915171376
5239,359.2551234886042,341.25422648878833,317.63984154706696
5240,359.17932312845187,341.18191044701246,317.5543771340591
5241,358.8627217256777,340.8798622743745,317.1974111118506
5242,357.76400811000445,339.83165327416583,315.95861865705854
5243,354.60848299543665,336.8211783166424,312.40078461634903
5244,347.1528897807369,329.70829667208926,303.99465176369534
5245,332.8000598145965,316.0152238509666,287.81192933873217
5246,310.666140093566,294.89873495839623,262.8560788293309
5247,284.2500861771968,269.6969489150258,233.072149868984
5248,261.932929352046,248.40564578608752,207.90970071660237
5249,253.10567156385127,239.98415093178204,197.95702497969592
5250,261.932929352046,248.40564578608752,207.90970071660237
5251,284.2500861771968,269.6969489150258,233.072149868984
5252,310.666140093566,294.89873495839623,262.8560788293309
5253,332.8000598145965,316.0152238509666,287.81192933873217
5254,347.1528897807369,329.70829667208926,303.99465176369534
5255,354.60848299543665,336.8211783166424,312.40078461634903
5256,358.2178995130658,344.782069519333,316.3948683552376
5257,358.2178994909966,344.7820694982783,316.3948683303547
5258,358.21789916929447,344.7820691913638,316.39486796763765
5259,358.2178952365268,344.7820654393738,316.3948635334676
5260,358.21785493793755,344.78202699319155,316.3948180970704
5261,358.2175090468527,344.7816970016969,316.39442810712217
5262,358.21502432842516,344.77932649842694,316.3916266032577
5263,358.20010244104174,344.765090526075,316.37480227229634
5264,358.12529484357475,344.6937216126199,316.2904571927585
5265,357.8128399917954,344.395629386291,315.9381663798243
5266,356.72851630616077,343.36114885359535,314.7155984775476
5267,353.6143193275022,340.39010229980136,311.20436164124567
5268,346.2563725451628,333.3703785699025,302.9083245059106
5269,332.09152260959917,319.8566448933024,286.93754834265593
5270,310.2474924027453,299.0167201512909,262.3085463748242
5271,284.1774114153826,274.14500368459625,232.91469964145773
5272,262.15254397373855,253.13255426065132,208.08180486770468
5273,253.4408974059686,244.82135632088813,198.25948002980272
5274,262.15254397373855,253.13255426065132,208.08180486770468
5275,284.1774114153826,274.14500368459625,232.91469964145773
5276,310.2474924027453,299.0167201512909,262.3085463748242
5277,332.09152260959917,319.8566448933024,286.93754834265593
5278,346.2563725451628,333.3703785699025,302.9083245059106
5279,353.6143193275022,340.39010229980136,311.20436164124567
5280,357.22575530378504,347.95272501310563,315.19187152783815
5281,357.22575528202617,347.952724992347,315.19187150330515
5282,357.2257549648473,347.9527246897478,315.191871145688
5283,357.2257510873757,347.9527209905122,315.1918667738641
5284,357.2257113553997,347.95268308489756,315.19182197631955
5285,357.22537032767247,347.9523577332064,315.1914374697754
5286,357.22292054531226,347.95002056009605,315.18867535609957
5287,357.208208465228,347.93598475082223,315.1720875815032
5288,357.1344526904678,347.86561931089494,315.0889284252255
5289,356.8263910703801,347.57171837238974,314.74159095244664
5290,355.7573133799753,346.55178302161323,313.5362128106199
5291,352.68690317173434,343.62251048990026,310.07434527314086
5292,345.43241186401997,336.70148669242775,301.8949535124916
5293,331.46672499886546,323.3777611489152,286.1487324156131
5294,309.92982999964846,302.83085351739857,261.866023396548
5295,284.22630406926663,278.3088426558027,232.88546510557103
5296,262.51111447419237,257.5918361036937,208.40173008944222
5297,253.92195690465732,249.39749670517804,198.71751080028736
5298,262.51111447419237,257.5918361036937,208.40173008944222
5299,284.22630406926663,278.3088426558027,232.88546510557103
5300,309.92982999964846,302.83085351739857,261.866023396548
5301,331.46672499886546,323.3777611489152,286.1487324156131
5302,345.43241186401997,336.70148669242775,301.8949535124916
5303,352.68690317173434,343.62251048990026,310.07434527314086
5304,356.3572911770078,350.6630021463426,314.1119061913308
5305,356.3572911555758,350.66300212589573,314.11190616716635
5306,356.3572908431618,350.6630018278425,314.11190581492156
5307,356.3572870239405,350.66299818417946,314.1119015087744
5308,356.3572478888474,350.66296084801087,314.1118573842115
5309,356.3569119842891,350.6626403839917,314.11147865400704
5310,356.35449900435884,350.6603383216124,314.1087580348315
5311,356.34000793994704,350.6465133685743,314.09241945396826
5312,356.2673601786063,350.5772050099664,314.0105095756135
5313,355.9639264864356,350.287719267219,313.66839006145744
5314,354.91090926629454,349.28310613438714,312.48111999538344
5315,351.8866250153059,346.3978392860892,309.0712591746677
5316,344.741116004175,339.58078819134164,301.0147442445115
5317,330.9852319443959,326.4572214387336,285.50507444597474
5318,309.77187999992015,306.21898454461103,261.58715811655713
5319,284.4544913143657,282.0653613406996,233.04196705738914
5320,263.0655232464025,261.65958087690126,208.92604469108196
5321,254.60539831029965,253.5883428632732,199.38730885679422
5322,263.0655232464025,261.65958087690126,208.92604469108196
5323,284.4544913143657,282.0653613406996,233.04196705738914
5324,309.77187999992015,306.21898454461103,261.58715811655713
5325,330.9852319443959,326.4572214387336,285.50507444597474
5326,344.741116004175,339.58078819134164,301.0147442445115
5327,351.8866250153059,346.3978392860892,309.0712591746677
5328,355.6659176349966,352.8092877727712,313.20854255287
5329,355.6659176139072,352.80928775265124,313.2085425290918
5330,355.66591730648685,352.80928745936205,313.20854218247734
5331,355.6659135483126,352.80928387393993,313.2085379451603
5332,355.66587503876093,352.8092471345585,313.2084945258913
5333,355.66554450335383,352.8089317928865,313.20812184936983
5334,355.6631700928731,352.80666652703326,313.2054447169978
5335,355.6489106559071,352.79306255421227,313.189367294573
5336,355.577424107775,352.7248620312762,313.10876667655765
5337,355.2788405473194,352.4400034740332,312.7721156543614
5338,354.24265491954185,351.4514482350433,311.6038230991915
5339,351.26671130223923,348.6122999444684,308.2484660285121
5340,344.2354172275828,341.9042136633564,300.3207276962888
5341,330.6994093755852,328.99041605954267,285.05896689178167
5342,309.82513497491675,309.07567031736113,261.5233582873853
5343,284.9124233999662,285.3081224141125,233.43443803809149
5344,263.86533995146533,265.2285111449443,209.70398835634722
5345,255.5404429789179,257.286285065324,200.31772117134147
5346,263.86533995146533,265.2285111449443,209.70398835634722
5347,284.9124233999662,285.3081224141125,233.43443803809149
5348,309.82513497491675,309.07567031736113,261.5233582873853
5349,330.6994093755852,328.99041605954267,285.05896689178167
5350,344.2354172275828,341.9042136633564,300.3207276962888
5351,351.26671130223923,348.6122999444684,308.2484660285121
5352,355.1940188321991,354.3073138072179,312.52432798531794
5353,355.19401881146706,354.30731378743883,312.5243279619427
5354,355.19401850925584,354.30731349911935,312.5243276212015
5355,355.19401481476245,354.3073099744509,312.5243234556843
5356,355.19397695774137,354.3072738576051,312.5242807721392
5357,355.19365202313793,354.3069638592844,312.52391441048746
5358,355.19131784618975,354.3047369775472,312.52128264116163
5359,355.1773000302599,354.2913635191579,312.50547764488346
5360,355.10702479600167,354.2243186295794,312.4262427753816
5361,354.8135006267007,353.9442868982428,312.09529618380196
5362,353.7948727920975,352.9724823726023,310.9467999262268
5363,350.8693554701714,350.1814424297413,307.6482981755729
5364,343.95720414735536,343.5870222605326,299.8548925210535
5365,330.6505590850943,330.89204431735203,284.85173677002194
5366,310.1299917642836,311.3147467866567,261.71493059738197
5367,285.63941713614986,287.9499314432507,234.10196700972034
5368,264.9489689547342,268.2105619726894,210.77362127178424
5369,256.7651343703569,260.40291406044736,201.54640101186186
5370,264.9489689547342,268.2105619726894,210.77362127178424
5371,285.63941713614986,287.9499314432507,234.10196700972034
5372,310.1299917642836,311.3147467866567,261.71493059738197
5373,330.6505590850943,330.89204431735203,284.85173677002194
5374,343.95720414735536,343.5870222605326,299.8548925210535
5375,350.8693554701714,350.1814424297413,307.6482981755729
5376,354.96986600578435,355.09426013313987,312.08769994255465
5377,354.9698659854235,355.0942601137149,312.0876999195979
5378,354.9698656886231,355.0942598305576,312.0876995849574
5379,354.9698620602766,355.09425636899545,312.0876954940204
5380,354.9698248810547,355.0942208987924,312.0876535746895
5381,354.9695057641412,355.09391645073964,312.0872937724453
5382,354.96721337873385,355.09172943950966,312.08470912280995
5383,354.95344654040326,355.0785954220217,312.06918710214234
5384,354.88442952708823,355.0127509166908,311.99137086856945
5385,354.59616066943494,354.73773292586804,311.666349606688
5386,353.5957705381751,353.78332777028623,310.5384162410004
5387,350.7226322257662,351.042259128786,307.29897148286375
5388,343.9342373535474,344.5659066921505,299.6451004213855
5389,330.8658369542507,332.09822200938703,284.9105639781195
5390,310.71267371029853,312.8714400767353,262.18800351225843
5391,286.66058291267075,289.9249527589638,235.06942759125567
5392,266.3405803868278,270.53900065278236,212.15875692031395
5393,258.3032707081039,262.8711423296286,203.09674253840498
5394,266.3405803868278,270.53900065278236,212.15875692031395
5395,286.66058291267075,289.9249527589638,235.06942759125567
5396,310.71267371029853,312.8714400767353,262.18800351225843
5397,330.8658369542507,332.09822200938703,284.9105639781195
5398,343.9342373535474,344.5659066921505,299.6451004213855
5399,350.7226322257662,351.042259128786,307.29897148286375
5400,355.00554196459154,355.13041272826257,311.9109099249091
5401,355.0055419446147,355.13041270920405,311.91090990238536
5402,355.0055416534128,355.13041243138787,311.91090957405714
5403,355.00553809350714,355.13040903512046,311.9109055602866
5404,355.0055016155893,355.13037423398464,311.91086443167154
5405,355.00518851811336,355.1300755286737,311.9105114163041
5406,355.0029393735063,355.1279297705924,311.9079755203898
5407,354.98943221625115,355.1150434974088,311.89274628844555
5408,354.92171705684103,355.0504410036091,311.81639788668224
5409,354.63888575610287,354.78061062129166,311.49750743485254
5410,353.6573657807119,353.84420821632193,310.39085004716105
5411,350.83842289276174,351.1548437959012,307.21251027757285
5412,344.1780761343092,344.8006534799447,299.7030126314425
5413,331.35618231758036,332.5681442011921,285.2464107565531
5414,311.5831640988347,313.7040331512179,262.95246133385626
5415,287.98476300499453,291.19038076333914,236.34541760272683
5416,268.04805255984763,272.1701019344913,213.86690625954304
5417,260.1623490212332,264.6468808655616,204.97582681444433
5418,268.04805255984763,272.1701019344913,213.86690625954304
5419,287.98476300499453,291.19038076333914,236.34541760272683
5420,311.5831640988347,313.7040331512179,262.95246133385626
5421,331.35618231758036,332.5681442011921,285.2464107565531
5422,344.1780761343092,344.8006534799447,299.7030126314425
5423,350.83842289276174,351.1548437959012,307.21251027757285
5424,355.2960301219257,354.4003776314566,311.9891119832455
5425,355.29603010234484,354.4003776127758,311.9891119611682
5426,355.2960298169147,354.40037734046604,311.9891116393476
5427,355.296026327568,354.4003740115143,311.98910770513186
5428,355.29599057265966,354.40033990015337,311.9890673917053
5429,355.29568368092316,354.40004711532237,311.9887213732687
5430,355.29347911542163,354.39794388717695,311.9862357400059
5431,355.2802396763853,354.3853130259974,311.9713083586119
5432,355.2138666633293,354.3219909840533,311.89647321813254
5433,354.93664121218865,354.05750876700665,311.5839033252592
5434,353.97457542501724,353.1396662987599,310.49918040824025
5435,351.2115053128611,350.50360634787376,307.3838368299203
5436,344.68316976426183,344.27535907687707,300.0231809641969
5437,332.1154119222416,332.2853038936834,285.85311574769537
5438,312.7343042379129,313.7950884099353,264.0010429032658
5439,289.60363456887393,291.7276672165763,237.92136331111428
5440,270.0620791151723,273.0843792728887,215.88838665039256
5441,262.3326739349512,265.71027198906984,207.17353258769748
5442,270.0620791151723,273.0843792728887,215.88838665039256
5443,289.60363456887393,291.7276672165763,237.92136331111428
5444,312.7343042379129,313.7950884099353,264.0010429032658
5445,332.1154119222416,332.2853038936834,285.85311574769537
5446,344.68316976426183,344.27535907687707,300.0231809641969
5447,351.2115053128611,350.50360634787376,307.3838368299203
5448,355.8195358289014,352.9138315056498,312.30068352148896
5449,355.81953580972737,352.91383148735713,312.30068349987033
5450,355.8195355302277,352.9138312207052,312.3006831847363
5451,355.8195321133799,352.9138279609198,312.3006793322626
5452,355.8194971013588,352.9137945582978,312.3006398564366
5453,355.8191965859765,352.9135078567188,312.3003010272978
5454,355.8170378251961,352.91144832778696,312.2978670385601
5455,355.80407346476954,352.89907990066706,312.28324980650933
5456,355.7390794977673,352.83707351410817,312.20996953148517
5457,355.46761401813905,352.57808649971867,311.90389396902486
5458,354.5255372741973,351.67931423750184,310.8417085682232
5459,351.81987605097044,349.0980242587078,307.79109313873937
5460,345.4271811032932,342.99918259136615,300.58337116824464
5461,333.1205462095718,331.2582473068097,286.7077203774052
5462,314.1421238763968,313.1522069195656,265.3096726470258
5463,291.4920449965844,291.5432851782008,239.77185604359468
5464,272.35650855109077,273.287352749716,218.19666317356715
5465,264.7876988481717,266.06645884406896,209.66287946689343
5466,272.35650855109077,273.287352749716,218.19666317356715
5467,291.4920449965844,291.5432851782008,239.77185604359468
5468,314.1421238763968,313.1522069195656,265.3096726470258
5469,333.1205462095718,331.2582473068097,286.7077203774052
5470,345.4271811032932,342.99918259136615,300.58337116824464
5471,351.81987605097044,349.0980242587078,307.79109313873937
5472,356.53901700804215,350.70576821688536,312.80875540033605
5473,356.5390169892848,350.70576819899026,312.8087553791873
5474,356.5390167158595,350.7057679381335,312.80875507090207
5475,356.5390133732701,350.705764749193,312.80875130215423
5476,356.53897912216587,350.7057320725107,312.808712684257
5477,356.53868513788905,350.7054516018217,312.80838121889724
5478,356.5365732934909,350.7034368326647,312.8060001280753
5479,356.52389068771464,350.69133720876715,312.79170057256005
5480,356.4603092356259,350.6306784079887,312.7200128989128
5481,356.1947435195628,350.3773199624818,312.42058928149555
5482,355.27314094440703,349.49808073206435,311.38148837282034
5483,352.6262818993662,346.97288996923265,308.39717201674654
5484,346.37251949216176,341.00659452437156,301.3460955819107
5485,334.33334488935844,329.5208251721741,287.77200452931373
5486,315.7673809091153,311.808283647224,266.83900090891814
5487,293.60955655207283,290.6689889440612,241.85619807790752
5488,274.8898930230006,272.80981298397495,220.7498992159874
5489,267.48557638114397,265.74585087986196,212.4015803656721
5490,274.8898930230006,272.80981298397495,220.7498992159874
5491,293.60955655207283,290.6689889440612,241.85619807790752
5492,315.7673809091153,311.808283647224,266.83900090891814
5493,334.33334488935844,329.5208251721741,287.77200452931373
5494,346.37251949216176,341.00659452437156,301.3460955819107
5495,352.6262818993662,346.97288996923265,308.39717201674654
5496,357.4048120212443,347.83618192608253,313.4638392792382
5497,357.4048120029126,347.83618190859346,313.46383925856924
5498,357.4048117356907,347.836181653655,313.4638389572783
5499,357.4048084689376,347.8361785370649,313.46383527403543
5500,357.40477499491857,347.8361466017475,313.4637975322967
5501,357.40448768052426,347.8358724943461,313.46347358718606
5502,357.40242374941596,347.83390343604685,313.46114651828685
5503,357.39002888518365,347.8220783270654,313.4471713894907
5504,357.32788996198144,347.76279574638687,313.3771101577796
5505,357.0683493712356,347.5151854690057,313.0844798299655
5506,356.1676560124137,346.6558943200863,312.06895392669713
5507,353.5808486098812,344.1879948033597,309.1523454069293
5508,347.46897086597727,338.3570620034514,302.2612430070377
5509,335.7029397124625,327.13188050400106,288.9951194167782
5510,317.55819825022735,309.82119914367263,268.53704144548095
5511,295.9030881384126,289.16151039866287,244.121045655924
5512,277.6081342455526,271.7075214288918,223.4936041461946
5513,270.37180591302,264.803825708349,215.33469102191674
5514,277.6081342455526,271.7075214288918,223.4936041461946
5515,295.9030881384126,289.16151039866287,244.121045655924
5516,317.55819825022735,309.82119914367263,268.53704144548095
5517,335.7029397124625,327.13188050400106,288.9951194167782
5518,347.46897086597727,338.3570620034514,302.2612430070377
5519,353.5808486098812,344.1879948033597,309.1523454069293
5520,358.3581719265053,344.3891144005161,314.20735935394475
5521,358.35817190860695,344.38911438344047,314.2073593337645
5522,358.3581716477027,344.3891141345292,314.2073590395966
5523,358.3581684581816,344.38911109162103,314.20735544343233
5524,358.3581357755496,344.38907991131293,314.2073185939774
5525,358.357855253793,344.3888122843119,314.2070023075215
5526,358.35584011779076,344.3868897781519,314.204730254787
5527,358.3437382908172,344.3753442363731,314.1910855235939
5528,358.2830684454022,344.31746320432063,314.1226806675319
5529,358.02966386888187,344.0757068867384,313.83696865584375
5530,357.1502645482939,343.2367309520924,312.84545164217127
5531,354.62461400363503,340.8271770933545,309.99779708184474
5532,348.65723222729304,335.13409820872647,303.2696129454661
5533,337.1693715685312,324.1743005290751,290.3171247786054
5534,319.45360497843933,307.2728753347116,270.34271318526675
5535,298.31046127357496,287.1016194150665,246.50395618932248
5536,280.44803354943394,270.06027466523557,226.3641851213404
5537,273.3827852528278,263.31979493733724,218.3981636247333
5538,280.44803354943394,270.06027466523557,226.3641851213404
5539,298.31046127357496,287.1016194150665,246.50395618932248
5540,319.45360497843933,307.2728753347116,270.34271318526675
5541,337.1693715685312,324.1743005290751,290.3171247786054
5542,348.65723222729304,335.13409820872647,303.2696129454661
5543,354.62461400363503,340.8271770933545,309.99779708184474
5544,359.3354377643873,340.470990793371,314.97582913336555
5545,359.33543774692913,340.4709907767153,314.9758291136816
5546,359.33543749244177,340.470990533926,314.97582882674874
5547,359.33543438136644,340.4709875658576,314.97582531903157
5548,359.3354025025585,340.4709571524242,314.975789375883
5549,359.33512888018913,340.4706961076659,314.97548086844137
5550,359.3331633061308,340.46882088523387,314.97326469647624
5551,359.32135912163375,340.4575593041872,314.9599555552393
5552,359.2621814412511,340.40110184675365,314.89323310554505
5553,359.01500930929257,340.1652914866891,314.6145481345597
5554,358.1572386727184,339.34695002941976,313.6474173214232
5555,355.69370609458616,336.99665875800133,310.8698003642923
5556,349.8730911075843,331.4436002274704,304.3070948282104
5557,338.6677725231298,320.75335699858937,291.67317101226
5558,321.38772234612776,304.26761962243825,272.19002684044506
5559,300.7645908399835,284.5924724786753,248.9375802159979
5560,283.3414866357963,267.97025684588607,229.2931435590652
5561,276.45000697797474,261.39555812636854,221.52304507236266
5562,283.3414866357963,267.97025684588607,229.2931435590652
5563,300.7645908399835,284.5924724786753,248.9375802159979
5564,321.38772234612776,304.26761962243825,272.19002684044506
5565,338.6677725231298,320.75335699858937,291.67317101226
5566,349.8730911075843,331.4436002274704,304.3070948282104
5567,355.69370609458616,336.99665875800133,310.8698003642923
5568,360.2725561910457,336.20817635346316,315.7053665752366
5569,360.2725561740335,336.208176337233,315.70536655605554
5570,360.2725559260475,336.2081761006462,315.70536627645293
5571,360.27255289445054,336.2081732084028,315.7053628583471
5572,360.2725218300479,336.2081435719389,315.70532783343515
5573,360.2722551978866,336.2078891960694,315.7050272074076
5574,360.2703398381863,336.2060618797899,315.7028676518046
5575,360.2588372142151,336.19508799742357,315.6898985180989
5576,360.2011713411425,336.14007285398924,315.62488062131285
5577,359.9603136952122,335.91028672170535,315.3533151922501
5578,359.12445645420235,335.1128513660151,314.41089159007066
5579,356.72385953925124,332.8226027914737,311.7042341837945
5580,351.05194332229223,327.4114077883038,305.30918554368463
5581,340.1328860856797,316.99426731972284,292.99801953536166
5582,323.2942879224834,300.92968971389814,274.01260963756886
5583,303.19801385258006,281.7571819282141,251.3541913453968
5584,286.2200162516088,265.5596126644948,232.21160948827395
5585,279.5045926550767,259.15287722981543,224.64001306547107
5586,286.2200162516088,265.5596126644948,232.21160948827395
5587,303.19801385258006,281.7571819282141,251.3541913453968
5588,323.2942879224834,300.92968971389814,274.01260963756886
5589,340.1328860856797,316.99426731972284,292.99801953536166
5590,351.05194332229223,327.4114077883038,305.30918554368463
5591,356.72385953925124,332.8226027914737,311.7042341837945
5592,361.10960214039915,331.74370764026315,316.3362162656851
5593,361.10960212383776,331.74370762446307,316.3362162470123
5594,361.10960188242296,331.7437073941453,316.33621597481863
5595,361.10959893115745,331.7437045785408,316.336212647286
5596,361.10956868990144,331.74367572738583,316.3361785504665
5597,361.10930912297704,331.7434280919853,316.3358858904477
5598,361.1074445166068,331.74164919605533,316.3337835588941
5599,361.0962466899384,331.7309661003613,316.3211580821648
5600,361.0401088510452,331.67740875189423,316.25786303397643
5601,360.80563346720044,331.45371150798337,315.9934935638999
5602,359.9919248275256,330.67740664792933,315.07604236565425
5603,357.65493909092737,328.44784523400216,312.44110614919487
5604,352.13331769099176,323.1800364396143,306.2155139376456
5605,341.50359436670635,313.03893005911647,294.2305700334209
5606,325.1111865090546,297.4000327100992,275.74823680276415
5607,305.5474248597609,278.735559323956,253.69022280095857
5608,289.0193113800028,262.967194338931,235.05488236411077
5609,282.4818335291532,256.73022501028,227.68391861206868
5610,289.0193113800028,262.967194338931,235.05488236411077
5611,305.5474248597609,278.735559323956,253.69022280095857
5612,325.1111865090546,297.4000327100992,275.74823680276415
5613,341.50359436670635,313.03893005911647,294.2305700334209
5614,352.13331769099176,323.1800364396143,306.2155139376456
5615,357.65493909092737,328.44784523400216,312.44110614919487
5616,361.7949770724897,327.2331857775912,316.8169472020972
5617,361.79497705638295,327.23318576222476,316.8169471839369
5618,361.7949768215945,327.2331855382289,316.8169469192145
5619,361.7949739513362,327.23318279990787,316.816943683017
5620,361.7949445401509,327.23315474066777,316.8169105220968
5621,361.79469209789437,327.23291390243514,316.81662589509466
5622,361.79287867177794,327.23118383415414,316.8145812689443
5623,361.7819882062879,327.2207939711541,316.8023023399443
5624,361.7273912549993,327.1687066802456,316.74074463250696
5625,361.4993518191651,326.9511495428496,316.48363165194803
5626,360.7079780890865,326.19615292265314,315.59136291898864
5627,358.4351386114925,324.0277891539165,313.02875119229986
5628,353.0650762694052,318.90457269572386,306.9740408326177
5629,342.7271206588995,309.041822330107,295.31806312779776
5630,326.7846563433384,293.83218594925944,277.3430383140688
5631,307.7578864703315,275.6800204156016,255.89047904701863
5632,291.68344141974734,260.3444700637866,237.7666468130555
5633,285.3254061478094,254.27869486939665,230.59800340150366
5634,291.68344141974734,260.3444700637866,237.7666468130555
5635,307.7578864703315,275.6800204156016,255.89047904701863
5636,326.7846563433384,293.83218594925944,277.3430383140688
5637,342.7271206588995,309.041822330107,295.31806312779776
5638,353.0650762694052,318.90457269572386,306.9740408326177
5639,358.4351386114925,324.0277891539165,313.02875119229986
5640,362.28897575049183,322.8398646896545,317.1080191239317
5641,362.28897573484244,322.8398646747245,317.1080191062871
5642,362.28897550672144,322.8398644570895,317.10801884908216
5643,362.28897271797155,322.8398617965302,317.1080157047848
5644,362.2889441419928,322.8398345341047,317.1079834855546
5645,362.28869886848605,322.83960053509566,317.10770694127126
5646,362.2869369392875,322.83791959657145,317.10572037756083
5647,362.2763557366903,322.82782478056373,317.0937901404607
5648,362.2233092068331,322.77721664279886,317.0339805231023
5649,362.00174553970385,322.56583760217245,316.78416892963475
5650,361.232844910457,321.83228106082686,315.91723847168083
5651,359.02454857956235,319.7254935812222,313.4273987230572
5652,353.8069830261601,314.7477640853484,307.54462750066085
5653,343.762600363554,305.1650919874588,296.21965138497313
5654,328.2728634945246,290.38737251136837,278.7550738223208
5655,309.78640788974207,272.75068459700515,257.9117153780733
5656,294.16843821950806,257.85062680233267,240.30255616618768
5657,287.9909557790929,251.9571049597856,233.33748489772296
5658,294.16843821950806,257.85062680233267,240.30255616618768
5659,309.78640788974207,272.75068459700515,257.9117153780733
5660,328.2728634945246,290.38737251136837,278.7550738223208
5661,343.762600363554,305.1650919874588,296.21965138497313
5662,353.8069830261601,314.7477640853484,307.54462750066085
5663,359.02454857956235,319.7254935812222,313.4273987230572
5664,362.56646157083645,318.7290214503068,317.1844574179439
5665,362.5664615556463,318.7290214358149,317.1844574008171
5666,362.56646133421975,318.7290212245666,317.1844571511601
5667,362.56645862730835,318.729018642084,317.1844540991351
5668,362.5664308899189,318.7289921797002,317.1844228254089
5669,362.5661928141962,318.7287650476144,317.1841543965802
5670,362.5644825904836,318.7271334378279,317.18222613046885
5671,362.5542119033276,318.7173348637849,317.1706459975089
5672,362.5027220742778,318.66821186989523,317.1125915501848
5673,362.2876604034227,318.463035948004,316.8701109152224
5674,361.5413238935164,317.7510063201662,316.02862135505046
5675,359.39783211610245,315.70604452037844,313.61184831893763
5676,354.3333809800066,310.87439122488365,307.9017126060802
5677,344.5837602677481,301.5729317422433,296.9090786720507
5678,329.5485844407711,287.2288784814673,279.95701572749726
5679,311.6046314359111,270.10975592696076,259.7253254358077
5680,296.4449859210885,255.64695448177017,242.63292372785514
5681,290.4487875708498,249.92638363592226,235.8722490918531
5682,296.4449859210885,255.64695448177017,242.63292372785514
5683,311.6046314359111,270.10975592696076,259.7253254358077
5684,329.5485844407711,287.2288784814673,279.95701572749726
5685,344.5837602677481,301.5729317422433,296.9090786720507
5686,354.3333809800066,310.87439122488365,307.9017126060802
5687,359.39783211610245,315.70604452037844,313.61184831893763
5688,362.6184567531995,315.061755053358,317.03744290637
5689,362.6184567384695,315.0617550393051,317.0374428897621
5690,362.6184565237507,315.0617548344563,317.037442647668
5691,362.6184538988408,315.06175233020576,317.03743968809925
5692,362.6184270017109,315.06172666945736,317.03740936176024
5693,362.61819613810934,315.0615064179728,317.03714906455116
5694,362.6165377228733,315.0599242351804,317.0352792121601
5695,362.60657816966483,315.0504224931775,317.02404988070214
5696,362.55664814216715,315.0027876013757,316.96775409948185
5697,362.34810141871424,314.80382715402254,316.7326190253372
5698,361.624373972929,314.11336731849457,315.9166210378951
5699,359.5458158312082,312.1303543472084,313.57306025364784
5700,354.6347840963536,307.4450682168182,308.03590391773207
5701,345.1805124617758,298.425381488253,297.3762741476096
5702,330.600803103118,284.51585824929066,280.93774668338136
5703,313.20043329255253,267.91533197728546,261.31894290737523
5704,298.500024855039,253.89065783915456,244.74432801685688
5705,292.68547168922333,248.34338248581784,238.18845714473167
5706,298.500024855039,253.89065783915456,244.74432801685688
5707,313.20043329255253,267.91533197728546,261.31894290737523
5708,330.600803103118,284.51585824929066,280.93774668338136
5709,345.1805124617758,298.425381488253,297.3762741476096
5710,354.6347840963536,307.4450682168182,308.03590391773207
5711,359.5458158312082,312.1303543472084,313.57306025364784
5712,362.45253426081047,311.9884194504685,316.67470339012755
5713,362.45253424654067,311.9884194368546,316.6747033740384
5714,362.4525340385296,311.98841923840524,316.67470313950736
5715,362.4525314956217,311.98841681238724,316.6747002723952
5716,362.4525054387557,311.9883919532783,316.67467089344825
5717,362.45228178731185,311.9881785824299,316.67441872790016
5718,362.45067518081595,311.98664582688303,316.6726072895266
5719,362.44102676313753,311.9774409184301,316.66172876135494
5720,362.3926565451261,311.9312941362856,316.6071916551842
5721,362.19062480221436,311.7385491950862,316.37940217922124
5722,361.4895065355537,311.0696592615852,315.5888958941746
5723,359.4758823598178,309.14859543391,313.3185477341948
5724,354.7182708065888,304.6096772131364,307.9543716550988
5725,345.5593497520164,295.8717646719138,297.62774774274476
5726,331.43510917845674,282.3967736650486,281.702758370995
5727,314.5783253271801,266.31484631344034,262.6968442281853
5728,300.3371563029341,252.7283017109507,246.64001878887927
5729,294.7042492454992,247.35432273161123,240.2889527223872
5730,300.3371563029341,252.7283017109507,246.64001878887927
5731,314.5783253271801,266.31484631344034,262.6968442281853
5732,331.43510917845674,282.3967736650486,281.702758370995
5733,345.5593497520164,295.8717646719138,297.62774774274476
5734,354.7182708065888,304.6096772131364,307.9543716550988
5735,359.4758823598178,309.14859543391,313.3185477341948
5736,362.0919871901238,309.64195148783875,316.11968268745716
5737,362.0919871763133,309.641951474663,316.11968267188587
5738,362.0919869749972,309.64195128260087,316.1196824449033
5739,362.09198451393405,309.6419489346655,316.1196796700706
5740,362.0919592957213,309.6419248756594,316.1196512366998
5741,362.0917428426114,309.64171837225877,316.1194071872263
5742,362.09018794555107,309.6402349492177,316.11765405090506
5743,362.0808500670334,309.6313263053587,316.1071256536171
5744,362.0340366687416,309.58666478053567,316.0543438515535
5745,361.8385074187747,309.40012343191154,315.83388589408867
5746,361.15995499506903,308.75276205630337,315.0688224501881
5747,359.2111403230656,306.8935286311483,312.8715465840957
5748,354.606654883156,302.5006977691357,307.6800192017172
5749,345.7425182950317,294.0440193242643,297.68576285777823
5750,332.0728734862629,281.0027276593504,282.27332725378915
5751,315.75863367527467,265.43840520307367,263.8791279872803
5752,301.975823816633,252.28915035094374,248.33909952567214
5753,296.5242146971958,247.0881355795813,242.1924457049711
5754,301.975823816633,252.28915035094374,248.33909952567214
5755,315.75863367527467,265.43840520307367,263.8791279872803
5756,332.0728734862629,281.0027276593504,282.27332725378915
5757,345.7425182950317,294.0440193242643,297.68576285777823
5758,354.606654883156,302.5006977691357,307.6800192017172
5759,359.2111403230656,306.8935286311483,312.8715465840957
5760,361.5738419513769,308.1313992079974,315.4095534907055
5761,361.5738419380239,308.1313991952582,315.40955347565006
5762,361.57384174337744,308.13139900955906,315.40955325618745
5763,361.57383936384974,308.13139673941123,315.40955057328546
5764,361.57381498112073,308.13137347748415,315.4095230819171
5765,361.5736056991394,308.1311738155765,315.4092871178445
5766,361.57210231608525,308.1297395385951,315.40759206323
5767,361.56307380308346,308.1211260396342,315.3974124735489
5768,361.5178113407013,308.0779441587839,315.346379341635
5769,361.32876000830134,307.8975829570146,315.13322519408945
5770,360.6726881427031,307.271668774744,314.3935084332242
5771,358.7884380348278,305.47403207165394,312.26902869320867
5772,354.33649998679334,301.2267364490712,307.2494975028836
5773,345.7660337632277,293.0502292106304,297.58635258472634
5774,332.5492666300756,280.4409977739718,282.6845336141298
5775,316.7755203804353,265.3923239885388,264.8997373222544
5776,303.44933737491016,252.6787062035625,249.87455266728244
5777,298.1783410000556,247.6500019430768,243.93153854125387
5778,303.44933737491016,252.6787062035625,249.87455266728244
5779,316.7755203804353,265.3923239885388,264.8997373222544
5780,332.5492666300756,280.4409977739718,282.6845336141298
5781,345.7660337632277,293.0502292106304,297.58635258472634
5782,354.33649998679334,301.2267364490712,307.2494975028836
5783,358.7884380348278,305.47403207165394,312.26902869320867
5784,360.94586714141553,307.535986024834,314.5922259435792
5785,360.94586712851753,307.53598601252895,314.5922259290368
5786,360.94586694050344,307.5359858331573,314.59222571705214
5787,360.9458646420556,307.5359836403623,314.5922231255671
5788,360.9458410901417,307.53596117106025,314.5921965709374
5789,360.9456389392177,307.53576831241634,314.5919686470856
5790,360.9441867823165,307.5343829068731,314.5903313496254
5791,360.93546590613846,307.52606290358096,314.58049861846195
5792,360.8917457132485,307.4843523986556,314.5312043853683
5793,360.7091361006992,307.31013680992686,314.32531323505253
5794,360.07541917492847,306.70554997701464,313.610801523429
5795,358.25537285323907,304.9691658019424,311.5587111347072
5796,353.9551297831454,300.8665921878027,306.7102150452694
5797,345.67669293435955,292.9686905974606,297.3763313475924
5798,332.9102728583945,280.7891050956726,282.98227575457025
5799,317.67399996610226,266.2531986069289,265.80347717696407
5800,304.8018922453736,253.9727836088357,251.29025945194476
5801,299.71049937581995,249.11542701168995,245.54974710986346
5802,304.8018922453736,253.9727836088357,251.29025945194476
5803,317.67399996610226,266.2531986069289,265.80347717696407
5804,332.9102728583945,280.7891050956726,282.98227575457025
5805,345.67669293435955,292.9686905974606,297.3763313475924
5806,353.9551297831454,300.8665921878027,306.7102150452694
5807,358.25537285323907,304.9691658019424,311.5587111347072
5808,360.2628042433321,307.9000574583226,313.72257807415247
5809,360.26280423088576,307.90005744644833,313.72257806011925
5810,360.2628040494553,307.90005727335773,313.72257785555763
5811,360.26280183149163,307.90005515734725,313.722575354818
5812,360.2627791042891,307.900033474847,313.722549730045
5813,360.2625840320327,307.8998473694853,313.7223297873448
5814,360.26118272494097,307.8985104763362,313.720749822714
5815,360.2527672254697,307.89048181248677,313.71126140180104
5816,360.21057797147296,307.8502318737215,313.6636932923512
5817,360.03436275335906,307.68211674802734,313.46501178016723
5818,359.422836532268,307.09870057872973,312.7755199437246
5819,357.6665223104887,305.42311892742254,310.79528708308874
5820,353.5168597600856,301.4642040918254,306.1165695501104
5821,345.5283068324169,293.84286131607905,297.1095280878647
5822,333.2089252466703,282.0897652672315,283.2195054846812
5823,318.50617705353386,268.06285892512386,266.64225253491765
5824,306.0848086604447,256.2124641008411,252.63724046985612
5825,301.17169980222474,251.5251963263034,247.09774219085705
5826,306.0848086604447,256.2124641008411,252.63724046985612
5827,318.50617705353386,268.06285892512386,266.64225253491765
5828,333.2089252466703,282.0897652672315,283.2195054846812
5829,345.5283068324169,293.84286131607905,297.1095280878647
5830,353.5168597600856,301.4642040918254,306.1165695501104
5831,357.6665223104887,305.42311892742254,310.79528708308874
5832,359.5821036728983,309.22924651054615,312.8581916041275
5833,359.5821036608995,309.2292464990989,312.85819159059895
5834,359.5821034859931,309.2292463322324,312.8581913933931
5835,359.5821013477844,309.2292442923108,312.8581889825767
5836,359.58207943782145,309.22922338948405,312.858164279236
5837,359.58189138010056,309.2290439762204,312.85795224537895
5838,359.5805404621236,309.22775515594753,312.85642909414736
5839,359.5724275726739,309.22001519203195,312.8472818640653
5840,359.53175538740317,309.18121258683004,312.80142423973575
5841,359.3618766310922,309.01914265452984,312.60988704701737
5842,358.772340068913,308.45670534455843,311.94518840796025
5843,357.0791805400105,306.84137535167656,310.0361620527362
5844,353.078734263474,303.0248177591439,305.5256848979249
5845,345.37743893494127,295.6775282002662,296.84252451016033
5846,333.5010457113177,284.3470576486739,283.4519684037331
5847,319.3269885320484,270.8245399581308,267.4708111330912
5848,307.35227580925266,259.40026936396305,253.96940043089305
5849,302.61583572542577,254.88154942275796,248.62909504583243
5850,307.35227580925266,259.40026936396305,253.96940043089305
5851,319.3269885320484,270.8245399581308,267.4708111330912
5852,333.5010457113177,284.3470576486739,283.4519684037331
5853,345.37743893494127,295.6775282002662,296.84252451016033
5854,353.078734263474,303.0248177591439,305.5256848979249
5855,357.0791805400105,306.84137535167656,310.0361620527362
5856,358.9594859792906,311.48815991000924,312.05491294215005
5857,358.95948596773457,311.4881598989844,312.0549129291207
5858,358.9594857992821,311.4881597382752,312.05491273919165
5859,358.95948373997254,311.48815777362597,312.0549104173335
5860,358.95946263847935,311.48813764210604,312.05488662553716
5861,358.95928152002057,311.48796484912714,312.054682415653
5862,358.95798045043017,311.48672358585793,312.05321546815304
5863,358.9501669236776,311.47926922382163,312.04440576756474
5864,358.9109955273868,311.44189842076884,312.0002402730477
5865,358.74738523596636,311.2858088105672,311.8157707337186
5866,358.179602360487,310.7441252346546,311.17559923491274
5867,356.5489198080562,309.18840033641186,309.3370152642622
5868,352.6960885575284,305.512672343714,304.99297309107385
5869,345.2789682513898,298.4364951218992,296.6302181925655
5870,333.8408096579565,287.5241148506272,283.7337687810622
5871,320.18977008085767,274.50057318990844,268.3423104547582
5872,308.65691994234135,263.4978540638304,255.33909694212053
5873,304.09525279079037,259.14587326009575,250.19584690134323
5874,308.65691994234135,263.4978540638304,255.33909694212053
5875,320.18977008085767,274.50057318990844,268.3423104547582
5876,333.8408096579565,287.5241148506272,283.7337687810622
5877,345.2789682513898,298.4364951218992,296.6302181925655
5878,352.6960885575284,305.512672343714,304.99297309107385
5879,356.5489198080562,309.18840033641186,309.3370152642622
5880,358.44466051301697,314.59983053424673,311.36257167418415
5881,358.4446605018982,314.59983052363907,311.3625716616478
5882,358.44466033981996,314.59983036901104,311.3625714789056
5883,358.444658358434,314.59982847870356,311.3625692449059
5884,358.44463805541517,314.59980910895445,311.3625463533842
5885,358.4444637904261,314.5996428544115,311.3623498707425
5886,358.44321195292935,314.5984485601822,311.3609384321079
5887,358.4356940877495,314.5912762690306,311.35246208801954
5888,358.3980049256658,314.5553195662621,311.3099678029296
5889,358.2405855999385,314.4051363413705,311.1324785371486
5890,357.6942874628135,313.8839499139312,310.51653094108394
5891,356.12530946240594,312.38709319194646,308.7475184514657
5892,352.4182682223129,308.8504536740781,304.5678535667121
5893,345.2818095845722,302.04203693382243,296.5215428736827
5894,334.27646757516754,291.54257794826725,284.11309134529927
5895,321.14197935289883,279.0118433042988,269.3040413115184
5896,310.04552889885025,268.42546385984656,256.7928656044385
5897,305.65647390142203,264.2381607400104,251.84423464463214
5898,310.04552889885025,268.42546385984656,256.7928656044385
5899,321.14197935289883,279.0118433042988,269.3040413115184
5900,334.27646757516754,291.54257794826725,284.11309134529927
5901,345.2818095845722,302.04203693382243,296.5215428736827
5902,352.4182682223129,308.8504536740781,304.5678535667121
5903,356.12530946240594,312.38709319194646,308.7475184514657
5904,358.0775216780223,318.44710326433477,310.8211766678174
5905,358.07752166733474,318.4471032541385,310.82117665576715
5906,358.07752151154165,318.44710310550676,310.8211764801115
5907,358.07751960699164,318.44710128850323,310.82117433274374
5908,358.0775000913007,318.4470826698909,310.82115232892914
5909,358.07733258410906,318.4469228625095,310.82096346566016
5910,358.07612929144244,318.44577488164805,310.81960676100573
5911,358.0689029604983,318.4388807237655,310.8114591198718
5912,358.0326753411267,318.40431838091314,310.7706127146827
5913,357.8813605572766,318.2599590901628,310.60000628015956
5914,357.356247238725,317.7589836778413,310.00794442923416
5915,355.84811241537705,316.3201733520106,308.3075322259797
5916,352.28482600580406,312.92068068025844,304.2899499775453
5917,345.42511109319,306.3762865745555,296.55566603444186
5918,334.8465436926745,296.28398463130566,284.6284001015102
5919,322.2213959406272,284.2391775825181,270.3936281347613
5920,311.55525317702,274.0633258566136,258.3676215496014
5921,307.33640072562076,270.03840157513986,253.6108928533143
5922,311.55525317702,274.0633258566136,258.3676215496014
5923,322.2213959406272,284.2391775825181,270.3936281347613
5924,334.8465436926745,296.28398463130566,284.6284001015102
5925,345.42511109319,306.3762865745555,296.55566603444186
5926,352.28482600580406,312.92068068025844,304.2899499775453
5927,355.84811241537705,316.3201733520106,308.3075322259797
5928,357.88510690139003,322.8760259391206,310.45787392361325
5929,357.8851068911269,322.8760259293293,310.45787391204163
5930,357.8851067415215,322.8760257866008,310.4578737433625
5931,357.8851049126147,322.87602404176334,310.457871681282
5932,357.8850861720303,322.8760061626282,310.4578505513949
5933,357.88492531773744,322.8758527023315,310.45766918922607
5934,357.88376981635827,322.87475031593334,310.4563663689374
5935,357.87683049427653,322.8681299739646,310.44854232842886
5936,357.8420417306538,322.8349403469178,310.40931822373716
5937,357.69673673023436,322.6963145876278,310.2454877809399
5938,357.1924793864976,322.2152364626404,309.6769409059548
5939,355.7442432950648,320.83357150116933,308.0440641333072
5940,352.3224802652849,317.5690967979969,304.1860485750125
5941,345.73521329180994,311.2846270054362,296.75894791107714
5942,335.576795842718,301.59316196293736,285.3053983153967
5943,323.4530822654418,290.0267396428994,271.63599011898816
5944,313.21056769214965,280.25504317228246,260.0876215628045
5945,309.1592757983768,276.38997718516174,255.5198163052982
5946,313.21056769214965,280.25504317228246,260.0876215628045
5947,323.4530822654418,290.0267396428994,271.63599011898816
5948,335.576795842718,301.59316196293736,285.3053983153967
5949,345.73521329180994,311.2846270054362,296.75894791107714
5950,352.3224802652849,317.5690967979969,304.1860485750125
5951,355.7442432950648,320.83357150116933,308.0440641333072
5952,357.8795433616475,327.70120908071385,310.2848932140322
5953,357.8795433518016,327.7012090713206,310.284893202931
5954,357.87954320827833,327.70120893439463,310.28489304110946
5955,357.87954145372464,327.7012072604926,310.28489106286156
5956,357.87952347502767,327.70119010822316,310.28487079199766
5957,357.87936916017156,327.7010428867645,310.28469680300117
5958,357.87826063502166,327.69998531723735,310.2834469481054
5959,357.87160342699957,327.6936341213793,310.2759409893641
5960,357.83822898010993,327.66179379910824,310.2383115175892
5961,357.69883126905916,327.5288037885654,310.08114150512944
5962,357.2150742111839,327.06728361192813,309.5357085691036
5963,355.8257153066441,325.74178942719806,307.9692154416953
5964,352.54306204121815,322.6100300239296,304.26804523783255
5965,346.22359653395847,316.58105165620566,297.14288898506794
5966,336.4781635742227,307.28358742748986,286.1549767147675
5967,324.84733244501524,296.1873912070838,273.0412902724694
5968,315.0212212802238,286.81295731179273,261.9624138507618
5969,311.1346322766765,283.10502331014305,257.58031003063036
5970,315.0212212802238,286.81295731179273,261.9624138507618
5971,324.84733244501524,296.1873912070838,273.0412902724694
5972,336.4781635742227,307.28358742748986,286.1549767147675
5973,346.22359653395847,316.58105165620566,297.14288898506794
5974,352.54306204121815,322.6100300239296,304.26804523783255
5975,355.8257153066441,325.74178942719806,307.9692154416953
5976,358.0571365603674,332.713003984983,310.29863659395676
5977,358.05713655093103,332.71300397598037,310.2986365833173
5978,358.057136413377,332.71300384474927,310.298636428226
5979,358.0571347317966,332.7130022404662,310.29863453225505
5980,358.05711750084834,332.7129858015736,310.29861510447296
5981,358.05696960407295,332.7128447031756,310.29844835182075
5982,358.0559071833883,332.7118311188277,310.2972504794096
5983,358.04952685407835,332.7057440743863,310.2900566996152
5984,358.0175404776595,332.6752280170916,310.253992268267
5985,357.88394043112254,332.54776916957155,310.10335908483415
5986,357.42030322390065,332.1054439935576,309.580611149545
5987,356.08872888954585,330.83507819321915,308.07926974914494
5988,352.9426038511958,327.83357121821047,304.53203423322554
5989,346.8859700693763,322.0553429788336,297.7032190412348
5990,337.5458576161021,313.1445678716336,287.17230300545293
5991,326.398762241205,302.50987150356184,274.60402547954993
5992,316.9813270552352,293.52532796100604,263.9859285656204
5993,313.2563844587623,289.97160995916715,259.7860800179926
5994,316.9813270552352,293.52532796100604,263.9859285656204
5995,326.398762241205,302.50987150356184,274.60402547954993
5996,337.5458576161021,313.1445678716336,287.17230300545293
5997,346.8859700693763,322.0553429788336,297.7032190412348
5998,352.9426038511958,327.83357121821047,304.53203423322554
5999,356.08872888954585,330.83507819321915,308.07926974914494
6000,358.3986684976703,337.68623575016846,310.4799765426016
6001,358.3986684886352,337.68623574154867,310.47997653241464
6002,358.3986683569309,337.6862356158984,310.47997638391877
6003,358.39866674686186,337.6862340798395,310.4799745685765
6004,358.39865024868215,337.6862183400323,310.47995596698615
6005,358.3985086414102,337.68608324202785,310.47979630570813
6006,358.39749140155203,337.68511276167743,310.47864937438493
6007,358.3913824040745,337.67928457674657,310.47176151946667
6008,358.3607562900661,337.65006625462235,310.43723077513806
6009,358.23283775990234,337.5280277609709,310.293003464459
6010,357.7889173301241,337.1045130404539,309.79248606748445
6011,356.51396993250177,335.8881712040406,308.3549911699051
6012,353.50163796818646,333.0143072311466,304.9586064746667
6013,347.70257044393605,327.48180569023117,298.4201955626757
6014,338.7596584648074,318.9499729261015,288.33712047779517
6015,328.08660787153417,308.7675309030308,276.3033253596207
6016,319.06966140985065,300.1650668025521,266.1367768772368
6017,315.50312685962825,296.7624752975698,262.11553237134865
6018,319.06966140985065,300.1650668025521,266.1367768772368
6019,328.08660787153417,308.7675309030308,276.3033253596207
6020,338.7596584648074,318.9499729261015,288.33712047779517
6021,347.70257044393605,327.48180569023117,298.4201955626757
6022,353.50163796818646,333.0143072311466,304.9586064746667
6023,356.51396993250177,335.8881712040406,308.3549911699051
6024,358.8708828598382,342.39012332664527,310.79574114405114
6025,358.8708828511958,342.39012331840013,310.79574113430687
6026,358.87088272521544,342.3901231982107,310.7957409922648
6027,358.87088118512145,342.3901217289103,310.7957392558189
6028,358.8708654039672,342.390106673169,310.7957214626701
6029,358.8707299510721,342.38997744664294,310.795568740412
6030,358.8697569213552,342.3890491442244,310.7944716557355
6031,358.8639134262952,342.38347425735014,310.787883153066
6032,358.834618350209,342.3555257892713,310.7548531453365
6033,358.7122592721697,342.2387911961723,310.6168940807649
6034,358.2876320157363,341.83368279888106,310.13812961123887
6035,357.06809495631364,340.67020425129664,308.7631095095482
6036,354.1866815955611,337.9212409409516,305.5143346882313
6037,348.6396466597619,332.62918679578326,299.2600888803051
6038,340.08540152145997,324.4681550072905,289.6152331302682
6039,329.8762111188889,314.72825089382286,278.10443735980647
6040,321.2511491019305,306.4996574691444,268.3797360397319
6041,317.8396192883721,303.2449455915085,264.5332583661622
6042,321.2511491019305,306.4996574691444,268.3797360397319
6043,329.8762111188889,314.72825089382286,278.10443735980647
6044,340.08540152145997,324.4681550072905,289.6152331302682
6045,348.6396466597619,332.62918679578326,299.2600888803051
6046,354.1866815955611,337.9212409409516,305.5143346882313
6047,357.06809495631364,340.67020425129664,308.7631095095482
6048,359.42904595900643,346.59893000257523,311.2012750452837
6049,359.4290459507477,346.5989299946961,311.201275035972
6050,359.42904583036017,346.59892987984244,311.20127490023583
6051,359.42904435863795,346.59892847577095,311.20127324087866
6052,359.42902927808086,346.5989140884225,311.20125623764864
6053,359.4288998385556,346.59879059884935,311.20111029542585
6054,359.42797000605134,346.59790350799534,311.20006191532565
6055,359.4223859303022,346.5925761156935,311.19376590624165
6056,359.39439139582197,346.5658684071694,311.16220225071316
6057,359.2774643935144,346.454316193346,311.03036781619466
6058,358.87168827139504,346.0671923994767,310.5728578779855
6059,357.7062920061864,344.9553659539178,309.25888116959766
6060,354.9527976837317,342.32844162200087,306.15433423187767
6061,349.65202084614816,337.27132581858206,300.1777428278372
6062,341.4775375380509,329.4725993321059,290.9610660710927
6063,331.721579509524,320.1650938408834,279.9612868541934
6064,323.47942320595496,312.3018050863943,270.6683092352517
6065,320.21934671000076,309.1915846652758,266.99259419211165
6066,323.47942320595496,312.3018050863943,270.6683092352517
6067,331.721579509524,320.1650938408834,279.9612868541934
6068,341.4775375380509,329.4725993321059,290.9610660710927
6069,349.65202084614816,337.27132581858206,300.1777428278372
6070,354.9527976837317,342.32844162200087,306.15433423187767
6071,357.7062920061864,344.9553659539178,309.25888116959766
6072,360.02039176819295,350.1028214810838,311.6438845337146
6073,360.02039176030854,350.1028214735619,311.64388452482495
6074,360.02039164537786,350.1028213639142,311.64388439524134
6075,360.02039024036486,350.1028200234855,311.64388281109836
6076,360.0203758433687,350.10280628827667,311.6438665785788
6077,360.0202522709875,350.10268839615236,311.6437272515228
6078,360.01936458527916,350.1018415147307,311.6427263916609
6079,360.0140336206014,350.09675559873284,311.6367157636634
6080,359.987308002757,350.07125847849966,311.6065828033878
6081,359.87568098564867,349.96476262523066,311.48072406770626
6082,359.48829759915924,349.59518610733096,311.04395181927936
6083,358.375725598962,348.53375575154865,309.78953412608206
6084,355.74703973706164,346.02590280437573,306.82570791578684
6085,350.68653279633094,341.1980124012502,301.12001925754754
6086,342.88257673762405,333.7527811223451,292.3211095642961
6087,333.5688299360621,324.8671597158246,281.81992062931727
6088,325.70026831598597,317.3602926021353,272.9481685858663
6089,322.58796228225185,314.3910500721201,269.4390637776665
6090,325.70026831598597,317.3602926021353,272.9481685858663
6091,333.5688299360621,324.8671597158246,281.81992062931727
6092,342.88257673762405,333.7527811223451,292.3211095642961
6093,350.68653279633094,341.1980124012502,301.12001925754754
6094,355.74703973706164,346.02590280437573,306.82570791578684
6095,358.375725598962,348.53375575154865,309.78953412608206
6096,360.58819324333297,352.71837024945034,312.0669089245893
6097,360.58819323581326,352.71837024227636,312.06690891611095
6098,360.5881931261992,352.7183701377009,312.06690879252176
6099,360.58819178618086,352.7183688592793,312.06690728165984
6100,360.58817805517737,352.71835575944937,312.0668918000427
6101,360.58806019914846,352.7182433209136,312.06675891813677
6102,360.587213577019,352.7174356154995,312.0658043571928
6103,360.5821292181907,352.7125849696095,312.0600717756865
6104,360.5566399044844,352.68826732426965,312.0313327402848
6105,360.4501766573582,352.5866978777485,311.911296121669
6106,360.080713293768,352.2342176522938,311.4947285824952
6107,359.0196079191819,351.22188815355605,310.29833917489606
6108,356.5125228085858,348.8300463307844,307.4716170207114
6109,351.6861105746027,344.22548999307287,302.0298686215977
6110,344.24315882365204,337.12466872156745,293.63798893709134
6111,335.36025795348957,328.6500885332078,283.6225759872117
6112,327.8556892389762,321.49048264772233,275.1612235770925
6113,324.88735581051833,318.65859472811815,271.81444694483304
6114,327.8556892389762,321.49048264772233,275.1612235770925
6115,335.36025795348957,328.6500885332078,283.6225759872117
6116,344.24315882365204,337.12466872156745,293.63798893709134
6117,351.6861105746027,344.22548999307287,302.0298686215977
6118,356.5125228085858,348.8300463307844,307.4716170207114
6119,359.0196079191819,351.22188815355605,310.29833917489606
6120,361.07615513403107,354.29813807224747,312.41411345851475
6121,361.0761551268663,354.29813806541205,312.41411345043645
6122,361.07615502242487,354.2981379657715,312.41411333267945
6123,361.0761537456421,354.29813674767865,312.4141118931152
6124,361.0761406626057,354.29812426603075,312.41409714207674
6125,361.07602836821155,354.2980171334778,312.4139705308778
6126,361.0752216982434,354.29724754374234,312.4130610157359
6127,361.0703772706867,354.29262580019304,312.40759895517766
6128,361.0460907995919,354.2694557063472,312.38021611699617
6129,360.94465156102365,354.1726793295691,312.26584403534935
6130,360.5926232010673,353.83683267219527,311.8689343493621
6131,359.58159146810584,352.8722750778696,310.72900264697716
6132,357.1928158905279,350.59330444878395,308.03567372169414
6133,352.5941624091864,346.20603746745206,302.8507218346656
6134,345.502444105481,339.44030448039575,294.85485557723536
6135,337.0387279887017,331.365640362046,285.3120707100948
6136,329.8883004305314,324.54389681131977,277.2500101501456
6137,327.0600428775509,321.845645893472,274.0611681563255
6138,329.8883004305314,324.54389681131977,277.2500101501456
6139,337.0387279887017,331.365640362046,285.3120707100948
6140,345.502444105481,339.44030448039575,294.85485557723536
6141,352.5941624091864,346.20603746745206,302.8507218346656
6142,357.1928158905279,350.59330444878395,308.03567372169414
6143,359.58159146810584,352.8722750778696,310.72900264697716
6144,361.4327991511049,354.73879501050027,312.6340745756935
6145,361.43279914428484,354.73879500399374,312.63407456800394
6146,361.43279904486917,354.73879490914794,312.63407445591344
6147,361.4327978295254,354.73879374966987,312.63407308562114
6148,361.43278537604596,354.73878186864005,312.6340590444041
6149,361.43267848526915,354.7386798913161,312.6339385257486
6150,361.43191063233945,354.7379473343147,312.6330727765651
6151,361.427299319115,354.7335479895212,312.6278735509
6152,361.40418151540644,354.71149284287816,312.6018083775946
6153,361.30762354301055,354.6193733549029,312.4929398918057
6154,360.972534822482,354.2996876718314,312.1151295390848
6155,360.01015403630385,353.3815446841506,311.0300514627348
6156,357.7363265753013,351.2122383466807,308.4663257911795
6157,353.3589607533887,347.0360870855326,303.5308743007316
6158,346.60849663444054,340.59592183762015,295.91976991683515
6159,338.55205537260565,332.9098113536493,286.83618479941504
6160,331.74570709431225,326.4163307759192,279.16207138937045
6161,329.05354557394236,323.8479199585672,276.1266767870453
6162,331.74570709431225,326.4163307759192,279.16207138937045
6163,338.55205537260565,332.9098113536493,286.83618479941504
6164,346.60849663444054,340.59592183762015,295.91976991683515
6165,353.3589607533887,347.0360870855326,303.5308743007316
6166,357.7363265753013,351.2122383466807,308.4663257911795
6167,360.01015403630385,353.3815446841506,311.0300514627348
6168,361.61551249509705,353.98729310718244,312.6842285694758
6169,361.6155124886115,353.98729310099503,312.6842285621634
6170,361.6155123940721,353.9872930108013,312.68422845557086
6171,361.61551123833993,353.9872919081947,312.68422715249034
6172,361.6154993956939,353.9872806099201,312.684213799984
6173,361.6153977478258,353.9871836345039,312.6840991926739
6174,361.6146675574797,353.9864870088484,312.6832759078084
6175,361.6102824255498,353.98230344846434,312.67833170008174
6176,361.58829853196977,353.96133008945475,312.6535450030704
6177,361.4964766523389,353.87372899006715,312.55001643106687
6178,361.17782377056676,353.5697236388534,312.1907373796325
6179,360.26264700665143,352.6966148441381,311.1588815313325
6180,358.10034899805765,350.6337112799983,308.72090459189457
6181,353.93768953424984,346.66239696066737,304.02753312359437
6182,347.5183303824125,340.5381167637713,296.7897474363536
6183,339.8570512415853,333.22900396679825,288.1517050399309
6184,333.3845490045594,327.05402351516904,280.85400086982366
6185,330.8244358938917,324.6115912326587,277.9674899904932
6186,333.3845490045594,327.05402351516904,280.85400086982366
6187,339.8570512415853,333.22900396679825,288.1517050399309
6188,347.5183303824125,340.5381167637713,296.7897474363536
6189,353.93768953424984,346.66239696066737,304.02753312359437
6190,358.10034899805765,350.6337112799983,308.72090459189457
6191,360.26264700665143,352.6966148441381,311.1588815313325
6192,361.5939553533633,352.044703343187,312.5342792252189
6193,361.5939553472019,352.0447033373088,312.53427921827193
6194,361.59395525738734,352.0447032516227,312.5342791170066
6195,361.5939541594157,352.04470220412156,312.5342778790507
6196,361.59394290863463,352.04469147050565,312.53426519386824
6197,361.5938463408652,352.044599341671,312.53415631433637
6198,361.5931526435522,352.0439375315718,312.53337417512824
6199,361.58898666922335,352.039963054762,312.5286770661712
6200,361.5681014740304,352.0200378902241,312.5051291444446
6201,361.4808686154793,351.93681486818923,312.40677466385796
6202,361.17814118412764,351.6480029215398,312.06545145418124
6203,360.3087025980649,350.81852985591183,311.0851651038937
6204,358.25447067548504,348.85872489941755,308.7690319734914
6205,354.29985021179414,345.08588664264397,304.31022312457713
6206,348.201314098918,339.26768219844297,297.434163326885
6207,340.92292595984867,332.32386003627795,289.2278280443264
6208,334.77390271632504,326.4574892055095,282.2948443352364
6209,332.34173746600004,324.13712339860797,279.55259383617096
6210,334.77390271632504,326.4574892055095,282.2948443352364
6211,340.92292595984867,332.32386003627795,289.2278280443264
6212,348.201314098918,339.26768219844297,297.434163326885
6213,354.29985021179414,345.08588664264397,304.31022312457713
6214,358.25447067548504,348.85872489941755,308.7690319734914
6215,360.3087025980649,350.81852985591183,311.0851651038937
6216,361.35257022584375,348.96744114271615,312.168707302915
6217,361.352570219996,348.9674411371372,312.16870729632166
6218,361.3525701347534,348.96744105581297,312.1687072002112
6219,361.3525690926737,348.9674400616346,312.16870602527314
6220,361.3525584146106,348.9674298744104,312.16869398582645
6221,361.35246676259726,348.96734243536906,312.1685906487775
6222,361.35180837775744,348.9667143145332,312.16784832415334
6223,361.34785447122,348.96294215738556,312.1633903202516
6224,361.3280324312141,348.9440312779351,312.1410410990828
6225,361.2452401376276,348.86504470122634,312.04769332660885
6226,360.957922963922,348.5909346482548,311.7237450821879
6227,360.1327429128681,347.80368568367606,310.79335994223123
6228,358.18308110820027,345.94364406603984,308.59512893957026
6229,354.429769524797,342.3628611156984,304.36329454371224
6230,348.6416777358575,336.84083078800245,297.8372587018897
6231,341.73379396756843,330.2504820064604,290.04866468734
6232,335.8977850816504,324.6827371890191,283.46860263036393
6233,333.589428542607,322.48048897310605,280.86594564792125
6234,335.8977850816504,324.6827371890191,283.46860263036393
6235,341.73379396756843,330.2504820064604,290.04866468734
6236,348.6416777358575,336.84083078800245,297.8372587018897
6237,354.429769524797,342.3628611156984,304.36329454371224
6238,358.18308110820027,345.94364406603984,308.59512893957026
6239,360.1327429128681,347.80368568367606,310.79335994223123
6240,360.8920023418417,344.86574225131375,311.5881911242472
6241,360.8920023362971,344.86574224602396,311.5881911179957
6242,360.8920022554727,344.8657421689149,311.5881910268667
6243,360.89200126740513,344.86574122626587,311.588189912827
6244,360.8919911427981,344.865731567057,311.58817849739836
6245,360.8919042412119,344.8656486600797,311.5880805164252
6246,360.89127998120017,344.8650530954545,311.58737666732264
6247,360.8875310100936,344.8614764534621,311.5831497267862
6248,360.86873636875566,344.8435457462013,311.56195889093254
6249,360.79023529303186,344.7686531327614,311.47344943868535
6250,360.5178100921735,344.5087505126884,311.16629179678085
6251,359.7354000529359,343.7623055489752,310.28412956693796
6252,357.88679141638204,341.9986719841796,308.1998353539978
6253,354.3280182013838,338.6034850487954,304.18734170308915
6254,348.8399297315873,333.36766777492187,297.9995576521477
6255,342.29008936245464,327.1189041963911,290.6146552411568
6256,336.7565673928065,321.8397418662845,284.3756452146672
6257,334.5678555741184,319.75163865678155,281.90788687616373
6258,336.7565673928065,321.8397418662845,284.3756452146672
6259,342.29008936245464,327.1189041963911,290.6146552411568
6260,348.8399297315873,333.36766777492187,297.9995576521477
6261,354.3280182013838,338.6034850487954,304.18734170308915
6262,357.88679141638204,341.9986719841796,308.1998353539978
6263,359.7354000529359,343.7623055489752,310.28412956693796
6264,360.2293210610736,339.8993994308993,310.80982815566335
6265,360.2293210558215,339.8993994258886,310.80982814974163
6266,360.22932097926116,339.89939935284747,310.8098280634203
6267,360.22932004332074,339.89939845992944,310.80982700815355
6268,360.2293104528537,339.89938931030787,310.8098161949644
6269,360.2292281359015,339.8993107772225,310.80972338313626
6270,360.2286368097386,339.89874663257444,310.809056666734
6271,360.2250856216796,339.8953586821279,310.8050527252972
6272,360.20728252211046,339.8783739383932,310.78497984633805
6273,360.1329228978818,339.80743240617164,310.7011398537125
6274,359.8748699300793,339.56124137010676,310.41018681109034
6275,359.13373720070024,338.8541763203956,309.57456447961357
6276,357.38265490924874,337.18358610305245,307.60023058638984
6277,354.01163054376036,333.96751775783366,303.79942254204036
6278,348.81307507704196,329.00792451118133,297.9380850687239
6279,342.60878215347145,323.08882458409755,290.94278515489765
6280,337.367190104831,318.08817301991326,285.03292421540715
6281,335.29394732590515,316.11023107991457,282.695356468136
6282,337.367190104831,318.08817301991326,285.03292421540715
6283,342.60878215347145,323.08882458409755,290.94278515489765
6284,348.81307507704196,329.00792451118133,297.9380850687239
6285,354.01163054376036,333.96751775783366,303.79942254204036
6286,357.38265490924874,337.18358610305245,307.60023058638984
6287,359.13373720070024,338.8541763203956,309.57456447961357
6288,359.3970210341623,334.27092235287415,309.8661363609788
6289,359.39702102919216,334.27092234813244,309.866136355375
6290,359.39702095674164,334.27092227901227,309.8661362736875
6291,359.39702007104364,334.2709214340272,309.86613527506876
6292,359.3970109954045,334.2709127755683,309.86612504234466
6293,359.39693309732604,334.27083845823415,309.86603721276794
6294,359.39637351426813,334.27030459755446,309.8654062865101
6295,359.39301295828733,334.2670985163933,309.8616172815014
6296,359.37616555067626,334.2510255342838,309.84262193900844
6297,359.3057976411828,334.1838922294765,309.7632825787816
6298,359.06159726939194,333.9509170265537,309.4879482480547
6299,358.3602494430062,333.2818080855092,308.6971831359112
6300,356.70316737086364,331.70089717539923,306.8288338785085
6301,353.5131036782108,328.65747127607744,303.2320578156736
6302,348.5936129683841,323.964115004777,297.68536404050036
6303,342.7223740071085,318.36275953434927,291.06558030272214
6304,337.7621569712276,313.6305490057552,285.47296785983826
6305,335.80020837696173,311.75878538590047,283.2608835818281
6306,337.7621569712276,313.6305490057552,285.47296785983826
6307,342.7223740071085,318.36275953434927,291.06558030272214
6308,348.5936129683841,323.964115004777,297.68536404050036
6309,353.5131036782108,328.65747127607744,303.2320578156736
6310,356.70316737086364,331.70089717539923,306.8288338785085
6311,358.3602494430062,333.2818080855092,308.6971831359112
6312,358.44087243942295,328.21642914998023,308.8029046387129
6313,358.44087243472416,328.2164291454974,308.80290463341504
6314,358.44087236622977,328.21642908015156,308.8029045561881
6315,358.44087152889523,328.2164282813068,308.8029036120988
6316,358.44086294883044,328.2164200956422,308.8028939381316
6317,358.4407893043688,328.21634983639865,308.80281090448017
6318,358.44026027728785,328.21584512712803,308.80221442988756
6319,358.4370832241308,328.2128141137084,308.7986323231189
6320,358.4211557675295,328.1976187951816,308.78067421940546
6321,358.35463029070524,328.13415129777775,308.70566717701905
6322,358.1237644558242,327.91389768254,308.4453674499199
6323,357.46071365744456,327.2813253683876,307.69778198773986
6324,355.8941163863346,325.7867399406158,305.9314537549186
6325,352.87824580298144,322.9095000085356,302.5310792897329
6326,348.22738339198423,318.47242398763626,297.2872621741246
6327,342.6767428477437,313.176929973183,291.0289510661344
6328,337.98737796765863,308.7031213278286,285.7417226670792
6329,336.13256138041453,306.93356517347604,283.6504290301171
6330,337.98737796765863,308.7031213278286,285.7417226670792
6331,342.6767428477437,313.176929973183,291.0289510661344
6332,348.22738339198423,318.47242398763626,297.2872621741246
6333,352.87824580298144,322.9095000085356,302.5310792897329
6334,355.8941163863346,325.7867399406158,305.9314537549186
6335,357.46071365744456,327.2813253683876,307.69778198773986
6336,357.41677509840537,321.99470932054925,307.6760471450119
6337,357.4167750939675,321.9947093163154,307.6760471400082
6338,357.4167750292765,321.99470925459804,307.67604706706953
6339,357.4167742384372,321.99470850011124,307.6760461754033
6340,357.41676613480354,321.9947007689777,307.67603703860914
6341,357.41669657964854,321.9946344110674,307.67595861562427
6342,357.4161969282177,321.99415772713513,307.67539526188614
6343,357.41319628947343,321.99129501887955,307.6720120612204
6344,357.3981532476949,321.9769434612417,307.65505112946664
6345,357.3353217767163,321.9170001671598,307.58420905464254
6346,357.1172753876223,321.70897672569987,307.3383631692808
6347,356.49104226635063,321.11152968892725,306.6322893985495
6348,355.01143451795446,319.69993513278166,304.9640412867411
6349,352.1630282519791,316.98246167868547,301.752481750082
6350,347.7704174725919,312.7917662256708,296.79984166924646
6351,342.52799115839207,307.7903187446476,290.8890401007645
6352,338.09901586296405,303.56493034484635,285.8953992646357
6353,336.3471929503684,301.8936335505227,283.9202303258896
6354,338.09901586296405,303.56493034484635,285.8953992646357
6355,342.52799115839207,307.7903187446476,290.8890401007645
6356,347.7704174725919,312.7917662256708,296.79984166924646
6357,352.1630282519791,316.98246167868547,301.752481750082
6358,355.01143451795446,319.69993513278166,304.9640412867411
6359,356.49104226635063,321.11152968892725,306.6322893985495
6360,356.38684535986744,315.87500584983593,306.5476903902621
6361,356.38684535568007,315.8750058458411,306.5476903855409
6362,356.3868452946408,315.8750057876076,306.5476903167195
6363,356.38684454844406,315.87500507571133,306.54768947538753
6364,356.3868369022571,315.874997780997,306.5476808543615
6365,356.38677127346085,315.8749351689624,306.5476068583206
6366,356.38629982713985,315.8744853936345,306.54707530566037
6367,356.3834685731711,315.87178428403723,306.54388308522726
6368,356.36927470467606,315.85824286569846,306.5278795908269
6369,356.30999004339856,315.8016833449654,306.46103652086964
6370,356.10425227984035,315.60540273792805,306.2290685307346
6371,355.5133697507974,315.04168133120885,305.56285232279373
6372,354.11728522785086,313.70977068485917,303.98877610438046
6373,351.4296702790222,311.14569744660116,300.9585077318937
6374,347.285020502027,307.1915649620437,296.28544206832584
6375,342.3385269141992,302.47244705518284,290.7083027238539
6376,338.15956538256216,298.48558002586736,285.99655078011745
6377,336.5066321251709,296.9086272217647,284.13287928435966
6378,338.15956538256216,298.48558002586736,285.99655078011745
6379,342.3385269141992,302.47244705518284,290.7083027238539
6380,347.285020502027,307.1915649620437,296.28544206832584
6381,351.4296702790222,311.14569744660116,300.9585077318937
6382,354.11728522785086,313.70977068485917,303.98877610438046
6383,355.5133697507974,315.04168133120885,305.56285232279373
6384,355.4150218321852,310.1241426284093,305.481779187883
6385,355.415021828238,310.1241426246436,305.4817791834326
6386,355.41502177070066,310.12414256975103,305.4817791185596
6387,355.4150210673136,310.1241418986966,305.48177832549527
6388,355.4150138597927,310.1241350224841,305.4817701990623
6389,355.4149519961572,310.124076002537,305.4817004482157
6390,355.4145075969752,310.12365203107106,305.4811993910287
6391,355.4118387736296,310.1211058856416,305.4781903100666
6392,355.39845921530565,310.10834134604374,305.4631049450873
6393,355.3425757481909,310.0550266766367,305.4000966994245
6394,355.14864127515307,309.87000679776287,305.18143684257353
6395,354.59165800715533,309.3386264033158,304.5534418309543
6396,353.27566763382134,308.08312821539954,303.0696712452351
6397,350.7422426572145,305.66615729235747,300.2132510634581
6398,346.83537375514055,301.9388755991386,295.80828178965396
6399,342.172663269961,297.49049612498635,290.55110604747404
6400,338.2334510977922,293.7323578861437,286.10966994702363
6401,336.67534754550906,292.2458757460643,284.35291832692985
6402,338.2334510977922,293.7323578861437,286.10966994702363
6403,342.172663269961,297.49049612498635,290.55110604747404
6404,346.83537375514055,301.9388755991386,295.80828178965396
6405,350.7422426572145,305.66615729235747,300.2132510634581
6406,353.27566763382134,308.08312821539954,303.0696712452351
6407,354.59165800715533,309.3386264033158,304.5534418309543
6408,354.5625120909751,304.9936663996427,304.5395235806162
6409,354.562512087258,304.99366639609644,304.53952357642527
6410,354.56251203307454,304.9936663444036,304.5395235153337
6411,354.56251137068836,304.99366571246543,304.53952276849765
6412,354.5625045832985,304.99365923707177,304.5395151157597
6413,354.56244632573424,304.9936036574355,304.539449430735
6414,354.56202783086786,304.99320439954033,304.5389775804953
6415,354.5595145749599,304.9908066705736,304.5361439008073
6416,354.5469149197381,304.9787861842388,304.52193787150253
6417,354.49428893603977,304.9285792613696,304.46260241720256
6418,354.311659028778,304.75434431081635,304.2566883847306
6419,353.7871426754584,304.2539384230006,303.66529960822106
6420,352.5478622315301,303.071624035905,302.2680189689263
6421,350.16211223419964,300.79553991009107,299.5781013656916
6422,346.4829772454947,297.2855238757672,295.42990059785427
6423,342.0920591680749,293.09644331621666,290.4791690274764
6424,338.38246621939294,289.5573693842564,286.296627107887
6425,336.9151855301977,288.15753524885764,284.642277675143
6426,338.38246621939294,289.5573693842564,286.296627107887
6427,342.0920591680749,293.09644331621666,290.4791690274764
6428,346.4829772454947,297.2855238757672,295.42990059785427
6429,350.16211223419964,300.79553991009107,299.5781013656916
6430,352.5478622315301,303.071624035905,302.2680189689263
6431,353.7871426754584,304.2539384230006,303.66529960822106
6432,353.88341471200414,300.7076775863901,303.77502109299877
6433,353.8834147085072,300.70767758305385,303.77502108905594
6434,353.8834146575319,300.70767753442175,303.7750210315816
6435,353.8834140343655,300.7076769399005,303.7750203289656
6436,353.88340764885584,300.70767084791385,303.775013129345
6437,353.8833528407124,300.70761855913867,303.7749513335198
6438,353.8829591248582,300.70724294123784,303.77450742145516
6439,353.880594678419,300.7049871814087,303.77184152347525
6440,353.8687410467097,300.6936784260919,303.7584766308281
6441,353.8192310388471,300.6464442468647,303.7026544190142
6442,353.6474146183443,300.48252571906505,303.5089325225237
6443,353.15395479200066,300.0117487815299,302.95255977816396
6444,351.9880519392456,298.8994390347558,301.63801189561275
6445,349.74356180670486,296.7581214755235,299.1073638710655
6446,346.28226779531485,293.4559329130525,295.20477738814526
6447,342.1513352547757,289.51488712416,290.54717781945413
6448,338.6613866942073,286.1853611773905,286.61228351872654
6449,337.2809834531924,284.8684109908195,285.055887843688
6450,338.6613866942073,286.1853611773905,286.61228351872654
6451,342.1513352547757,289.51488712416,290.54717781945413
6452,346.28226779531485,293.4559329130525,295.20477738814526
6453,349.74356180670486,296.7581214755235,299.1073638710655
6454,351.9880519392456,298.8994390347558,301.63801189561275
6455,353.15395479200066,300.0117487815299,302.95255977816396
6456,353.42083846509547,297.4519908076595,303.2313761444119
6457,353.4208384618087,297.4519908045239,303.2313761407062
6458,353.4208384138985,297.45199075881595,303.2313760866877
6459,353.42083782820197,297.45199020004213,303.2313754263186
6460,353.42083182664106,297.45198447435524,303.23136865959776
6461,353.42078031400865,297.4519353296062,303.2313105794398
6462,353.4204102715514,297.45158229690634,303.23089335897635
6463,353.418187994849,297.44946217169155,303.22838775644976
6464,353.40704709981725,297.4388333906552,303.2158264697704
6465,353.36051403601476,297.39443931417406,303.16336074302
6466,353.19902861513293,297.24037690049664,302.98128698140124
6467,352.7352396040929,296.79790689863717,302.45836788829456
6468,351.6394403066008,295.752478254022,301.2228613082948
6469,349.5299071626907,293.7399141097886,298.8443764105644
6470,346.2767342785758,290.6362799618906,295.17644514486676
6471,342.39418697610245,286.93220187626986,290.79889831640594
6472,339.1140824871927,283.80287408979916,287.100601841486
6473,337.8166803081127,282.5651096518217,285.6377893238763
6474,339.1140824871927,283.80287408979916,287.100601841486
6475,342.39418697610245,286.93220187626986,290.79889831640594
6476,346.2767342785758,290.6362799618906,295.17644514486676
6477,349.5299071626907,293.7399141097886,298.8443764105644
6478,351.6394403066008,295.752478254022,301.2228613082948
6479,352.7352396040929,296.79790689863717,302.45836788829456
6480,353.2038041720933,295.3651954796467,302.93760212453844
6481,353.20380416900724,295.36519547670247,302.9376021210589
6482,353.2038041240217,295.3651954337848,302.937602070338
6483,353.2038035740793,295.3651949091216,302.93760145028153
6484,353.20379793888685,295.36518953296223,302.93759509663863
6485,353.20374957087,295.3651433882801,302.9375405620143
6486,353.20340211784816,295.3648119066461,302.93714881099226
6487,353.2013155011893,295.3628212055838,302.9347961642824
6488,353.19085470792146,295.3528412640447,302.9230016879179
6489,353.1471622793357,295.3111572471806,302.8737387588967
6490,352.9955348204289,295.16649965412114,302.702779785281
6491,352.56005805213067,294.7510404649381,302.21178256170106
6492,351.5311523958598,293.7694305586953,301.0516981270505
6493,349.5503968060109,291.87972444522285,298.8184090838557
6494,346.4958155620246,288.9655532670919,295.3743886006101
6495,342.8502803902129,285.4875925654502,291.2640714077608
6496,339.77041159533167,282.5492962303511,287.7915393753709
6497,338.55221001081827,281.38709176984395,286.41802501295336
6498,339.77041159533167,282.5492962303511,287.7915393753709
6499,342.8502803902129,285.4875925654502,291.2640714077608
6500,346.4958155620246,288.9655532670919,295.3743886006101
6501,349.5503968060109,291.87972444522285,298.8184090838557
6502,351.5311523958598,293.7694305586953,301.0516981270505
6503,352.56005805213067,294.7510404649381,302.21178256170106
6504,353.2451572660414,294.53208368227945,302.9065341672307
6505,353.2451572631466,294.53208367951765,302.90653416396674
6506,353.24515722094844,294.53208363925927,302.9065341163886
6507,353.24515670508157,294.53208314710525,302.9065335347521
6508,353.24515141905704,294.5320781040636,302.9065275747938
6509,353.2451060480204,294.53203481859936,302.9064764192451
6510,353.24478012389073,294.531723876238,302.90610894190894
6511,353.2428227982216,294.5298565230411,302.90390206994897
6512,353.2330101768684,294.52049495887064,302.89283840320206
6513,353.1920250195542,294.4813937680245,302.8466279049294
6514,353.0497927047665,294.34569945209523,302.6862618951948
6515,352.64129895806747,293.9559829548108,302.22568785294953
6516,351.676146377891,293.0351955843042,301.1374845968963
6517,349.81812241175743,291.2625794847839,299.04257466109954
6518,346.9528092015286,288.5289762486592,295.81195265477044
6519,343.5331587644317,285.26651702853206,291.9563190309838
6520,340.644124871122,282.5102834789738,288.6989521087786
6521,339.5014055213912,281.4200915581552,287.41054347508384
6522,340.644124871122,282.5102834789738,288.6989521087786
6523,343.5331587644317,285.26651702853206,291.9563190309838
6524,346.9528092015286,288.5289762486592,295.81195265477044
6525,349.81812241175743,291.2625794847839,299.04257466109954
6526,351.676146377891,293.0351955843042,301.1374845968963
6527,352.64129895806747,293.9559829548108,302.22568785294953
6528,353.54064474114875,294.97978258694525,303.1339063113066
6529,353.5406447384359,294.9797825843571,303.1339063082479
6530,353.54064469889113,294.97978254663,303.13390626366134
6531,353.5406442154607,294.9797820854215,303.1339057185968
6532,353.54063926180885,294.9797773594744,303.13390013338653
6533,353.5405967435954,294.9797367956975,303.1338521943774
6534,353.54029131280214,294.9794454046544,303.1335078231448
6535,353.5384570591297,294.97769546619855,303.1314397140605
6536,353.5292614321387,294.9689225349842,303.1210717044436
6537,353.49085332432907,294.9322799342985,303.0777668127241
6538,353.3575642402222,294.8051177551853,302.92748423740846
6539,352.9747556116614,294.4399057071221,302.49586999878835
6540,352.0702895370768,293.57701526302577,301.4760903830382
6541,350.3290937120337,291.9158570604694,299.51290341638065
6542,347.6439446019964,289.35413631368624,296.4854152610914
6543,344.4393136754262,286.29681279310756,292.8722147367712
6544,341.7319353826117,283.7138846733366,289.8196633224964
6545,340.66106751588137,282.6922414353458,288.6122667685073
6546,341.7319353826117,283.7138846733366,289.8196633224964
6547,344.4393136754262,286.29681279310756,292.8722147367712
6548,347.6439446019964,289.35413631368624,296.4854152610914
6549,350.3290937120337,291.9158570604694,299.51290341638065
6550,352.0702895370768,293.57701526302577,301.4760903830382
6551,352.9747556116614,294.4399057071221,302.49586999878835
6552,354.0692244569939,296.6767799601814,303.59866101075465
6553,354.0692244544541,296.6767799577584,303.59866100789105
6554,354.06922441743194,296.676779922438,303.5986609661488
6555,354.0692239648407,296.6767794906511,303.59866045585517
6556,354.0692193271939,296.6767750661832,303.59865522693855
6557,354.0691795213168,296.67673709006453,303.59861034607104
6558,354.0688935746687,296.6764642875382,303.5982879430853
6559,354.06717633233126,296.67482598175224,303.59635176352015
6560,354.05856731590904,296.66661269635375,303.58664515350375
6561,354.0226093511936,296.6323076129305,303.54610278218536
6562,353.8978230897348,296.51325740685536,303.40540708409657
6563,353.5394347195817,296.1713430901438,303.00132652798294
6564,352.6926666528644,295.36349844713504,302.04660104079073
6565,351.0625457848978,293.8083094143829,300.20865036572
6566,348.5486886213791,291.41000682993314,297.37429276591575
6567,345.5484886022896,288.5477171326231,293.9915867600039
6568,343.013820307592,286.12956004314583,291.1337647451671
6569,342.01126560852555,285.17308981853773,290.0033908433576
6570,343.013820307592,286.12956004314583,291.1337647451671
6571,345.5484886022896,288.5477171326231,293.9915867600039
6572,348.5486886213791,291.41000682993314,297.37429276591575
6573,351.0625457848978,293.8083094143829,300.20865036572
6574,352.6926666528644,295.36349844713504,302.04660104079073
6575,353.5394347195817,296.1713430901438,303.00132652798294
6576,354.7945840023792,299.53487250990224,304.2644681988853
6577,354.7945840000038,299.534872507636,304.264468196207
6578,354.79458396537717,299.53487247460106,304.26446815716577
6579,354.7945835420714,299.5348720707534,304.26446767989125
6580,354.7945792045089,299.5348679325758,304.26446278931775
6581,354.79454197431727,299.53483241374596,304.26442081251884
6582,354.7942745301786,299.5345772632234,304.2641192709922
6583,354.7926684039979,299.5330449659131,304.26230837417086
6584,354.78461644396623,299.5253631306704,304.25322984161136
6585,354.75098518105426,299.49327779745,304.2153108114417
6586,354.63427335934443,299.3819308730087,304.08371899164746
6587,354.2990749242667,299.06214051864134,303.70578493648605
6588,353.50709796721236,298.3065684000293,302.8128360690354
6589,351.9824559602839,296.8520096770273,301.09381212366947
6590,349.6312608395812,294.6088920423586,298.442854919061
6591,346.8251922417371,291.93181011900344,295.2790308278231
6592,344.45453259823097,289.67012268807827,292.60612750036603
6593,343.51684936352274,288.77554197846933,291.54889575264644
6594,344.45453259823097,289.67012268807827,292.60612750036603
6595,346.8251922417371,291.93181011900344,295.2790308278231
6596,349.6312608395812,294.6088920423586,298.442854919061
6597,351.9824559602839,296.8520096770273,301.09381212366947
6598,353.50709796721236,298.3065684000293,302.8128360690354
6599,354.2990749242667,299.06214051864134,303.70578493648605
6600,355.6677572539863,303.4139076284379,305.08234204079946
6601,355.6677572517668,303.4139076263204,305.08234203829693
6602,355.6677572194123,303.4139075954532,305.0823420018175
6603,355.66775682388345,303.41390721810563,305.08234155586126
6604,355.66775277094786,303.4139033514715,305.08233698620273
6605,355.6677179837674,303.41387016335483,305.08229776388305
6606,355.66746808906885,303.41363175557655,305.08201600923593
6607,355.6659673554212,303.41220000621615,305.0803239418101
6608,355.6584437576525,303.4050222459859,305.0718411342652
6609,355.62701934749555,303.3750423230261,305.0364103162218
6610,355.5179660489271,303.2710018820675,304.9134534314526
6611,355.2047630290043,302.9721958786719,304.56031906380326
6612,354.4647548765167,302.2662037123784,303.7259646854564
6613,353.0401584855451,300.9070918042529,302.119741521308
6614,350.8432466411896,298.8111655000109,299.6427377072038
6615,348.22130970180217,296.3097512473429,296.6865208631417
6616,346.0062105788516,294.19647367991394,294.1890110107256
6617,345.13005726156825,293.3605945394007,293.2011538446646
6618,346.0062105788516,294.19647367991394,294.1890110107256
6619,348.22130970180217,296.3097512473429,296.6865208631417
6620,350.8432466411896,298.8111655000109,299.6427377072038
6621,353.0401584855451,300.9070918042529,302.119741521308
6622,354.4647548765167,302.2662037123784,303.7259646854564
6623,355.2047630290043,302.9721958786719,304.56031906380326
6624,356.6306459770662,308.12903887645865,305.99416272072034
6625,356.6306459749943,308.129038874482,305.9941627183843
6626,356.63064594479243,308.12903884566845,305.99416268433185
6627,356.63064557557857,308.1290384934262,305.99416226804567
6628,356.6306417922893,308.12903488404356,305.9941580024116
6629,356.630609319539,308.1290039039696,305.9941213895969
6630,356.63037605061527,308.12878135772837,305.99385838040274
6631,356.6289751624619,308.12744486426027,305.99227888812226
6632,356.6219521180988,308.1207446484759,305.9843604512862
6633,356.5926184092268,308.0927593234462,305.95128688534203
6634,356.4908205490358,307.9956408098208,305.83651046014836
6635,356.1984552776315,307.71671470527207,305.5068705184089
6636,355.5076806982651,307.0576929903518,304.72802667350317
6637,354.1778643044428,305.78900432321865,303.22866733961854
6638,352.1271154713548,303.8325223488936,300.9164613699616
6639,349.67961893994226,301.4975299945538,298.1569249511964
6640,347.61189284832125,299.52485115606015,295.8255772329767
6641,346.79403099481016,298.7445839931268,294.9034433131463
6642,347.61189284832125,299.52485115606015,295.8255772329767
6643,349.67961893994226,301.4975299945538,298.1569249511964
6644,352.1271154713548,303.8325223488936,300.9164613699616
6645,354.1778643044428,305.78900432321865,303.22866733961854
6646,355.5076806982651,307.0576929903518,304.72802667350317
6647,356.1984552776315,307.71671470527207,305.5068705184089
6648,357.620187290368,313.4600831664491,306.93684408580003
6649,357.62018728843583,313.46008316460575,306.93684408362157
6650,357.6201872602709,313.46008313773547,306.9368440518657
6651,357.6201869159576,313.4600828092493,306.93684366365477
6652,357.62018338782195,313.4600794432916,306.9368396857048
6653,357.6201531051076,313.46005055258405,306.9368055421413
6654,357.61993556836927,313.4598430153662,306.93656027088383
6655,357.6186291592906,313.45859665804915,306.93508730314556
6656,357.61207976497,313.45234832001563,306.9277029036514
6657,357.58472438796304,313.4262503887861,306.8968598940165
6658,357.4897920063752,313.33568176801714,306.78982425128953
6659,357.21714451205736,313.0755670726575,306.4824159749555
6660,356.572957337233,312.46099127707487,305.7560991256305
6661,355.3328267774818,311.27786585146663,304.3578599862753
6662,353.4203850974867,309.45333345945045,302.2015944320744
6663,351.13795328389966,307.27581828603695,299.6281674089493
6664,349.20967933019716,305.4361813831118,297.45405106912864
6665,348.44697593527314,304.7085372075555,296.5941079525621
6666,349.20967933019716,305.4361813831118,297.45405106912864
6667,351.13795328389966,307.27581828603695,299.6281674089493
6668,353.4203850974867,309.45333345945045,302.2015944320744
6669,355.3328267774818,311.27786585146663,304.3578599862753
6670,356.572957337233,312.46099127707487,305.7560991256305
6671,357.21714451205736,313.0755670726575,306.4824159749555
6672,358.57286047856746,319.16246066332604,307.8468406291601
6673,358.57286047676735,319.1624606616087,307.8468406271305
6674,358.5728604505275,319.162460636575,307.8468405975453
6675,358.57286012974896,319.1624603305417,307.84684023586954
6676,358.5728568427703,319.1624571946557,307.84683652982244
6677,358.5728286299559,319.162430278701,307.8468047200578
6678,358.5726259624028,319.1622369271759,307.84657621370997
6679,358.57140884968305,319.16107576152825,307.8452039270354
6680,358.56530712299957,319.15525451317455,307.83832426989017
6681,358.53982155507555,319.13094044143435,307.80958945783357
6682,358.4513780414463,319.0465624145547,307.7098699715213
6683,358.19736669172187,318.804227215338,307.42347382699245
6684,357.59721133668467,318.23165922701116,306.74680256806073
6685,356.4418468316667,317.1294034112958,305.4441366040335
6686,354.6601253688664,315.42958241469535,303.43525724441474
6687,352.5337035322241,313.40090590098634,301.03773045548587
6688,350.7372319715962,311.68701282493197,299.0122204565126
6689,350.02666127932275,311.00910496586795,298.21105662307326
6690,350.7372319715962,311.68701282493197,299.0122204565126
6691,352.5337035322241,313.40090590098634,301.03773045548587
6692,354.6601253688664,315.42958241469535,303.43525724441474
6693,356.4418468316667,317.1294034112958,305.4441366040335
6694,357.59721133668467,318.23165922701116,306.74680256806073
6695,358.19736669172187,318.804227215338,307.42347382699245
6696,359.4292019834859,324.97912286404676,308.6646626430442
6697,359.4292019818105,324.9791228624484,308.6646626411552
6698,359.4292019573881,324.9791228391486,308.6646626136191
6699,359.42920165882725,324.9791225543117,308.6646622769937
6700,359.4291985995109,324.97911963562314,308.66465882763447
6701,359.42917234076947,324.97909458391837,308.6646292210743
6702,359.4289837103547,324.97891462428584,308.6644165415086
6703,359.42785089716534,324.97783388316856,308.6631393020063
6704,359.42217178762013,324.97241582549316,308.65673614293536
6705,359.39845139836456,324.9497857923785,308.6299915583454
6706,359.31613364987754,324.87125194733454,308.53717883238437
6707,359.0797156069773,324.64570134265955,308.2706190268593
6708,358.52112814768486,324.1127904968472,307.64081529999015
6709,357.4457863749289,323.0868790050592,306.4283744460589
6710,355.78747031273065,321.50479082776684,304.5586338728952
6711,353.8083284769632,319.6166242888733,302.3271643269302
6712,352.136283936629,318.02143869098296,300.44194498396877
6713,351.4749287153295,317.39048401324703,299.69627127391726
6714,352.136283936629,318.02143869098296,300.44194498396877
6715,353.8083284769632,319.6166242888733,302.3271643269302
6716,355.78747031273065,321.50479082776684,304.5586338728952
6717,357.4457863749289,323.0868790050592,306.4283744460589
6718,358.52112814768486,324.1127904968472,307.64081529999015
6719,359.0797156069773,324.64570134265955,308.2706190268593
6720,360.13799725951696,330.65283405078515,309.33906822717626
6721,360.1379972579591,330.6528340492989,309.3390682254198
6722,360.13799723525045,330.6528340276341,309.3390681998159
6723,360.13799695763976,330.6528337627843,309.3390678868116
6724,360.1379941129968,330.65283104890125,309.3390646794952
6725,360.137969696841,330.6528077550839,309.3390371504384
6726,360.1377943026928,330.65264042328596,309.33883939467717
6727,360.1367409794273,330.6516355181758,309.337651779547
6728,360.1314603751165,330.6465976476277,309.33169793253563
6729,360.1094044544195,330.62555557237476,309.3068300254185
6730,360.03286297303754,330.5525324765203,309.22053000304504
6731,359.8130344723604,330.34280884187604,308.97267479846545
6732,359.2936433033661,329.8472925488199,308.38706463394453
6733,358.2937586637653,328.89336964894056,307.25970120681444
6734,356.75180725798504,327.42229718895936,305.5211610268367
6735,354.9115425427927,325.6666240001375,303.4462745309563
6736,353.3568259913062,324.1833731704453,301.69334173222916
6737,352.74187831248366,323.59669281770914,300.99999222445007
6738,353.3568259913062,324.1833731704453,301.69334173222916
6739,354.9115425427927,325.6666240001375,303.4462745309563
6740,356.75180725798504,327.42229718895936,305.5211610268367
6741,358.2937586637653,328.89336964894056,307.25970120681444
6742,359.2936433033661,329.8472925488199,308.38706463394453
6743,359.8130344723604,330.34280884187604,308.97267479846545
6744,360.65984254149936,335.9381679786127,309.8306252003186
6745,360.65984254005224,335.93816797723207,309.83062519868696
6746,360.65984251895765,335.9381679571071,309.83062517490293
6747,360.65984226107895,335.9381677110824,309.8306248841464
6748,360.6598396186274,335.9381651900965,309.8306219047995
6749,360.65981693792236,335.9381435519564,309.83059633245205
6750,360.6596540104335,335.9379881137623,309.8304126327682
6751,360.6586755552437,335.9370546352638,309.8293094309063
6752,360.6537702855485,335.93237484630913,309.82377877123264
6753,360.63328205484135,335.9128283989736,309.80067842438154
6754,360.5621809862998,335.84499563627134,309.720512432097
6755,360.35797744840323,335.6501787310795,309.49027427141573
6756,359.8755035474571,335.1898827284422,308.94628808648076
6757,358.94668867465424,334.30376272837015,307.8990553591229
6758,357.51433603905446,332.93725110724284,306.2840870796088
6759,355.8048735974199,331.30636759831134,304.3566792963261
6760,354.3606631367112,329.9285432212259,302.7283413961342
6761,353.78942468832986,329.38356291487764,302.08427376135904
6762,354.3606631367112,329.9285432212259,302.7283413961342
6763,355.8048735974199,331.30636759831134,304.3566792963261
6764,357.51433603905446,332.93725110724284,306.2840870796088
6765,358.94668867465424,334.30376272837015,307.8990553591229
6766,359.8755035474571,335.1898827284422,308.94628808648076
6767,360.35797744840323,335.6501787310795,309.49027427141573
6768,360.9698166308335,340.6126145785707,310.1143830206666
6769,360.96981662949054,340.6126145772895,310.1143830191524
6770,360.96981660991446,340.61261455861325,310.1143829970805
6771,360.96981637059906,340.61261433029847,310.11438272725394
6772,360.96981391836357,340.612611990785,310.11437996237436
6773,360.96979287032167,340.6125919102593,310.114356230844
6774,360.96964167111497,340.612447661233,310.114185754722
6775,360.96873364970304,340.61158137887986,310.11316196648653
6776,360.9641814842477,340.60723846300755,310.10802942954643
6777,360.94516809214895,340.58909906031136,310.0865919536328
6778,360.87918521084765,340.52614921691895,310.01219668416906
6779,360.689681198057,340.34535614313774,309.79853214242763
6780,360.24193802358565,339.9181943981955,309.29370462567766
6781,359.3799835866113,339.0958614574567,308.32185660480457
6782,358.0507383885434,337.82771772989844,306.82314129041754
6783,356.46433104349126,336.3142328386952,305.03447732808644
6784,355.12408160198936,335.0355907002285,303.52335480080757
6785,354.59396356709306,334.52984062357115,302.925650164758
6786,355.12408160198936,335.0355907002285,303.52335480080757
6787,356.46433104349126,336.3142328386952,305.03447732808644
6788,358.0507383885434,337.82771772989844,306.82314129041754
6789,359.3799835866113,339.0958614574567,308.32185660480457
6790,360.24193802358565,339.9181943981955,309.29370462567766
6791,360.689681198057,340.34535614313774,309.79853214242763
6792,361.0590690620569,344.4862577134593,310.18146107720656
6793,361.05906906081185,344.4862577122714,310.18146107580276
6794,361.05906904266266,344.4862576949565,310.1814610553397
6795,361.0590688207911,344.48625748328374,310.1814608051809
6796,361.05906654730023,344.48625531429855,310.1814582418348
6797,361.05904703346056,344.48623669745234,310.1814362401075
6798,361.0589068552391,344.4861029628092,310.18127819007464
6799,361.0580650199588,344.485299824207,310.18032902627203
6800,361.0538446641042,344.4812734656293,310.1755706024984
6801,361.03621716759756,344.46445625300373,310.15569571485
6802,360.9750438112815,344.4060948549572,310.0867231535223
6803,360.79935284009133,344.23847987810615,309.8886327263347
6804,360.3842458879575,343.8424541648822,309.4206023379791
6805,359.58511973794265,343.08006148056626,308.51959280196934
6806,358.352763882468,341.9043533790727,307.1301195911133
6807,356.8819905566102,340.5011871531893,305.4718322332511
6808,355.63943256247023,339.3157458751719,304.0708561774124
6809,355.14795509439534,338.84686017275874,303.5167185291059
6810,355.63943256247023,339.3157458751719,304.0708561774124
6811,356.8819905566102,340.5011871531893,305.4718322332511
6812,358.352763882468,341.9043533790727,307.1301195911133
6813,359.58511973794265,343.08006148056626,308.51959280196934
6814,360.3842458879575,343.8424541648822,309.4206023379791
6815,360.79935284009133,344.23847987810615,309.8886327263347
6816,360.9352115489787,347.4095796982195,310.03944025112025
6817,360.93521154782553,347.40957969711934,310.0394402498201
6818,360.9352115310156,347.40957968108216,310.03944023086706
6819,360.9352113255172,347.40957948502984,310.03943999916885
6820,360.9352092197996,347.4095774761059,310.03943762498596
6821,360.9351911459922,347.4095602330979,310.0394172468857
6822,360.9350613122836,347.40943636746096,310.0392708602238
6823,360.93428160060404,347.4086924968213,310.03839174037694
6824,360.9303726877457,347.40496326512647,310.03398446655575
6825,360.9140460200125,347.38938708602274,310.0155762548878
6826,360.85738697813866,347.33533249273466,309.9516935537291
6827,360.69466119860004,347.1800867360196,309.7682212957931
6828,360.3101872445872,346.8132859125901,309.3347294135583
6829,359.57003295646473,346.1071543280848,308.5002102682338
6830,358.4286193374693,345.0182081174213,307.21327383744966
6831,357.06638236903876,343.7185891536107,305.6773605165826
6832,355.91551948263907,342.6206280304193,304.3797700982655
6833,355.4603108081332,342.18634395239985,303.866525278788
6834,355.91551948263907,342.6206280304193,304.3797700982655
6835,357.06638236903876,343.7185891536107,305.6773605165826
6836,358.4286193374693,345.0182081174213,307.21327383744966
6837,359.57003295646473,346.1071543280848,308.5002102682338
6838,360.3101872445872,346.8132859125901,309.3347294135583
6839,360.69466119860004,347.1800867360196,309.7682212957931
6840,360.62148845074404,349.2790648345623,309.7115334876554
6841,360.62148844967703,349.27906483354434,309.7115334864523
6842,360.62148843412285,349.27906481870514,309.71153346891504
6843,360.621488243975,349.27906463729784,309.7115332545246
6844,360.62148629555344,349.2790627784394,309.711531057692
6845,360.62146957185024,349.2790468234754,309.7115122018254
6846,360.6213494366535,349.27893221053836,309.7113767501725
6847,360.6206279690389,349.27824390665626,309.71056330013005
6848,360.61701104997826,349.2747932466678,309.70648524741637
6849,360.60190397600104,349.2603806002021,309.6894521197751
6850,360.54947733566934,349.21036385747453,309.63034142382435
6851,360.3989070889015,349.0667148796388,309.4605744500185
6852,360.0431531432411,348.72731389071737,309.0594641903841
6853,359.3582880030965,348.0739299755751,308.28728319976136
6854,358.30213739952535,347.06632749168233,307.0964802642518
6855,357.04165883814187,345.8637894018976,305.67529888541526
6856,355.9767648226241,344.84784541484686,304.4746378098098
6857,355.5555600040297,344.44600213604906,303.99973211668515
6858,355.9767648226241,344.84784541484686,304.4746378098098
6859,357.04165883814187,345.8637894018976,305.67529888541526
6860,358.30213739952535,347.06632749168233,307.0964802642518
6861,359.3582880030965,348.0739299755751,308.28728319976136
6862,360.0431531432411,348.72731389071737,309.0594641903841
6863,360.3989070889015,349.0667148796388,309.4605744500185
6864,360.1547925533814,350.0404048861276,309.23460167412475
6865,360.15479255239507,350.0404048851866,309.23460167301266
6866,360.1547925380168,350.04040487146926,309.23460165680126
6867,360.1547923622447,350.04040470377686,309.2346014586193
6868,360.15479056112895,350.0404029854531,309.2345994278731
6869,360.15477510178226,350.0403882367268,309.2345819975602
6870,360.15466404912627,350.040282288833,309.234456786413
6871,360.1539971263845,350.0396460225573,309.23370483535984
6872,360.1506536560363,350.0364562416527,309.22993509429074
6873,360.1366887170802,350.02313322963903,309.2141897164564
6874,360.0882256703637,349.9768978858505,309.1595479465246
6875,359.9490389352029,349.84410915326,309.0026158080085
6876,359.62018093516656,349.5303677828871,308.63183055211323
6877,358.9870934233345,348.9263814316162,307.91802850061134
6878,358.01079061780166,347.9949563786361,306.81725343799843
6879,356.8456075921692,346.8833333706606,305.5035171558456
6880,355.8612223999157,345.94419745437364,304.39362925477917
6881,355.4718617872273,345.5727345975157,303.9546276966743
6882,355.8612223999157,345.94419745437364,304.39362925477917
6883,356.8456075921692,346.8833333706606,305.5035171558456
6884,358.01079061780166,347.9949563786361,306.81725343799843
6885,358.9870934233345,348.9263814316162,307.91802850061134
6886,359.62018093516656,349.5303677828871,308.63183055211323
6887,359.9490389352029,349.84410915326,309.0026158080085
6888,359.58267801540933,349.6892458773013,308.6561666727747
6889,359.5826780144984,349.68924587643227,308.65616667174766
6890,359.5826780012202,349.68924586376437,308.6561666567765
6891,359.5826778388955,349.68924570890124,308.65616647375646
6892,359.5826761755741,349.6892441220378,308.6561645983724
6893,359.58266189894397,349.68923050166217,308.6561485015648
6894,359.5825593423663,349.68913265930706,308.65603286969065
6895,359.58194344251825,349.6885450705535,308.65533844661826
6896,359.5788557642153,349.6855993236903,308.65185710941626
6897,359.5659592122719,349.67329558809814,308.63731633098917
6898,359.52120382871595,349.6305974771601,308.58685492715335
6899,359.39266556832837,349.5079677404504,308.4419288746782
6900,359.08896683446284,349.218229139191,308.0995105277353
6901,358.50431365361203,348.66045073595086,307.4403178693605
6902,357.6027028493229,347.80028431381896,306.4237575522956
6903,356.5266620974875,346.7737059729526,305.21052860399897
6904,355.6175872491021,345.90641860675663,304.18555262576734
6905,355.25801465218336,345.5633744986815,303.7801368616786
6906,355.6175872491021,345.90641860675663,304.18555262576734
6907,356.5266620974875,346.7737059729526,305.21052860399897
6908,357.6027028493229,347.80028431381896,306.4237575522956
6909,358.50431365361203,348.66045073595086,307.4403178693605
6910,359.08896683446284,349.218229139191,308.0995105277353
6911,359.39266556832837,349.5079677404504,308.4419288746782
6912,358.9595965333898,348.26954940831075,308.0306475646246
6913,358.9595965325494,348.26954940750903,308.03064756367706
6914,358.959596520299,348.2695493958217,308.0306475498648
6915,358.95959637053926,348.269549252946,308.03064738101165
6916,358.9595948359695,348.2695477889159,308.03064565079427
6917,358.95958166444143,348.26953522284396,308.030630799982
6918,358.9594870463956,348.2694449541099,308.03052411875086
6919,358.9589188211157,348.26890284846553,308.02988344844385
6920,358.95607014876464,348.26618512115755,308.02667158889807
6921,358.9441718720209,348.2548337730065,308.01325635926503
6922,358.9028808399949,348.21544076760443,307.9667009892444
6923,358.7842922590346,348.1023033529849,307.8329931356031
6924,358.5041017400408,347.83499236348524,307.5170801480126
6925,357.9647044363746,347.32038955859974,306.90891319678434
6926,357.13288404658,346.5268054920134,305.97104111809136
6927,356.1401356973271,345.5796908483203,304.85172381190864
6928,355.3014290279537,344.7795370440612,303.90608749778426
6929,354.9696896385126,344.4630467332328,303.53205349407784
6930,355.3014290279537,344.7795370440612,303.90608749778426
6931,356.1401356973271,345.5796908483203,304.85172381190864
6932,357.13288404658,346.5268054920134,305.97104111809136
6933,357.9647044363746,347.32038955859974,306.90891319678434
6934,358.5041017400408,347.83499236348524,307.5170801480126
6935,358.7842922590346,348.1023033529849,307.8329931356031
6936,358.3426401443039,345.86976490062426,307.4151035214122
6937,358.34264014352937,345.8697648998853,307.4151035205389
6938,358.3426401322382,345.8697648891132,307.4151035078082
6939,358.3426399942057,345.8697647574256,307.4151033521774
6940,358.34263857980335,345.86976340803915,307.415101757448
6941,358.34262643969674,345.86975182597735,307.41508806955676
6942,358.3425392308963,345.86966862590754,307.41498974220156
6943,358.34201550157366,345.8691689708729,307.414399240797
6944,358.33938989990935,345.86666406035187,307.4114388919994
6945,358.3284233402732,345.8562016010286,307.3990741673446
6946,358.2903656807564,345.8198933395642,307.3561644037958
6947,358.1810634033533,345.71561536459154,307.23292679700995
6948,357.9228137339097,345.4692366686783,306.94175197456707
6949,357.4256549582636,344.9949308116005,306.38120868892963
6950,356.6589718403895,344.26348984918815,305.5167784606241
6951,355.7439625318806,343.3905408124494,304.48511141720553
6952,354.97093237759964,342.6530445681223,303.6135249466372
6953,354.66517046969403,342.36133763083166,303.2687803843846
6954,354.97093237759964,342.6530445681223,303.6135249466372
6955,355.7439625318806,343.3905408124494,304.48511141720553
6956,356.6589718403895,344.26348984918815,305.5167784606241
6957,357.4256549582636,344.9949308116005,306.38120868892963
6958,357.9228137339097,345.4692366686783,306.94175197456707
6959,358.1810634033533,345.71561536459154,307.23292679700995
6960,357.78711034655475,342.6171148739449,306.86480298774853
6961,357.78711034584154,342.6171148732645,306.86480298694437
6962,357.78711033544477,342.6171148633456,306.86480297522206
6963,357.7871102083453,342.6171147420885,306.86480283191827
6964,357.7871089059729,342.6171134995823,306.8648013635018
6965,357.7870977274422,342.6171028348956,306.86478875978116
6966,357.78701742614965,342.617026224816,306.86469822059615
6967,357.786535179618,342.61656614573116,306.86415449076867
6968,357.7841175427942,342.614259640522,306.86142862097597
6969,357.77401960647455,342.60462587647027,306.8500432634603
6970,357.73897636273847,342.57119346700824,306.8105322340961
6971,357.6383315412602,342.4751749903161,306.6970558525508
6972,357.40053693628505,342.24831110005357,306.4289439822406
6973,356.9427563903528,341.81157337193093,305.9127993944592
6974,356.236799594556,341.1380673221681,305.116837699285
6975,355.3942650134498,340.3342615639575,304.16688543958156
6976,354.68246390808076,339.655179850249,303.3643343233806
6977,354.4009203449718,339.3865780120704,303.0468957873514
6978,354.68246390808076,339.655179850249,303.3643343233806
6979,355.3942650134498,340.3342615639575,304.16688543958156
6980,356.236799594556,341.1380673221681,305.116837699285
6981,356.9427563903528,341.81157337193093,305.9127993944592
6982,357.40053693628505,342.24831110005357,306.4289439822406
6983,357.6383315412602,342.4751749903161,306.6970558525508
6984,357.34224570647615,338.6703779832384,306.42895134069283
6985,357.34224570582006,338.6703779826125,306.42895133995313
6986,357.3422456962561,338.67037797348814,306.4289513291698
6987,357.342245579338,338.6703778619444,306.4289511973454
6988,357.3422443812925,338.6703767189695,306.4289498465569
6989,357.34223409822164,338.670366908581,306.42893825246136
6990,357.3421602294898,338.6702964353763,306.42885496594675
6991,357.3417166134709,338.6698732110738,306.4283547917711
6992,357.3394926422185,338.66775146920247,306.4258472786504
6993,357.330203604319,338.6588894209029,306.4153739488418
6994,357.29796751083614,338.62813512529914,306.37902796312824
6995,357.2053848749885,338.53980823940805,306.27464164343877
6996,356.9866388829385,338.33111735367083,306.0280069602948
6997,356.5655289941267,337.9293646410142,305.5532082998825
6998,355.9161230933613,337.3098100088877,304.8210073710057
6999,355.14108001448335,336.57039336815416,303.94715134104786
7000,354.48629796443424,335.9457097124265,303.20888883882424
7001,354.22730753854125,335.6986243104471,302.9168788183031
7002,354.48629796443424,335.9457097124265,303.20888883882424
7003,355.14108001448335,336.57039336815416,303.94715134104786
7004,355.9161230933613,337.3098100088877,304.8210073710057
7005,356.5655289941267,337.9293646410142,305.5532082998825
7006,356.9866388829385,338.33111735367083,306.0280069602948
7007,357.2053848749885,338.53980823940805,306.27464164343877
7008,357.0474279035694,334.21161032078993,306.1468969803323
7009,357.04742790296643,334.21161032021473,306.14689697965247
7010,357.04742789417725,334.2116103118295,306.14689696974267
7011,357.0474277867299,334.2116102093212,306.1468968485965
7012,357.04742668572993,334.2116091589309,306.1468956072262
7013,357.0474172356208,334.2116001432154,306.14688495228967
7014,357.0473493504939,334.21153537856696,306.1468084122506
7015,357.04694166879926,334.21114643679414,306.1463487537918
7016,357.0448978463709,334.2091965628382,306.1440443572984
7017,357.03636125041623,334.20105236895256,306.13441940088813
7018,357.0067363841815,334.17278927020305,306.1010175569114
7019,356.921653239597,334.0916171461415,306.0050868648387
7020,356.7206263764226,333.89983089332986,305.7784303842431
7021,356.3336277429564,333.5306214424948,305.34209194234717
7022,355.73682580873884,332.9612527281502,304.6692016435763
7023,355.02456371190357,332.2817312133897,303.8661307624957
7024,354.42282111378466,331.70764894285134,303.187669897314
7025,354.1848097453407,331.4805782530956,302.9193136276026
7026,354.42282111378466,331.70764894285134,303.187669897314
7027,355.02456371190357,332.2817312133897,303.8661307624957
7028,355.73682580873884,332.9612527281502,304.6692016435763
7029,356.3336277429564,333.5306214424948,305.34209194234717
7030,356.7206263764226,333.89983089332986,305.7784303842431
7031,356.921653239597,334.0916171461415,306.0050868648387
7032,356.9291501693379,329.4372725447362,306.0450998066209
7033,356.92915016878436,329.43727254420804,306.04509980599676
7034,356.9291501607149,329.43727253650957,306.04509979689857
7035,356.92915006206755,329.4372724423967,306.04509968567424
7036,356.9291490512398,329.4372714780337,306.0450985459725
7037,356.92914037509684,329.43726320070743,306.0450887636778
7038,356.9290780497778,329.43720374029897,306.045018492286
7039,356.92870375731013,329.43684665294904,306.0445964799634
7040,356.92682732442074,329.43505647413,306.04248081408633
7041,356.9189898776883,329.42757929164463,306.03364414387636
7042,356.89179129498604,329.4016309473493,306.00297791880007
7043,356.8136764800121,329.32710683939496,305.91490397303585
7044,356.6291137643491,329.15102792592637,305.7068107116638
7045,356.27381041024745,328.81205681620236,305.3062084910809
7046,355.7258866952135,328.2893195338629,304.688428066498
7047,355.0719590321145,327.6654509914441,303.951128880003
7048,354.5194992947182,327.13838619427503,303.32823411971225
7049,354.3009811134909,326.92991264757075,303.08185629178905
7050,354.5194992947182,327.13838619427503,303.32823411971225
7051,355.0719590321145,327.6654509914441,303.951128880003
7052,355.7258866952135,328.2893195338629,304.688428066498
7053,356.27381041024745,328.81205681620236,305.3062084910809
7054,356.6291137643491,329.15102792592637,305.7068107116638
7055,356.8136764800121,329.32710683939496,305.91490397303585
7056,356.99897497056776,324.54922882943276,306.13508893372966
7057,356.99897497006003,324.54922882894834,306.1350889331572
7058,356.99897496265874,324.5492288218873,306.1350889248123
7059,356.99897487217896,324.5492287355666,306.135088822797
7060,356.9989739450441,324.54922785104935,306.1350877774584
7061,356.9989659872544,324.54922025905574,306.1350788051023
7062,356.99890882224616,324.54916572175387,306.13501435192734
7063,356.9985655198399,324.5488381999439,306.1346272806974
7064,356.9968444488011,324.5471962414507,306.1326867842963
7065,356.98965591428686,324.54033814260794,306.1245817583913
7066,356.9647092757744,324.5165382272882,306.0964545857406
7067,356.8930620847074,324.4481844456978,306.0156728438611
7068,356.7237804937908,324.28668422886494,305.8248089512404
7069,356.39789497122314,323.9757786999626,305.45737514435586
7070,355.89533735632943,323.49632217231033,304.890744702585
7071,355.29555253653996,322.9241076868217,304.2144912197347
7072,354.78883446551527,322.44068194690215,303.643169890739
7073,354.58840879866545,322.24946925519816,303.41719125508877
7074,354.78883446551527,322.44068194690215,303.643169890739
7075,355.29555253653996,322.9241076868217,304.2144912197347
7076,355.89533735632943,323.49632217231033,304.890744702585
7077,356.39789497122314,323.9757786999626,305.45737514435586
7078,356.7237804937908,324.28668422886494,305.8248089512404
7079,356.8930620847074,324.4481844456978,306.0156728438611
7080,357.2526338233742,319.74605541582855,306.4125625286501
7081,357.252633822909,319.7460554153847,306.41256252812553
7082,357.2526338161271,319.7460554089146,306.412562520479
7083,357.25263373321974,319.7460553298182,306.41256242700155
7084,357.2526328836783,319.7460545193277,306.41256146914907
7085,357.25262559188917,319.7460475627205,306.41255324770424
7086,357.25257321111474,319.7459975897354,306.41249418872184
7087,357.2522586402531,319.7456974787659,306.41213951212154
7088,357.25068160848843,319.7441929384874,306.4103614190651
7089,357.244094694285,319.7379088052491,306.4029347161471
7090,357.2212358810987,319.7161007441,306.37716155297085
7091,357.15558496163277,319.65346760323916,306.3031405683172
7092,357.00047082628674,319.50548360594456,306.1282503896963
7093,356.7018592006447,319.2205982735888,305.7915677241849
7094,356.2413614615007,318.78126825359016,305.272359518732
7095,355.69177362261297,318.2569433422489,304.6527028053287
7096,355.22746362277417,317.8139762999048,304.1291963007402
7097,355.0438119105813,317.6387665137712,303.922130189855
7098,355.22746362277417,317.8139762999048,304.1291963007402
7099,355.69177362261297,318.2569433422489,304.6527028053287
7100,356.2413614615007,318.78126825359016,305.272359518732
7101,356.7018592006447,319.2205982735888,305.7915677241849
7102,357.00047082628674,319.50548360594456,306.1282503896963
7103,357.15558496163277,319.65346760323916,306.3031405683172
7104,357.6703367955656,315.2150452950745,306.8576973320276
7105,357.67033679513975,315.2150452946682,306.85769733154746
7106,357.67033678893154,315.21504528874533,306.8576973245477
7107,357.670336713037,315.21504521633943,306.8576972389771
7108,357.6703359353549,315.2150444744051,306.8576963621456
7109,357.6703292603493,315.2150381062298,306.85768883612025
7110,357.67028131025745,315.2149923602619,306.8576347727036
7111,357.6699933477009,315.2147176344924,306.8573100967942
7112,357.6685497108162,315.21334035732565,306.8556824055972
7113,357.6625199576344,315.2075877740647,306.8488838981069
7114,357.64159468105044,315.1876243705587,306.8252907848726
7115,357.58149691321717,315.13028911937346,306.75753094256277
7116,357.43950326911397,314.99482250314315,306.5974340324724
7117,357.166150019896,314.7340344943489,306.2892300220792
7118,356.74460396326833,314.3318656632211,305.8139395852918
7119,356.241503586089,313.8518913224602,305.24669718257434
7120,355.8164677328215,313.4463931103229,304.76747202277573
7121,355.6483503926328,313.2860036270553,304.5779208152777
7122,355.8164677328215,313.4463931103229,304.76747202277573
7123,356.241503586089,313.8518913224602,305.24669718257434
7124,356.74460396326833,314.3318656632211,305.8139395852918
7125,357.166150019896,314.7340344943489,306.2892300220792
7126,357.43950326911397,314.99482250314315,306.5974340324724
7127,357.58149691321717,315.13028911937346,306.75753094256277
7128,358.2182689014238,311.1252262300899,307.43664506576346
7129,358.2182689010343,311.1252262297183,307.4366450653243
7130,358.2182688953568,311.12522622430174,307.4366450589229
7131,358.2182688259497,311.12522615808507,307.43664498066687
7132,358.2182681147435,311.12522547957093,307.43664417878654
7133,358.21826201031456,311.1252196557445,307.4366372960826
7134,358.2182181589758,311.12517782012213,307.4365878539834
7135,358.2179548113341,311.1249265777926,307.43629093123036
7136,358.2166345759061,311.1236670296827,307.43480237437313
7137,358.2111202434193,311.11840617475167,307.4285850003638
7138,358.1919836504306,311.10014923434613,307.40700861624816
7139,358.1370230138082,311.04771497564303,307.3450408559627
7140,358.0071669250114,310.9238279871986,307.1986289605283
7141,357.75717979335116,310.6853320246433,306.9167700956902
7142,357.37166731138683,310.31754041132086,306.4821072799456
7143,356.91157173693125,309.8785940696893,305.96335251256284
7144,356.522867764635,309.5077576694067,305.5250913122288
7145,356.36912102199943,309.36107820982375,305.35174285999443
7146,356.522867764635,309.5077576694067,305.5250913122288
7147,356.91157173693125,309.8785940696893,305.96335251256284
7148,357.37166731138683,310.31754041132086,306.4821072799456
7149,357.75717979335116,310.6853320246433,306.9167700956902
7150,358.0071669250114,310.9238279871986,307.1986289605283
7151,358.1370230138082,311.04771497564303,307.3450408559627
7152,358.85116192732653,307.6216277594021,308.1041042662465
7153,358.85116192697063,307.6216277590626,308.1041042658453
7154,358.8511619217835,307.6216277541139,308.10410425999686
7155,358.85116185837126,307.6216276936165,308.1041041884999
7156,358.8511612085935,307.62162707370715,308.10410345587974
7157,358.8511556314176,307.6216217528975,308.10409716765025
7158,358.85111556761626,307.62158353071067,308.1040519959748
7159,358.8508749658945,307.6213539887384,308.10378071909855
7160,358.8496687621288,307.6202032305925,308.1024207321988
7161,358.8446307147701,307.61539676737084,308.0967403665732
7162,358.82714699176415,307.5987167194033,308.0770275826116
7163,358.7769334272333,307.55081132392723,308.0204121152308
7164,358.65829329685585,307.43762472946474,307.88664613995695
7165,358.4298981082461,307.2197281921961,307.62913205045766
7166,358.0776831944428,306.883703556304,307.23201202622147
7167,357.65732709527714,306.4826699838129,306.7580632587321
7168,357.3021963472408,306.1438635459639,306.35765565036496
7169,357.16172905178774,306.00985311665045,306.1992796884491
7170,357.3021963472408,306.1438635459639,306.35765565036496
7171,357.65732709527714,306.4826699838129,306.7580632587321
7172,358.0776831944428,306.883703556304,307.23201202622147
7173,358.4298981082461,307.2197281921961,307.62913205045766
7174,358.65829329685585,307.43762472946474,307.88664613995695
7175,358.7769334272333,307.55081132392723,308.0204121152308
7176,359.51574983609373,304.82094533176144,308.8067756915349
7177,359.51574983576893,304.8209453314516,308.80677569116864
7178,359.51574983103444,304.82094532693475,308.80677568583053
7179,359.51574977315573,304.8209452717166,308.80677562057275
7180,359.51574918008026,304.820944705903,308.80677495188394
7181,359.515744089591,304.8209398494085,308.80676921239046
7182,359.51570752191714,304.82090496264243,308.806727982576
7183,359.5154879160633,304.82069545142025,308.8064803784043
7184,359.5143869704596,304.8196451130299,308.80523906939754
7185,359.5097885632515,304.81525808100133,308.800054395182
7186,359.4938305398008,304.80003360069276,308.78206182754457
7187,359.44799881162413,304.75630862151297,308.7303868521503
7188,359.33971169325065,304.65299914171175,308.608293830567
7189,359.1312471817382,304.4541171272592,308.37325144985044
7190,358.80976794918365,304.14741534424974,308.0107857062937
7191,358.4260938034749,303.78137756430203,307.5781956027192
7192,358.10195318403765,303.47213673049373,307.2127291627639
7193,357.9737436262604,303.34982058690747,307.0681737203438
7194,358.10195318403765,303.47213673049373,307.2127291627639
7195,358.4260938034749,303.78137756430203,307.5781956027192
7196,358.80976794918365,304.14741534424974,308.0107857062937
7197,359.1312471817382,304.4541171272592,308.37325144985044
7198,359.33971169325065,304.65299914171175,308.608293830567
7199,359.44799881162413,304.75630862151297,308.7303868521503
7200,360.154849755979,302.80866255313373,309.4874433088404
7201,360.15484975568285,302.80866255285116,309.4874433085065
7202,360.1548497513657,302.80866254873246,309.48744330363894
7203,360.1548496985893,302.8086624983821,309.48744324413394
7204,360.1548491577963,302.80866198244775,309.48744263439335
7205,360.1548445160587,302.80865755407706,309.48743740086434
7206,360.15481117200466,302.80862574275056,309.4873998056603
7207,360.15461092548423,302.8084347009704,309.48717402901104
7208,360.1536070336366,302.807476955062,309.4860421474829
7209,360.149413998583,302.80347666142893,309.48131452773475
7210,360.1348627531873,302.78959429374873,309.4649080932036
7211,360.0930713166934,302.7497238859922,309.41778852040045
7212,359.9943302390459,302.65552164365715,309.30645859764087
7213,359.80424289692075,302.4741720544658,309.09213635586923
7214,359.5111036358477,302.19450753826425,308.76162374581287
7215,359.16125224833434,301.86073778434866,308.36716858209445
7216,358.86568621468865,301.5787580471325,308.0339198017481
7217,358.7487789584075,301.46722467166916,307.90210763074595
7218,358.86568621468865,301.5787580471325,308.0339198017481
7219,359.16125224833434,301.86073778434866,308.36716858209445
7220,359.5111036358477,302.19450753826425,308.76162374581287
7221,359.80424289692075,302.4741720544658,309.09213635586923
7222,359.9943302390459,302.65552164365715,309.30645859764087
7223,360.0930713166934,302.7497238859922,309.41778852040045
7224,360.71176358321094,301.63761146682583,310.08937589164725
7225,360.71176358294116,301.63761146656844,310.0893758913431
7226,360.71176357900845,301.6376114628165,310.089375886909
7227,360.71176353093153,301.6376114169496,310.0893758327026
7228,360.71176303829344,301.63761094695656,310.0893752772563
7229,360.7117588098791,301.6376069129099,310.08937050974663
7230,360.71172843494446,301.6375779342212,310.08933626220545
7231,360.7115460193644,301.6374039037459,310.0891305898255
7232,360.7106315190111,301.63653144026915,310.0880994966257
7233,360.7068118525329,301.6328873525623,310.0837928475176
7234,360.693556321982,301.6202411395476,310.0688473230457
7235,360.655486201649,301.58392099005385,310.0259235100076
7236,360.5655375178223,301.4981069811992,309.92450695408854
7237,360.39237649260735,301.3329056561893,309.72926902453133
7238,360.1253398008915,301.07814385143,309.428186891634
7239,359.80664091091074,300.774094606869,309.06885596624375
7240,359.53739353845236,300.51722373982284,308.7652813051892
7241,359.43089628236794,300.4156218476347,308.6452063416942
7242,359.53739353845236,300.51722373982284,308.7652813051892
7243,359.80664091091074,300.774094606869,309.06885596624375
7244,360.1253398008915,301.07814385143,309.428186891634
7245,360.39237649260735,301.3329056561893,309.72926902453133
7246,360.5655375178223,301.4981069811992,309.92450695408854
7247,360.655486201649,301.58392099005385,310.0259235100076
7248,361.13467090935,301.3278807225275,310.5607199381463
7249,361.1346709091045,301.32788072229323,310.56071993786946
7250,361.13467090552547,301.3278807188787,310.5607199338341
7251,361.1346708617723,301.32788067713676,310.5607198845027
7252,361.13467041343915,301.3278802494122,310.56071937901004
7253,361.1346665653035,301.32787657816397,310.5607150402621
7254,361.1346389221118,301.32785020564796,310.56068387274325
7255,361.1344729119155,301.3276918264495,310.5604966973268
7256,361.1336406563423,301.3268978272036,310.55955833458165
7257,361.13016450818935,301.32358146730047,310.55563900015073
7258,361.1181011020505,301.3120725802643,310.54203758819887
7259,361.0834547843065,301.27901885128045,310.50297409030884
7260,361.0015955557762,301.2009224493868,310.4106783426164
7261,360.8440076141569,301.0505783593771,310.23299896351404
7262,360.6009866310455,300.8187283321242,309.9589943858515
7263,360.3109496437611,300.54202348736027,309.6319795693123
7264,360.0659167955238,300.3082540744712,309.35570662680703
7265,359.9689972759401,300.21578965856315,309.2464304989157
7266,360.0659167955238,300.3082540744712,309.35570662680703
7267,360.3109496437611,300.54202348736027,309.6319795693123
7268,360.6009866310455,300.8187283321242,309.9589943858515
7269,360.8440076141569,301.0505783593771,310.23299896351404
7270,361.0015955557762,301.2009224493868,310.4106783426164
7271,361.0834547843065,301.27901885128045,310.50297409030884
7272,361.3806841396172,301.86792610700445,310.8585547775439
7273,361.38068413939396,301.86792610679146,310.8585547772922
7274,361.38068413613996,301.86792610368707,310.8585547736234
7275,361.3806840963606,301.86792606573624,310.8585547287724
7276,361.38068368874616,301.8679256768586,310.85855426918977
7277,361.38068019010746,301.867922339042,310.8585503244974
7278,361.38065505753724,301.8678983617417,310.85852198768794
7279,361.3805041247884,301.8677543669249,310.85835181199536
7280,361.37974745667844,301.86703248061013,310.85749867362335
7281,361.37658702070473,301.86401732053116,310.853935302621
7282,361.3656192422764,301.85355369843995,310.84156920378587
7283,361.33411958687213,301.8235019890343,310.8060535472156
7284,361.25969501138286,301.75249849116943,310.7221403224662
7285,361.116419587612,301.6158090148919,310.56059821413817
7286,360.8954703577233,301.4050161676434,310.3114793946627
7287,360.63177523082834,301.1534423258529,310.0141648543648
7288,360.40899685826844,300.94090441621205,309.76298368842566
7289,360.3208798037696,300.85683784210215,309.6636322826594
7290,360.40899685826844,300.94090441621205,309.76298368842566
7291,360.63177523082834,301.1534423258529,310.0141648543648
7292,360.8954703577233,301.4050161676434,310.3114793946627
7293,361.116419587612,301.6158090148919,310.56059821413817
7294,361.25969501138286,301.75249849116943,310.7221403224662
7295,361.33411958687213,301.8235019890343,310.8060535472156
7296,361.4192612930107,303.2166994790419,310.95230535545346
7297,361.41926129280796,303.21669947884845,310.95230535522484
7298,361.41926128985244,303.2166994760288,310.9523053518925
7299,361.41926125372123,303.21669944155843,310.95230531115476
7300,361.419260883489,303.2166990883447,310.9523048937204
7301,361.41925770571,303.2166960566388,310.9523013107952
7302,361.4192348780441,303.21667427829317,310.9522755727504
7303,361.4190977873154,303.2165434892198,310.95212100384555
7304,361.4184105131266,303.21588780699284,310.9513461066682
7305,361.41553992027144,303.2131491668015,310.94810953189653
7306,361.4055779951903,303.2036451619539,310.93687752616756
7307,361.3769671685521,303.1763494903997,310.9046190052399
7308,361.3093680599392,303.1118577128852,310.8284014499955
7309,361.17923240421817,302.9877040083812,310.68167434467256
7310,360.9785463957189,302.79624294216336,310.4554021755061
7311,360.73903471014347,302.56774090041745,310.1853543079882
7312,360.5366873093785,302.3746948112228,309.95720892984906
7313,360.456651456993,302.2983379702652,309.86696902689914
7314,360.5366873093785,302.3746948112228,309.95720892984906
7315,360.73903471014347,302.56774090041745,310.1853543079882
7316,360.9785463957189,302.79624294216336,310.4554021755061
7317,361.17923240421817,302.9877040083812,310.68167434467256
7318,361.3093680599392,303.1118577128852,310.8284014499955
7319,361.3769671685521,303.1763494903997,310.9046190052399
7320,361.2347192508167,305.30659143681856,310.8262554653479
7321,361.23471925063274,305.30659143664303,310.8262554651405
7322,361.23471924795086,305.30659143408445,310.8262554621167
7323,361.2347192151652,305.3065914028059,310.82625542515115
7324,361.2347188792152,305.30659108229855,310.8262550463697
7325,361.23471599568717,305.30658833131776,310.82625179521057
7326,361.23469528178146,305.306568569569,310.8262284404166
7327,361.23457088516375,305.3064498910959,310.82608818403935
7328,361.2339472501058,305.3058549226972,310.8253850395681
7329,361.2313424638784,305.30336987078897,310.8224481600402
7330,361.22230297741714,305.294745902786,310.81225619785494
7331,361.19634141095935,305.2699777127569,310.7829847005478
7332,361.13500173794193,305.2114576430959,310.71382461822117
7333,361.01691617833,305.09880012742104,310.5806839178781
7334,360.8348129761859,304.92506767090885,310.3753637420001
7335,360.61747921574886,304.7177241006741,310.1303213408135
7336,360.4338684603186,304.5425533886417,309.92330140841165
7337,360.36124364150464,304.4732669179606,309.8414173976067
7338,360.4338684603186,304.5425533886417,309.92330140841165
7339,360.61747921574886,304.7177241006741,310.1303213408135
7340,360.8348129761859,304.92506767090885,310.3753637420001
7341,361.01691617833,305.09880012742104,310.5806839178781
7342,361.13500173794193,305.2114576430959,310.71382461822117
7343,361.19634141095935,305.2699777127569,310.7829847005478
7344,360.82765664728106,308.04697933098055,310.48097062020054
7345,360.8276566471143,308.04697933082144,310.4809706200125
7346,360.8276566446831,308.046979328502,310.48097061727134
7347,360.82765661496234,308.0469793001474,310.48097058376146
7348,360.8276563104177,308.0469790096018,310.4809702403893
7349,360.82765369644795,308.0469765157885,310.4809672931554
7350,360.8276349189222,308.04695860141004,310.48094612161725
7351,360.82752215116477,308.04685101725295,310.4808189767043
7352,360.8269568148378,308.04631166776494,310.48018156367306
7353,360.82459552956436,308.044058923792,310.47751922988687
7354,360.8164010735143,308.0362411426515,310.4682800339935
7355,360.7928664494801,308.0137883356804,310.44174489848217
7356,360.73726093949693,307.96073884653777,310.37905004767725
7357,360.63021426903276,307.8586127949241,310.2583556230429
7358,360.46513446135395,307.7011212177804,310.0722292136913
7359,360.2681175228673,307.51316056527793,309.85009389709745
7360,360.1016710911884,307.3543651837976,309.66242662807525
7361,360.03583539482855,307.29155575969025,309.5881973086756
7362,360.1016710911884,307.3543651837976,309.66242662807525
7363,360.2681175228673,307.51316056527793,309.85009389709745
7364,360.46513446135395,307.7011212177804,310.0722292136913
7365,360.63021426903276,307.8586127949241,310.2583556230429
7366,360.73726093949693,307.96073884653777,310.37905004767725
7367,360.7928664494801,308.0137883356804,310.44174489848217
7368,360.2151762532939,311.3281834714428,309.9335204155006
7369,360.2151762531429,311.3281834712987,309.9335204153303
7370,360.21517625094117,311.32818346919817,309.9335204128478
7371,360.2151762240251,311.3281834435193,309.93352038250015
7372,360.2151759482193,311.3281831803916,309.93352007153095
7373,360.215173580922,311.3281809219119,309.9335174024186
7374,360.21515657537435,311.32816469805897,309.9334982287743
7375,360.21505444916795,311.32806726629224,309.93338308214084
7376,360.21454246191445,311.3275788135786,309.9328058198429
7377,360.21240400396607,311.32553865421755,309.9303947224162
7378,360.2049828338642,311.3184586133572,309.9220274013994
7379,360.18366910087525,311.2981246096383,309.8979963060953
7380,360.133310914113,311.2500812397871,309.8412177780893
7381,360.03636591306645,311.15759251372356,309.7319129200143
7382,359.8868641858404,311.0149629387464,309.56335069504127
7383,359.7084391379154,310.84473956258205,309.36217761411973
7384,359.55769975084854,310.7009292193266,309.19221993572694
7385,359.4980767693505,310.644046929953,309.12499541192176
7386,359.55769975084854,310.7009292193266,309.19221993572694
7387,359.7084391379154,310.84473956258205,309.36217761411973
7388,359.8868641858404,311.0149629387464,309.56335069504127
7389,360.03636591306645,311.15759251372356,309.7319129200143
7390,360.133310914113,311.2500812397871,309.8412177780893
7391,360.18366910087525,311.2981246096383,309.8979963060953
7392,359.4298856127202,315.0256574243183,309.2164791436012
7393,359.4298856125836,315.02565742418795,309.21647914344715
7394,359.4298856105915,315.0256574222875,309.21647914120115
7395,359.4298855862392,315.0256573990546,309.2164791137441
7396,359.4298853367043,315.02565716099,309.216478832395
7397,359.4298831948942,315.02565511763265,309.2164764175181
7398,359.42986780914094,315.02564043911696,309.21645907018143
7399,359.4297754105518,315.0255522878177,309.21635489137316
7400,359.42931219056584,315.0251103606845,309.2158326138521
7401,359.4273774227486,315.02326452842175,309.2136511757234
7402,359.4206631260799,315.01685886811333,309.2060808499044
7403,359.4013795462075,314.99846169737646,309.18433873903354
7404,359.35581802410525,314.9549945036969,309.13296841923045
7405,359.26810712560246,314.87131541579316,309.0340749517078
7406,359.1328455785278,314.74227144200114,308.8815684372264
7407,358.97141568425826,314.58826200254197,308.6995572815018
7408,358.8350343656069,314.4581497297609,308.54578823185153
7409,358.7810905291826,314.4066855319581,308.4849669071755
7410,358.8350343656069,314.4581497297609,308.54578823185153
7411,358.97141568425826,314.58826200254197,308.6995572815018
7412,359.1328455785278,314.74227144200114,308.8815684372264
7413,359.26810712560246,314.87131541579316,309.0340749517078
7414,359.35581802410525,314.9549945036969,309.13296841923045
7415,359.4013795462075,314.99846169737646,309.18433873903354
7416,358.5177452598221,319.004269262014,308.37577398814403
7417,358.5177452596986,319.0042692618962,308.37577398800477
7418,358.517745257898,319.0042692601784,308.37577398597466
7419,358.5177452358868,319.004269239179,308.37577396115717
7420,358.51774501034066,319.0042690240005,308.37577370685534
7421,358.5177430744315,319.0042671770794,308.37577152413036
7422,358.5177291677731,319.0042539096689,308.37575584446347
7423,358.5176456518348,319.0041742327113,308.3756616807863
7424,358.5172269630637,319.0037747898248,308.37518961192035
7425,358.51547819231916,319.00210640489934,308.37321788428125
7426,358.509409368205,318.9963165466811,308.3663753245688
7427,358.49197959702985,318.97968797053835,308.34672337094554
7428,358.4507980887266,318.9403994543773,308.3002914882098
7429,358.3715191944246,318.86476477637893,308.2109050505753
7430,358.24926088813993,318.748126322855,308.07305960550156
7431,358.10334990394716,318.6089224350735,307.9085459199416
7432,357.98007947426635,318.49131838247257,307.7695593123223
7433,357.9313214774938,318.44480164660973,307.7145849881208
7434,357.98007947426635,318.49131838247257,307.7695593123223
7435,358.10334990394716,318.6089224350735,307.9085459199416
7436,358.24926088813993,318.748126322855,308.07305960550156
7437,358.3715191944246,318.86476477637893,308.2109050505753
7438,358.4507980887266,318.9403994543773,308.3002914882098
7439,358.49197959702985,318.97968797053835,308.34672337094554
7440,357.5349193587398,323.1225652382472,307.4675356398073
7441,357.53491935862826,323.1225652381408,307.46753563968156
7442,357.5349193570024,323.12256523658965,307.4675356378484
7443,357.53491933712667,323.12256521762754,307.46753561543863
7444,357.53491913346215,323.1225650233249,307.4675353858082
7445,357.53491738536775,323.1225633555852,307.46753341484316
7446,357.5349048278819,323.12255137532986,307.4675192563596
7447,357.53482941435135,323.12247942833625,307.46743422809436
7448,357.53445134521735,323.1221187379222,307.46700795760506
7449,357.53287223374724,323.12061221353616,307.4652275196943
7450,357.5273921845191,323.1153840659638,307.45904879983595
7451,357.5116533853253,323.1003687328214,307.4413034061223
7452,357.4744671547563,323.0648918432933,307.39937617304366
7453,357.4028796057756,322.99659496221886,307.31866167722836
7454,357.2924823485166,322.89127234037596,307.1941894877777
7455,357.1607271087431,322.76557349930846,307.0456363119706
7456,357.0494159205592,322.65937895724227,306.92013367134695
7457,357.0053882444306,322.61737510317334,306.87049275290184
7458,357.0494159205592,322.65937895724227,306.92013367134695
7459,357.1607271087431,322.76557349930846,307.0456363119706
7460,357.2924823485166,322.89127234037596,307.1941894877777
7461,357.4028796057756,322.99659496221886,307.31866167722836
7462,357.4744671547563,323.0648918432933,307.39937617304366
7463,357.5116533853253,323.1003687328214,307.4413034061223
7464,356.5438577193933,327.23694135169484,306.5541802880004
7465,356.5438577192927,327.23694135159883,306.554180287887
7466,356.54385771782603,327.2369413501996,306.5541802862333
7467,356.543857699896,327.2369413330938,306.5541802660174
7468,356.54385751616985,327.2369411578129,306.55418005886725
7469,356.54385593920983,327.2369396533411,306.5541782808551
7470,356.5438446110729,327.23692884592515,306.55416550845445
7471,356.54377658035304,327.23686394237626,306.5540888042603
7472,356.54343552331534,327.23653856272193,306.5537042646688
7473,356.54201100321626,327.2351795235988,306.55209812752327
7474,356.537067438169,327.2304631996161,306.5465242900892
7475,356.5228694311182,327.21691783295876,306.5305161294942
7476,356.4893236467599,327.1849140490957,306.4926934758378
7477,356.42474435372304,327.1233032751664,306.41988074301224
7478,356.3251547333423,327.028291495098,306.3075940938405
7479,356.2062980276776,326.91489828067375,306.1735839313391
7480,356.1058839481016,326.819099939361,306.0603677097878
7481,356.06616647992564,326.7812081657326,306.01558652277237
7482,356.1058839481016,326.819099939361,306.0603677097878
7483,356.2062980276776,326.91489828067375,306.1735839313391
7484,356.3251547333423,327.028291495098,306.3075940938405
7485,356.42474435372304,327.1233032751664,306.41988074301224
7486,356.4893236467599,327.1849140490957,306.4926934758378
7487,356.5228694311182,327.21691783295876,306.5305161294942
7488,355.6088953595214,331.2056777808518,305.70000915846106
7489,355.6088953594307,331.20567778076526,305.70000915835885
7490,355.6088953581089,331.20567777950424,305.70000915686853
7491,355.60889534195,331.20567776408814,305.7000091386495
7492,355.60889517637196,331.2056776061212,305.70000895196125
7493,355.60889375518127,331.2056762502584,305.700007349578
7494,355.6088835460176,331.2056665103798,305.69999583881236
7495,355.6088222352513,331.20560801788815,305.69992671132223
7496,355.60851486722174,331.20531477865785,305.69958015586826
7497,355.60723105868664,331.2040899830042,305.6981326700958
7498,355.60277581020995,331.1998395291236,305.69310940641867
7499,355.5899802570655,331.1876321497143,305.67868250348045
7500,355.5597480656747,331.15878964275,305.6445959043408
7501,355.50154780044556,331.10326467158603,305.57897548387433
7502,355.4117954657936,331.0176379863153,305.4777803103725
7503,355.3046792143041,330.9154455521102,305.35700743358467
7504,355.21418385907117,330.8291100007171,305.254974509211
7505,355.178389611823,330.7949611091534,305.21461672827206
7506,355.21418385907117,330.8291100007171,305.254974509211
7507,355.3046792143041,330.9154455521102,305.35700743358467
7508,355.4117954657936,331.0176379863153,305.4777803103725
7509,355.50154780044556,331.10326467158603,305.57897548387433
7510,355.5597480656747,331.15878964275,305.6445959043408
7511,355.5899802570655,331.1876321497143,305.67868250348045
7512,354.7916918527295,334.89281310518027,304.9666478368467
7513,354.7916918526479,334.8928131051024,304.96664783675465
7514,354.7916918514578,334.892813103967,304.96664783541286
7515,354.7916918369093,334.89281309008726,304.9666478190095
7516,354.7916916878324,334.892812947863,304.96664765092623
7517,354.7916904082746,334.89281172712265,304.9666462082331
7518,354.7916812165346,334.8928029578998,304.9666358446061
7519,354.7916260158701,334.8927502946466,304.96657360621595
7520,354.7913492794907,334.8924862790201,304.96626158774825
7521,354.7901934126089,334.89138354392037,304.96495835535774
7522,354.7861821648072,334.8875566813169,304.96043569955356
7523,354.7746617895261,334.87656586361584,304.94744655136145
7524,354.74744247462337,334.850597740118,304.91675695086406
7525,354.69504232518614,334.8006062705769,304.8576761232245
7526,354.61423451907757,334.7235129603258,304.76656584747326
7527,354.51779324749384,334.6315048087715,304.6578289410909
7528,354.4363164686697,334.55377327650217,304.5659644029544
7529,354.40408940067584,334.52302759151246,304.5296285934211
7530,354.4363164686697,334.55377327650217,304.5659644029544
7531,354.51779324749384,334.6315048087715,304.6578289410909
7532,354.61423451907757,334.7235129603258,304.76656584747326
7533,354.69504232518614,334.8006062705769,304.8576761232245
7534,354.74744247462337,334.850597740118,304.91675695086406
7535,354.7746617895261,334.87656586361584,304.94744655136145
7536,354.14684494707603,338.1718474722845,304.40865986304755
7537,354.1468449470026,338.1718474722145,304.4086598629647
7538,354.1468449459322,338.17184747119325,304.4086598617578
7539,354.1468449328463,338.17184745870895,304.4086598470036
7540,354.1468447987571,338.1718473307834,304.4086596958189
7541,354.1468436478418,338.1718462327723,304.4086583981694
7542,354.1468353802091,338.1718383451782,304.4086490764673
7543,354.1467857292375,338.1717909765149,304.40859309531976
7544,354.1465368150215,338.17155350414924,304.4083124461604
7545,354.1454971551862,338.1705616344018,304.4071402364589
7546,354.1418891850172,338.1671195119509,304.4030722735623
7547,354.131527030295,338.15723367483514,304.3913890115164
7548,354.1070442555961,338.13387630088135,304.3637848422983
7549,354.05991224446933,338.088910808913,304.31064380633575
7550,353.98722858883957,338.0195682059705,304.22869345740366
7551,353.90048320482475,337.9368102507092,304.13088860118575
7552,353.8271978327913,337.8668935904864,304.0482598209225
7553,353.79821076799124,337.839238975326,304.01557709391466
7554,353.8271978327913,337.8668935904864,304.0482598209225
7555,353.90048320482475,337.9368102507092,304.13088860118575
7556,353.98722858883957,338.0195682059705,304.22869345740366
7557,354.05991224446933,338.088910808913,304.31064380633575
7558,354.1070442555961,338.13387630088135,304.3637848422983
7559,354.131527030295,338.15723367483514,304.3913890115164
7560,353.71800044327733,340.9292655130316,304.06965658548484
7561,353.7180004432113,340.92926551296875,304.0696565854105
7562,353.7180004422495,340.9292655120511,304.0696565843259
7563,353.71800043049063,340.9292655008328,304.069656571068
7564,353.7180003100001,340.92926538588074,304.0696564352156
7565,353.71799927580446,340.92926439922405,304.0696552691668
7566,353.71799184663087,340.92925731154764,304.069646892822
7567,353.7179472309955,340.9292147467611,304.06959658898336
7568,353.71772356032943,340.92900135757407,304.06934440176224
7569,353.71678933724013,340.9281100779572,304.0682910713059
7570,353.71354726812933,340.92501703717494,304.0646356594724
7571,353.7042359877772,340.91613376884254,304.0541372514432
7572,353.6822361252845,340.8951451749639,304.02933254958657
7573,353.6398839909143,340.85473984295425,303.9815807935752
7574,353.5745715233121,340.792429596326,303.90794141119636
7575,353.49662339269025,340.718064510737,303.82005540095474
7576,353.4307702315473,340.65523842465086,303.7458063901257
7577,353.40472287999023,340.6303883928099,303.7164381706773
7578,353.4307702315473,340.65523842465086,303.7458063901257
7579,353.49662339269025,340.718064510737,303.82005540095474
7580,353.5745715233121,340.792429596326,303.90794141119636
7581,353.6398839909143,340.85473984295425,303.9815807935752
7582,353.6822361252845,340.8951451749639,304.02933254958657
7583,353.7042359877772,340.91613376884254,304.0541372514432
7584,353.5347440051508,343.0678611865532,303.9791889481724
7585,353.53474400509157,343.0678611864967,303.9791889481056
7586,353.53474400422806,343.0678611856729,303.97918894713206
7587,353.5347439936721,343.0678611756022,303.9791889352303
7588,353.5347438855067,343.06786107240885,303.9791888132745
7589,353.53474295710083,343.06786018667896,303.97918776650283
7590,353.53473628787043,343.0678538240134,303.979180246989
7591,353.53469623604667,343.0678156132535,303.9791350888182
7592,353.5344954450453,343.0676240520206,303.9789086982703
7593,353.5336567852741,343.06682394295876,303.9779631148335
7594,353.5307463530983,343.0640472947425,303.9746816214871
7595,353.5223875399428,343.0560727115066,303.9652571140264
7596,353.5026380819659,343.03723107770384,303.9429897286231
7597,353.4646182216942,343.00095887796493,303.9001225834772
7598,353.40598668094265,342.94502245573887,303.83401590266453
7599,353.33601200130107,342.8782643051701,303.7551199065378
7600,353.2768950754992,342.82186480960894,303.68846595723824
7601,353.2535121532127,342.7995567311049,303.66210186446074
7602,353.2768950754992,342.82186480960894,303.68846595723824
7603,353.33601200130107,342.8782643051701,303.7551199065378
7604,353.40598668094265,342.94502245573887,303.83401590266453
7605,353.4646182216942,343.00095887796493,303.9001225834772
7606,353.5026380819659,343.03723107770384,303.9429897286231
7607,353.5223875399428,343.0560727115066,303.9652571140264
7608,353.6105031221183,344.5098294056899,304.15064943050834
7609,353.61050312206515,344.5098294056392,304.1506494304485
7610,353.6105031212908,344.5098294049004,304.1506494295753
7611,353.61050311182385,344.5098293958687,304.1506494189015
7612,353.61050301481765,344.50982930332157,304.1506493095276
7613,353.6105021821935,344.5098285089707,304.1506483707493
7614,353.61049620101426,344.5098228027286,304.15064162700855
7615,353.6104602812568,344.5097885340961,304.1506011277157
7616,353.61028020546024,344.50961673585135,304.1503980934264
7617,353.60952806853527,344.50889917243643,304.14955006393603
7618,353.6069178998088,344.50640898544674,304.14660711567547
7619,353.5994214486388,344.49925712396623,304.138154915744
7620,353.58170950262405,344.48235934372667,304.1181848118245
7621,353.5476120750689,344.449829274073,304.079740184052
7622,353.4950294327622,344.3996637003198,304.0204535968892
7623,353.43227390045035,344.33979285422873,303.9496971424179
7624,353.3792559492952,344.28921198148754,303.88991974736007
7625,353.358285396195,344.26920538269286,303.8662755851482
7626,353.3792559492952,344.28921198148754,303.88991974736007
7627,353.43227390045035,344.33979285422873,303.9496971424179
7628,353.4950294327622,344.3996637003198,304.0204535968892
7629,353.5476120750689,344.449829274073,304.079740184052
7630,353.58170950262405,344.48235934372667,304.1181848118245
7631,353.5994214486388,344.49925712396623,304.138154915744
7632,353.9416131058635,345.1995658595107,304.58033802201624
7633,353.9416131058159,345.1995658594653,304.5803380219626
7634,353.9416131051221,345.19956585880334,304.5803380211803
7635,353.94161309664014,345.1995658507113,304.58033801161696
7636,353.94161300972684,345.1995657677931,304.5803379136227
7637,353.9416122637317,345.19956505608917,304.5803370725181
7638,353.94160690485455,345.19955994354376,304.58033103041896
7639,353.94157472231,345.1995292403356,304.58029474480935
7640,353.9414133822078,345.19937531656075,304.5801128348936
7641,353.94073950015,345.19873241086816,304.57935303725685
7642,353.9384009021976,345.1965013113472,304.57671628327756
7643,353.93168440713794,345.19009355370133,304.569143478787
7644,353.91581527183536,345.17495387561564,304.55125113195845
7645,353.88526545585853,345.1458083443281,304.5168064131641
7646,353.8381536893345,345.100862166378,304.4636882028595
7647,353.7819274546558,345.04722048541834,304.400293488998
7648,353.7344256702869,345.0019022175902,304.34673553611026
7649,353.71563696439085,344.9839771729366,304.3255513924287
7650,353.7344256702869,345.0019022175902,304.34673553611026
7651,353.7819274546558,345.04722048541834,304.400293488998
7652,353.8381536893345,345.100862166378,304.4636882028595
7653,353.88526545585853,345.1458083443281,304.5168064131641
7654,353.91581527183536,345.17495387561564,304.55125113195845
7655,353.93168440713794,345.19009355370133,304.569143478787
7656,354.5076152834984,345.1060903319528,305.2477603944999
7657,354.5076152834558,345.1060903319122,305.24776039445186
7658,354.50761528283476,345.1060903313197,305.24776039375166
7659,354.50761527524276,345.10609032407666,305.24776038519167
7660,354.50761519744816,345.106090249858,305.2477602974788
7661,354.50761452972125,345.1060896128246,305.2477595446211
7662,354.5076097330863,345.10608503667675,305.24775413644636
7663,354.50758092706707,345.106057554785,305.2477216578471
7664,354.50743651443116,345.10591978037087,305.2475588335394
7665,354.50683333467015,345.10534432699956,305.24687875228244
7666,354.50474009752617,345.1033473097764,305.24451864101866
7667,354.4987282830877,345.0976118406677,305.23774035934474
7668,354.48452410428763,345.0840605859581,305.2217252401425
7669,354.45717951114045,345.05797294288624,305.1908943892394
7670,354.41501061267576,345.01774242396937,305.14334923051945
7671,354.3646835170019,344.9697287160412,305.0866057575134
7672,354.32216552054933,344.9291651461384,305.03866699308287
7673,354.3053480863992,344.9131207596986,305.0197054454722
7674,354.32216552054933,344.9291651461384,305.03866699308287
7675,354.3646835170019,344.9697287160412,305.0866057575134
7676,354.41501061267576,345.01774242396937,305.14334923051945
7677,354.45717951114045,345.05797294288624,305.1908943892394
7678,354.48452410428763,345.0840605859581,305.2217252401425
7679,354.4987282830877,345.0976118406677,305.23774035934474
7680,355.2727647943771,344.2249839208172,306.11713567884345
7681,355.272764794339,344.22498392078086,306.11713567880054
7682,355.2727647937837,344.2249839202511,306.1171356781744
7683,355.27276478699486,344.2249839137743,306.11713567052
7684,355.2727647174303,344.2249838474074,306.1171355920864
7685,355.2727641203433,344.2249832777667,306.1171349188747
7686,355.272759831152,344.2249791857368,306.11713008283937
7687,355.27273407256723,344.22495461119803,306.1171010402026
7688,355.27260493757313,344.2248314121577,306.11695544133676
7689,355.272065569156,344.2243168369115,306.11634730695494
7690,355.2701937788904,344.2225310873086,306.114236875606
7691,355.26481796383905,344.2174023825762,306.10817567910414
7692,355.25211646764905,344.20528473660136,306.0938548247702
7693,355.22766470239293,344.18195694667793,306.06628561849703
7694,355.1899569185975,344.1459824781827,306.0237703375481
7695,355.1449540062186,344.1030482165896,305.9730298465745
7696,355.10693405606526,344.0667759311007,305.9301626000876
7697,355.0918957649546,344.0524289057567,305.913207024681
7698,355.10693405606526,344.0667759311007,305.9301626000876
7699,355.1449540062186,344.1030482165896,305.9730298465745
7700,355.1899569185975,344.1459824781827,306.0237703375481
7701,355.22766470239293,344.18195694667793,306.06628561849703
7702,355.25211646764905,344.20528473660136,306.0938548247702
7703,355.26481796383905,344.2174023825762,306.10817567910414
7704,356.1886363266401,342.57971091260833,307.14000218261776
7705,356.18863632660606,342.5797109125759,307.1400021825794
7706,356.18863632611,342.5797109121026,307.14000218202005
7707,356.18863632004525,342.5797109063167,307.14000217518213
7708,356.1886362579007,342.57971084702876,307.1400021051146
7709,356.1886357245017,342.57971033814846,307.1400015037106
7710,356.1886318928144,342.57970668259253,307.13999718350817
7711,356.1886088817539,342.5796847292824,307.1399712386871
7712,356.1884935208679,342.57957467119513,307.1398411700385
7713,356.18801168386506,342.5791149828143,307.1392979019521
7714,356.186339547005,342.57751970914035,307.1374125785192
7715,356.1815371400979,342.5729380546756,307.13199789596996
7716,356.1701904415132,342.56211293026706,307.1192045671235
7717,356.1483468093874,342.5412733853074,307.0945760139894
7718,356.11466110412715,342.5091361122925,307.05659560042625
7719,356.0744584008744,342.47078140840864,307.01126731401814
7720,356.0404938262969,342.43837808487416,306.97297247711373
7721,356.0270595856447,342.4255613765329,306.957825458165
7722,356.0404938262969,342.43837808487416,306.97297247711373
7723,356.0744584008744,342.47078140840864,307.01126731401814
7724,356.11466110412715,342.5091361122925,307.05659560042625
7725,356.1483468093874,342.5412733853074,307.0945760139894
7726,356.1701904415132,342.56211293026706,307.1192045671235
7727,356.1815371400979,342.5729380546756,307.13199789596996
7728,357.19763533725177,340.22218541845285,308.2587285923222
7729,357.19763533722136,340.22218541842386,308.2587285922879
7730,357.1976353367786,340.2221854180015,308.2587285917887
7731,357.1976353313661,340.22218541283775,308.25872858568613
7732,357.19763527590436,340.22218535992545,308.2587285231534
7733,357.1976347998651,340.2221849057683,308.25872798642223
7734,357.19763138022364,340.22218164331764,308.2587241307987
7735,357.19761084368935,340.2221620507871,308.2587009759899
7736,357.1975078882957,340.22206382794843,308.2585848944533
7737,357.1970778663013,340.2216535727933,308.25810004745176
7738,357.1955855449908,340.2202298490799,308.2564174648814
7739,357.1912995715514,340.21614088916374,308.2515850577077
7740,357.1811730558898,340.2064798594779,308.2401674771699
7741,357.16167840895093,340.1878813238033,308.21818738955454
7742,357.1316151425879,340.15919997688286,308.1842912522849
7743,357.09573569262346,340.12496979911975,308.1438374058376
7744,357.06542354554085,340.0960510117902,308.1096606571754
7745,357.0534339745346,340.08461256590397,308.0961424938553
7746,357.06542354554085,340.0960510117902,308.1096606571754
7747,357.09573569262346,340.12496979911975,308.1438374058376
7748,357.1316151425879,340.15919997688286,308.1842912522849
7749,357.16167840895093,340.1878813238033,308.21818738955454
7750,357.1811730558898,340.2064798594779,308.2401674771699
7751,357.1912995715514,340.21614088916374,308.2515850577077
7752,358.23715576634936,337.23244433358116,309.41067167112885
7753,358.2371557663223,337.2324443335553,309.41067167109827
7754,358.2371557659275,337.2324443331787,309.4106716706532
7755,358.23715576110175,337.23244432857473,309.4106716652122
7756,358.2371557116525,337.2324442813985,309.41067160945846
7757,358.2371552872195,337.23244387647543,309.410671130913
7758,358.2371522382928,337.2324409676989,309.410667693268
7759,358.2371339280729,337.2324234991457,309.4106470486142
7760,358.23704213381654,337.23233592439976,309.41054355118723
7761,358.2366587294332,337.231970143982,309.4101112652389
7762,358.235328186951,337.2307007626026,309.40861108724516
7763,358.231506845194,337.2270550766246,309.4043025492711
7764,358.22247811981873,337.21844137505235,309.3941227201403
7765,358.2050968388944,337.2018590602069,309.37452543895927
7766,358.1782926561976,337.1762869865152,309.34430389732364
7767,358.1463028078459,337.14576761688227,309.3082355513938
7768,358.11927672496705,337.1199838431036,309.27776381874634
7769,358.10858691342673,337.10978541058466,309.26571112576937
7770,358.11927672496705,337.1199838431036,309.27776381874634
7771,358.1463028078459,337.14576761688227,309.3082355513938
7772,358.1782926561976,337.1762869865152,309.34430389732364
7773,358.2050968388944,337.2018590602069,309.37452543895927
7774,358.22247811981873,337.21844137505235,309.3941227201403
7775,358.231506845194,337.2270550766246,309.4043025492711
7776,359.2440779064723,333.7173038873974,310.5326741127407
7777,359.2440779064482,333.7173038873744,310.53267411271355
7778,359.24407790609655,333.7173038870389,310.53267411231707
7779,359.2440779017981,333.71730388293804,310.53267410747065
7780,359.2440778577526,333.71730384091717,310.5326740578096
7781,359.24407747970065,333.7173034802432,310.53267363155845
7782,359.2440747639539,333.7173008893312,310.5326705695717
7783,359.2440584546341,333.7172853297027,310.5326521809197
7784,359.2439766914498,333.7172073249301,310.53255999346123
7785,359.2436351846443,333.7168815161824,310.5321749467594
7786,359.2424500408837,333.71575084997545,310.5308387048785
7787,359.23904628685034,333.71250355644844,310.5270009943465
7788,359.2310042004926,333.70483114101603,310.51793359429007
7789,359.21552230726934,333.6900609046365,310.500477860387
7790,359.1916472260106,333.66728329025267,310.47355886156976
7791,359.16315315710034,333.6400990094189,310.4414319842207
7792,359.13908042441767,333.61713282906254,310.41429013470866
7793,359.12955877169463,333.6080488585548,310.4035545331995
7794,359.13908042441767,333.61713282906254,310.41429013470866
7795,359.16315315710034,333.6400990094189,310.4414319842207
7796,359.1916472260106,333.66728329025267,310.47355886156976
7797,359.21552230726934,333.6900609046365,310.500477860387
7798,359.2310042004926,333.70483114101603,310.51793359429007
7799,359.23904628685034,333.71250355644844,310.5270009943465
7800,360.15927542079777,329.8079079226537,311.56557154551655
7801,360.15927542077634,329.80790792263326,311.5655715454924
7802,360.1592754204634,329.8079079223348,311.56557154513956
7803,360.1592754166385,329.8079079186856,311.56557154082697
7804,360.15927537744443,329.8079078812932,311.5655714966359
7805,360.1592750410338,329.80790756034645,311.5655711173352
7806,360.159272624419,329.8079052548162,311.56556839261765
7807,360.15925811152505,329.8078914090371,311.5655520294241
7808,360.1591853543262,329.80782199627146,311.56546999615574
7809,360.15888146353774,329.8075320744438,311.5651273612685
7810,360.1578268600393,329.8065259479492,311.56393830268394
7811,360.1547980199688,329.8036363346989,311.5605233052063
7812,360.14764174687366,329.7968090143133,311.5524546538415
7813,360.1338651407784,329.7836656780559,311.53692162008275
7814,360.11261983277575,329.7633969540291,311.5129676735056
7815,360.08726430565986,329.73920694550566,311.48437948161427
7816,360.0658431169834,329.71877042551944,311.4602272307215
7817,360.05737024760947,329.7106870288921,311.45067412561644
7818,360.0658431169834,329.71877042551944,311.4602272307215
7819,360.08726430565986,329.73920694550566,311.48437948161427
7820,360.11261983277575,329.7633969540291,311.5129676735056
7821,360.1338651407784,329.7836656780559,311.53692162008275
7822,360.14764174687366,329.7968090143133,311.5524546538415
7823,360.1547980199688,329.8036363346989,311.5605233052063
7824,360.93180034123617,325.6561216262876,312.4583775177346
7825,360.93180034121707,325.65612162626934,312.45837751771313
7826,360.93180034093893,325.656121626004,312.4583775173995
7827,360.93180033753856,325.65612162275994,312.4583775135656
7828,360.9318003026957,325.6561215895187,312.4583774742805
7829,360.931800003632,325.6561213042021,312.4583771370881
7830,360.93179785529946,325.65611925462207,312.4583747148572
7831,360.9317849535656,325.6561069459427,312.4583601682362
7832,360.93172027356314,325.6560452390887,312.45828724195417
7833,360.93145011944415,325.6557875031556,312.45798264494226
7834,360.93051259356383,325.65489307256723,312.45692559061064
7835,360.9278200025022,325.6523242519533,312.45388971170325
7836,360.9214581885661,325.6462548717888,312.44671680787246
7837,360.90921100298726,325.63457065310996,312.43290818579743
7838,360.8903242591848,325.6165520770625,312.4116135050141
7839,360.8677835954037,325.5950475409313,312.3861990532227
7840,360.8487404964556,325.5768797969219,312.3647280830298
7841,360.84120824918875,325.5696937847853,312.35623552323193
7842,360.8487404964556,325.5768797969219,312.3647280830298
7843,360.8677835954037,325.5950475409313,312.3861990532227
7844,360.8903242591848,325.6165520770625,312.4116135050141
7845,360.90921100298726,325.63457065310996,312.43290818579743
7846,360.9214581885661,325.6462548717888,312.44671680787246
7847,360.9278200025022,325.6523242519533,312.45388971170325
7848,361.5224392200625,321.42978286114453,313.1718396376813
7849,361.52243922004556,321.42978286112833,313.1718396376622
7850,361.5224392197985,321.42978286089266,313.17183963738364
7851,361.5224392167786,321.4297828580116,313.1718396339787
7852,361.52243918583406,321.42978282848946,313.1718395990889
7853,361.5224389202307,321.4297825750951,313.17183929962283
7854,361.5224370122611,321.4297807548292,313.17183714839956
7855,361.5224255540183,321.429769823288,313.17182422930534
7856,361.52236811064046,321.42971502041235,313.1717594622705
7857,361.52212818230817,321.4294861208759,313.17148894463645
7858,361.5212955500987,321.4286917623066,313.1705501572364
7859,361.51890421553196,321.4264103503175,313.1678539430675
7860,361.513254183565,321.42102003361003,313.1614835687769
7861,361.5023772558961,321.41064308613755,313.1492199035821
7862,361.4856036269739,321.39464049132886,313.1303077460809
7863,361.46558489140574,321.37554195782934,313.10773675194514
7864,361.4486724008979,321.3594068844914,313.0886680289094
7865,361.4419828877703,321.35302486849804,313.08112564637173
7866,361.4486724008979,321.3594068844914,313.0886680289094
7867,361.46558489140574,321.37554195782934,313.10773675194514
7868,361.4856036269739,321.39464049132886,313.1303077460809
7869,361.5023772558961,321.41064308613755,313.1492199035821
7870,361.513254183565,321.42102003361003,313.1614835687769
7871,361.51890421553196,321.4264103503175,313.1678539430675
7872,361.90638064406824,317.30689130803563,313.6811070775491
7873,361.9063806440532,317.30689130802125,313.68110707753215
7874,361.90638064383404,317.3068913078122,313.681107077285
7875,361.9063806411546,317.30689130525593,313.681107074264
7876,361.90638061369907,317.3068912790624,313.6811070433081
7877,361.90638037804257,317.30689105423835,313.6811067776069
7878,361.9063786851973,317.30688943920813,313.6811048689348
7879,361.9063685188756,317.30687974020225,313.6810934064733
7880,361.90631755225996,317.3068311163712,313.68103594194565
7881,361.90610467593626,317.3066280253425,313.6807959252754
7882,361.90536592331785,317.30592323099705,313.67996298650354
7883,361.90324421261204,317.30389904905746,313.677570771484
7884,361.89823122384877,317.2991164925617,313.67191865926173
7885,361.88858067381614,317.2899095497725,313.66103772687455
7886,361.8736982777876,317.2757112534747,313.64425792215894
7887,361.8559366620932,317.2587660867238,313.62423181599877
7888,361.8409310611744,317.24445024890014,313.6073130985708
7889,361.8349957931376,317.2387878075814,313.6006211224668
7890,361.8409310611744,317.24445024890014,313.6073130985708
7891,361.8559366620932,317.2587660867238,313.62423181599877
7892,361.8736982777876,317.2757112534747,313.64425792215894
7893,361.88858067381614,317.2899095497725,313.66103772687455
7894,361.89823122384877,317.2991164925617,313.67191865926173
7895,361.90324421261204,317.30389904905746,313.677570771484
7896,362.0748005525385,313.46888896518016,313.97731588244466
7897,362.0748005525251,313.4688889651675,313.97731588242965
7898,362.0748005523309,313.4688889649821,313.9773158822106
7899,362.0748005499559,313.46888896271633,313.9773158795328
7900,362.07480052561976,313.4688889394988,313.97731585209397
7901,362.07480031673765,313.46888874021846,313.9773156165808
7902,362.07479881622737,313.46888730868216,313.9773139247652
7903,362.0747898049666,313.46887871164245,313.9773037646273
7904,362.07474462899455,313.46883561227617,313.9772528290126
7905,362.0745559389131,313.4686555957197,313.97704008217323
7906,362.0739011207101,313.4680308775729,313.9763017789088
7907,362.0720204711437,313.466236675905,313.97418135875586
7908,362.06757704013376,313.46199749627715,313.9691714191956
7909,362.05902295088623,313.4538366132136,313.9595267392114
7910,362.0458314391677,313.4412514762749,313.9446533955566
7911,362.0300878343663,313.4262315584245,313.92690258355157
7912,362.0167871158541,313.4135422346053,313.9119061099471
7913,362.01152619162457,313.4085231395034,313.9059744520994
7914,362.0167871158541,313.4135422346053,313.9119061099471
7915,362.0300878343663,313.4262315584245,313.92690258355157
7916,362.0458314391677,313.4412514762749,313.9446533955566
7917,362.05902295088623,313.4538366132136,313.9595267392114
7918,362.06757704013376,313.46199749627715,313.9691714191956
7919,362.0720204711437,313.466236675905,313.97418135875586
7920,362.03525231172705,310.09325895817426,314.067979037164
7921,362.0352523117153,310.093258958163,314.0679790371507
7922,362.0352523115432,310.0932589579989,314.0679790369567
7923,362.0352523094401,310.09325895599244,314.0679790345855
7924,362.03525228789005,310.09325893543297,314.0679790102879
7925,362.0352521029211,310.0932587589665,314.0679788017366
7926,362.03525077419164,310.0932574913148,314.0679773036028
7927,362.03524279455434,310.0932498784778,314.06796830661364
7928,362.03520279039935,310.0932117131955,314.0679232021891
7929,362.0350357018584,310.0930523052207,314.0677348109461
7930,362.0344558482844,310.09249910580047,314.06708102981315
7931,362.0327904984702,310.09091030719196,314.06520335873034
7932,362.0288557585065,310.0871564355874,314.0607669650159
7933,362.0212809549954,310.07992982339124,314.0522264233295
7934,362.0095996285105,310.0687854529373,314.03905580370207
7935,361.9956583766161,310.0554850391612,314.02333713287584
7936,361.9838803455048,310.04424840930653,314.0100574794112
7937,361.979221700245,310.03980390819135,314.00480488718415
7938,361.9838803455048,310.04424840930653,314.0100574794112
7939,361.9956583766161,310.0554850391612,314.02333713287584
7940,362.0095996285105,310.0687854529373,314.03905580370207
7941,362.0212809549954,310.07992982339124,314.0522264233295
7942,362.0288557585065,310.0871564355874,314.0607669650159
7943,362.0327904984702,310.09091030719196,314.06520335873034
7944,361.8108373132946,307.3457374034735,313.976157058182
7945,361.81083731328414,307.34573740346354,313.97615705817026
7946,361.81083731313197,307.34573740331837,313.9761570579987
7947,361.8108373112714,307.3457374015434,313.97615705590096
7948,361.81083729220705,307.34573738335536,313.976157034406
7949,361.81083712857355,307.34573722724355,313.9761568499103
7950,361.81083595310764,307.3457361058103,313.97615552458007
7951,361.81082889388904,307.3457293710831,313.97614756535705
7952,361.8107935040506,307.3456956080109,313.9761076635444
7953,361.8106456884931,307.3455545870974,313.9759410024648
7954,361.8101327186698,307.3450651969798,313.97536263232587
7955,361.8086594601817,307.3436596598272,313.9737015429637
7956,361.8051785764654,307.3403387820406,313.9697768692159
7957,361.7984774957233,307.33394573016176,313.9622214442682
7958,361.78814356272613,307.3240868175019,313.95057000203377
7959,361.7758103775216,307.3123205523458,313.93666441594024
7960,361.76539089438336,307.30238002203174,313.9249165164781
7961,361.76126960490177,307.2984481760389,313.9202697893957
7962,361.76539089438336,307.30238002203174,313.9249165164781
7963,361.7758103775216,307.3123205523458,313.93666441594024
7964,361.78814356272613,307.3240868175019,313.95057000203377
7965,361.7984774957233,307.33394573016176,313.9622214442682
7966,361.8051785764654,307.3403387820406,313.9697768692159
7967,361.8086594601817,307.3436596598272,313.9737015429637
7968,361.4382223923877,305.3724895127742,313.7384754065133
7969,361.43822239237846,305.3724895127654,313.7384754065029
7970,361.438222392244,305.37248951263706,313.73847540635126
7971,361.43822239059966,305.37248951106835,313.7384754044973
7972,361.4382223737507,305.37248949499394,313.7384753855003
7973,361.438222229133,305.3724893570238,313.7384752224447
7974,361.43822119026726,305.3724883659117,313.73847405113037
7975,361.43821495139645,305.3724824138233,313.7384670168441
7976,361.43818367419095,305.37245257433847,313.73843175199835
7977,361.43805303619513,305.372327941385,313.73828445850785
7978,361.43759967830266,305.371895423014,313.7377733004331
7979,361.4362976263438,305.37065322253284,313.736305245319
7980,361.4332212541403,305.36771826206115,313.7328366556706
7981,361.427298902172,305.36206814309753,313.72615924235
7982,361.4181658696388,305.35335492905887,313.715861807577
7983,361.4072659168578,305.3429560148706,313.70357218171813
7984,361.3980572759166,305.33417066791884,313.693189498957
7985,361.3944149191368,305.330695739508,313.6890827653805
7986,361.3980572759166,305.33417066791884,313.693189498957
7987,361.4072659168578,305.3429560148706,313.70357218171813
7988,361.4181658696388,305.35335492905887,313.715861807577
7989,361.427298902172,305.36206814309753,313.72615924235
7990,361.4332212541403,305.36771826206115,313.7328366556706
7991,361.4362976263438,305.37065322253284,313.736305245319
7992,360.96465588709293,304.29264090438295,313.4021405431456
7993,360.9646558870848,304.29264090437516,313.40214054313645
7994,360.96465588696606,304.2926409042619,313.40214054300253
7995,360.9646558855143,304.2926409028768,313.40214054136567
7996,360.96465587063784,304.2926408886842,313.4021405245926
7997,360.9646557429508,304.2926407668666,313.4021403806263
7998,360.96465482570727,304.292639891786,313.40213934644015
7999,360.96464931723403,304.29263463652103,313.40213313567244
8000,360.9646217017162,304.2926082904069,313.40210199935575
8001,360.9645063577831,304.2924982484932,313.40197194982136
8002,360.96410607544453,304.29211636594994,313.40152063408846
8003,360.9629564574239,304.2910195924697,313.4002244472482
8004,360.96024024253006,304.2884282339413,313.3971619326237
8005,360.95501123265785,304.28343958618814,313.3912662580063
8006,360.9469474232903,304.27574644628845,313.3821743653976
8007,360.93732355071324,304.2665649546712,313.3713235116681
8008,360.92919298457167,304.258808126609,313.3621563512309
8009,360.9259770460963,304.25574001531413,313.35853040151886
8010,360.92919298457167,304.258808126609,313.3621563512309
8011,360.93732355071324,304.2665649546712,313.3713235116681
8012,360.9469474232903,304.27574644628845,313.3821743653976
8013,360.95501123265785,304.28343958618814,313.3912662580063
8014,360.96024024253006,304.2884282339413,313.3971619326237
8015,360.9629564574239,304.2910195924697,313.4002244472482
8016,360.4442083418069,304.1915737305574,313.0211806295593
8017,360.44420834179977,304.19157373055054,313.0211806295512
8018,360.444208341695,304.1915737304506,313.0211806294331
8019,360.44420834041443,304.1915737292289,313.0211806279893
8020,360.4442083272925,304.19157371671014,313.02118061319436
8021,360.44420821466406,304.1915736092589,313.02118048620656
8022,360.4442074055946,304.19157283737997,313.021179573986
8023,360.44420254675714,304.1915682018889,313.02117409567836
8024,360.444178188045,304.19154496287473,313.0211466313889
8025,360.44407644707155,304.19144789863293,313.0210319191031
8026,360.4437233715899,304.19111105298697,313.02063382879425
8027,360.4427093325047,304.1901436262795,313.0194905063218
8028,360.4403134514236,304.18785787676586,313.01678916598746
8029,360.43570111907314,304.18345755969256,313.01158879126444
8030,360.42858830618445,304.1766717017762,313.0035691409997
8031,360.42009941442313,304.16857301926325,312.9939979707571
8032,360.4129277176471,304.16173098417767,312.98591192929234
8033,360.4100910473348,304.15902470721016,312.98271360196713
8034,360.4129277176471,304.16173098417767,312.98591192929234
8035,360.42009941442313,304.16857301926325,312.9939979707571
8036,360.42858830618445,304.1766717017762,313.0035691409997
8037,360.43570111907314,304.18345755969256,313.01158879126444
8038,360.4403134514236,304.18785787676586,313.01678916598746
8039,360.4427093325047,304.1901436262795,313.0194905063218
8040,359.93352119251284,305.1153915104421,312.65219421128705
8041,359.93352119250653,305.11539151043604,312.65219421127995
8042,359.9335211924142,305.115391510348,312.65219421117587
8043,359.93352119128576,305.11539150927143,312.65219420990354
8044,359.9335211797226,305.1153914982398,312.65219419686616
8045,359.9335210804739,305.11539140355325,312.65219408496387
8046,359.93352036751776,305.11539072336956,312.65219328111044
8047,359.93351608588523,305.11538663855106,312.65218845359766
8048,359.9334946208632,305.11536616021255,312.6521642519249
8049,359.93340496619555,305.1152806267049,312.6520631668704
8050,359.93309383427027,305.114983796594,312.65171236764843
8051,359.9322002578275,305.1141312952176,312.6507048660217
8052,359.9300889951307,305.11211708102286,312.64832443106434
8053,359.9260245842074,305.1082394990492,312.6437418341864
8054,359.9197567370092,305.1022597662496,312.6366748772413
8055,359.91227628205075,305.0951231656821,312.62824071293437
8056,359.90595654606904,305.0890939292728,312.6211152517234
8057,359.90345685764095,305.0867091441289,312.6182968692806
8058,359.90595654606904,305.0890939292728,312.6211152517234
8059,359.91227628205075,305.0951231656821,312.62824071293437
8060,359.9197567370092,305.1022597662496,312.6366748772413
8061,359.9260245842074,305.1082394990492,312.6437418341864
8062,359.9300889951307,305.11211708102286,312.64832443106434
8063,359.9322002578275,305.1141312952176,312.6507048660217
8064,359.4873830127366,307.0669248088075,312.34992646325054
8065,359.487383012731,307.06692480880224,312.3499264632443
8066,359.48738301264973,307.0669248087247,312.34992646315266
8067,359.48738301165633,307.06692480777696,312.34992646203256
8068,359.48738300147676,307.0669247980653,312.3499264505552
8069,359.48738291410365,307.0669247147085,312.34992635204253
8070,359.4873822864563,307.0669241159122,312.34992564437425
8071,359.48737851714253,307.0669205198626,312.34992139449747
8072,359.48735962051774,307.0669024918598,312.34990008867595
8073,359.48728069347965,307.06682719286425,312.3498110989539
8074,359.48700679004577,307.06656587996116,312.3495022746139
8075,359.48622013449494,307.06581538463945,312.34861532559734
8076,359.48436149494233,307.06404218125016,312.34651972159185
8077,359.4807834111201,307.0606285713591,312.3424854553569
8078,359.475265543197,307.0553643435053,312.33626409516603
8079,359.4686801620988,307.04908167289983,312.32883912081417
8080,359.46311661414467,307.043773864791,312.3225662566855
8081,359.4609160259428,307.0416744311205,312.32008510780224
8082,359.46311661414467,307.043773864791,312.3225662566855
8083,359.4686801620988,307.04908167289983,312.32883912081417
8084,359.475265543197,307.0553643435053,312.33626409516603
8085,359.4807834111201,307.0606285713591,312.3424854553569
8086,359.48436149494233,307.06404218125016,312.34651972159185
8087,359.48622013449494,307.06581538463945,312.34861532559734
8088,359.15446536173704,310.00359222151474,312.16300503838863
8089,359.15446536173215,310.0035922215101,312.1630050383831
8090,359.15446536166064,310.00359222144186,312.1630050383025
8091,359.15446536078696,310.0035922206083,312.1630050373174
8092,359.1544653518342,310.0035922120671,312.1630050272232
8093,359.15446527499074,310.00359213875595,312.16300494058277
8094,359.15446472298385,310.00359161212316,312.1630043181986
8095,359.1544614079263,310.003588449449,312.1630005804928
8096,359.15444478861497,310.0035725940782,312.1629818423273
8097,359.15437537341325,310.003506369688,312.1629035771389
8098,359.15413447925863,310.0032765487253,312.16263197054656
8099,359.1534426269471,310.0026164988184,312.16185191156563
8100,359.1518079800303,310.00105699178584,312.16000885779994
8101,359.1486611064582,309.998054770685,312.15646077831707
8102,359.14380822049895,309.99342495754087,312.150989180965
8103,359.1380164719626,309.98789943855564,312.14445902216426
8104,359.13312341106916,309.9832312972002,312.1389421278351
8105,359.1311880252035,309.98138487529894,312.13675999286085
8106,359.13312341106916,309.9832312972002,312.1389421278351
8107,359.1380164719626,309.98789943855564,312.14445902216426
8108,359.14380822049895,309.99342495754087,312.150989180965
8109,359.1486611064582,309.998054770685,312.15646077831707
8110,359.1518079800303,310.00105699178584,312.16000885779994
8111,359.1534426269471,310.0026164988184,312.16185191156563
8112,358.9735380427579,313.8373494725819,312.13015532736546
8113,358.97353804275366,313.8373494725777,312.13015532736057
8114,358.97353804269085,313.8373494725178,312.1301553272898
8115,358.9735380419232,313.83734947178544,312.13015532642424
8116,358.973538034057,313.8373494642809,312.13015531755525
8117,358.97353796654033,313.8373493998677,312.13015524143054
8118,358.973537481532,313.8373489371538,312.13015469458685
8119,358.9735345688321,313.8373461583421,312.13015141053666
8120,358.97351996665225,313.83733222738124,312.1301349466738
8121,358.97345897656436,313.83727404082737,312.1300661807465
8122,358.9732473203955,313.83707211386655,312.12982753979287
8123,358.97263944010075,313.8364921760312,312.1291421587146
8124,358.97120319477347,313.8351219506539,312.12752280145054
8125,358.96843826589674,313.8324841173804,312.12440536212733
8126,358.9641743880458,313.8284162373838,312.1195978675859
8127,358.9590855999494,313.82356136582604,312.1138602921086
8128,358.95478642330636,313.81945980961854,312.1090129984088
8129,358.9530859405432,313.81783749301877,312.1070957151545
8130,358.95478642330636,313.81945980961854,312.1090129984088
8131,358.9590855999494,313.82356136582604,312.1138602921086
8132,358.9641743880458,313.8284162373838,312.1195978675859
8133,358.96843826589674,313.8324841173804,312.12440536212733
8134,358.97120319477347,313.8351219506539,312.12752280145054
8135,358.97263944010075,313.8364921760312,312.1291421587146
8136,358.9704475633533,318.4368575515044,312.2771789213285
8137,358.97044756334947,318.4368575515008,312.27717892132426
8138,358.9704475632944,318.4368575514482,312.27717892126213
8139,358.97044756262056,318.4368575508053,312.2771789205024
8140,358.9704475557159,318.43685754421807,312.27717891271743
8141,358.97044749645175,318.43685748767814,312.27717884589754
8142,358.9704470707262,318.4368570815219,312.2771783658947
8143,358.9704445140466,318.43685464236535,312.2771754832552
8144,358.97043169669655,318.43684241419095,312.2771610317763
8145,358.97037816144933,318.4367913398007,312.2771006711333
8146,358.9701923760911,318.43661409444593,312.27689119935036
8147,358.96965879722626,318.43610504262347,312.2762895926511
8148,358.9683981046886,318.4349023003933,312.2748681700154
8149,358.9659711340759,318.4325868904419,312.2721317764365
8150,358.96222843156824,318.4290162288994,312.2679119037045
8151,358.957761647895,318.4247547700611,312.26287563416827
8152,358.95398796117945,318.42115454856315,312.2586208269435
8153,358.952495329044,318.41973052831247,312.25693789391994
8154,358.95398796117945,318.42115454856315,312.2586208269435
8155,358.957761647895,318.4247547700611,312.26287563416827
8156,358.96222843156824,318.4290162288994,312.2679119037045
8157,358.9659711340759,318.4325868904419,312.2721317764365
8158,358.9683981046886,318.4349023003933,312.2748681700154
8159,358.96965879722626,318.43610504262347,312.2762895926511
8160,359.15608547121803,323.6318840987436,312.6149219511066
8161,359.15608547121474,323.63188409874044,312.6149219511029
8162,359.1560854711664,323.63188409869434,312.6149219510484
8163,359.15608547057553,323.6318840981306,312.61492195038215
8164,359.15608546452074,323.63188409235414,312.61492194355543
8165,359.15608541255125,323.63188404277355,312.6149218849602
8166,359.15608503922704,323.6318836866099,312.6149214640396
8167,359.1560827972419,323.6318815476822,312.6149189362159
8168,359.15607155754276,323.63187082463884,312.61490626352827
8169,359.15602461179617,323.63182603684936,312.61485333250437
8170,359.15586169422687,323.6316706081189,312.61466964400466
8171,359.15539379206,323.6312242140308,312.6141420873551
8172,359.1542882745648,323.6301695139053,312.61289562357047
8173,359.15216003283064,323.6281391011493,312.61049604485885
8174,359.1488780088811,323.62500794213423,312.60679558420463
8175,359.1449610288479,323.6212710140886,312.6023792146962
8176,359.14165183444817,323.6181139335685,312.59864811953605
8177,359.1403429261376,323.61686519190187,312.59717233393
8178,359.14165183444817,323.6181139335685,312.59864811953605
8179,359.1449610288479,323.6212710140886,312.6023792146962
8180,359.1488780088811,323.62500794213423,312.60679558420463
8181,359.15216003283064,323.6281391011493,312.61049604485885
8182,359.1542882745648,323.6301695139053,312.61289562357047
8183,359.15539379206,323.6312242140308,312.6141420873551
8184,359.52549926303675,329.2198273675651,313.13838600031755
8185,359.52549926303385,329.2198273675623,313.13838600031426
8186,359.5254992629915,329.21982736752193,313.1383860002665
8187,359.52549926247383,329.2198273670281,313.13838599968284
8188,359.5254992571695,329.21982736196753,313.13838599370223
8189,359.52549921164126,329.2198273185321,313.1383859423695
8190,359.52549888458805,329.2198270065125,313.1383855736191
8191,359.52549692048143,329.21982513269006,313.1383833591016
8192,359.5254870738653,329.2198157386938,313.138372257106
8193,359.52544594671934,329.21977650204116,313.1383258865165
8194,359.5253032216562,329.219640337627,313.13816496493615
8195,359.5248933127274,329.21924927099934,313.1377027952853
8196,359.52392481648116,329.2183252936612,313.1366108220675
8197,359.5220603555932,329.21654653652615,313.1345086545442
8198,359.5191851158172,329.21380346301913,313.1312668403996
8199,359.51575361837337,329.2105297013641,313.12739784935275
8200,359.5128545757366,329.2077639191434,313.1241291976374
8201,359.51170789756003,329.20666995037135,313.12283632545217
8202,359.5128545757366,329.2077639191434,313.1241291976374
8203,359.51575361837337,329.2105297013641,313.12739784935275
8204,359.5191851158172,329.21380346301913,313.1312668403996
8205,359.5220603555932,329.21654653652615,313.1345086545442
8206,359.52392481648116,329.2183252936612,313.1366108220675
8207,359.5248933127274,329.21924927099934,313.1377027952853
8208,360.05821322707885,334.9741266322131,313.8270489530732
8209,360.05821322707635,334.9741266322107,313.82704895307035
8210,360.0582132270393,334.97412663217534,313.8270489530285
8211,360.0582132265862,334.9741266317431,313.8270489525177
8212,360.05821322194384,334.97412662731415,313.82704894728346
8213,360.05821318209746,334.9741265892994,313.8270489023569
8214,360.05821289585987,334.97412631621927,313.8270485796259
8215,360.0582111768702,334.9741246762465,313.8270466414763
8216,360.05820255909396,334.9741164546039,313.8270369249896
8217,360.0581665645415,334.9740821146146,313.8269963413658
8218,360.05804165130814,334.97396294327314,313.8268555025077
8219,360.05768289827245,334.97362068105343,313.82645101079356
8220,360.05683526860645,334.9728120144164,313.8254953138588
8221,360.055203489066,334.97125524295535,313.8236554930413
8222,360.05268707401495,334.9688545000619,313.82081825143996
8223,360.0496838212472,334.9659892979418,313.8174321034798
8224,360.0471465738894,334.9635686803411,313.8145713735881
8225,360.0461429990758,334.9626112368936,313.81343984951377
8226,360.0471465738894,334.9635686803411,313.8145713735881
8227,360.0496838212472,334.9659892979418,313.8174321034798
8228,360.05268707401495,334.9688545000619,313.82081825143996
8229,360.055203489066,334.97125524295535,313.8236554930413
8230,360.05683526860645,334.9728120144164,313.8254953138588
8231,360.05768289827245,334.97362068105343,313.82645101079356
8232,360.7197362223153,340.65420485794624,314.64637277901363
8233,360.7197362223131,340.6542048579441,314.64637277901113
8234,360.71973622228063,340.6542048579132,314.64637277897464
8235,360.71973622188455,340.65420485753526,314.64637277852796
8236,360.71973621782547,340.6542048536628,314.64637277395144
8237,360.7197361829859,340.6542048204247,314.64637273467
8238,360.71973593271474,340.6542045816578,314.64637245249094
8239,360.7197344297204,340.6542031477516,314.6463707578746
8240,360.719726894789,340.6541959591787,314.6463622622884
8241,360.7196954230407,340.6541659340936,314.646326778097
8242,360.71958620546286,340.65406173692486,314.6462036359884
8243,360.71927253063,340.6537624807964,314.6458499696547
8244,360.71853140772004,340.65305542511464,314.6450143583945
8245,360.71710466529925,340.6516942658234,314.64340571559575
8246,360.7149044439995,340.6495951821896,314.6409249803922
8247,360.71227855734156,340.6470899997753,314.63796431026617
8248,360.71006012136564,340.64497353874015,314.6354630381337
8249,360.70918264820006,340.64413640042085,314.6344736928473
8250,360.71006012136564,340.64497353874015,314.6354630381337
8251,360.71227855734156,340.6470899997753,314.63796431026617
8252,360.7149044439995,340.6495951821896,314.6409249803922
8253,360.71710466529925,340.6516942658234,314.64340571559575
8254,360.71853140772004,340.65305542511464,314.6450143583945
8255,360.71927253063,340.6537624807964,314.6458499696547
8256,361.4641447302556,346.01648664426625,315.55038659182907
8257,361.4641447302537,346.0164866442644,315.55038659182685
8258,361.46414473022537,346.0164866442374,315.55038659179496
8259,361.46414472987937,346.0164866439073,315.55038659140484
8260,361.4641447263338,346.0164866405247,315.5503865874072
8261,361.4641446959016,346.0164866114914,315.55038655309517
8262,361.46414447729126,346.01648640292996,315.5503863066134
8263,361.4641431644346,346.0164851504214,315.550384826376
8264,361.46413658271643,346.01647887124534,315.5503774055316
8265,361.46410909233003,346.01645264451076,315.5503464102998
8266,361.46401369142046,346.0163616288988,315.5502388463948
8267,361.4637396983053,346.0161002304368,315.5499299209397
8268,361.46309233181756,346.0154826214719,315.5492000194358
8269,361.4618460807338,346.01429365686465,315.54779487944535
8270,361.4599242004143,346.01246011969954,315.5456279718866
8271,361.4576305039168,346.0102718576464,315.5430418440056
8272,361.4556927131852,346.00842314142375,315.54085699756064
8273,361.454926245554,346.0076919060427,315.5399928102921
8274,361.4556927131852,346.00842314142375,315.54085699756064
8275,361.4576305039168,346.0102718576464,315.5430418440056
8276,361.4599242004143,346.01246011969954,315.5456279718866
8277,361.4618460807338,346.01429365686465,315.54779487944535
8278,361.46309233181756,346.0154826214719,315.5492000194358
8279,361.4637396983053,346.0161002304368,315.5499299209397
8280,362.2375491278707,350.82595406482324,316.48515292959337
8281,362.237549127869,350.82595406482164,316.48515292959144
8282,362.2375491278443,350.82595406479805,316.4851529295636
8283,362.23754912754237,350.82595406451003,316.48515292922315
8284,362.2375491244484,350.8259540615582,316.4851529257347
8285,362.237549097892,350.8259540362226,316.48515289579257
8286,362.23754890712354,350.82595385422314,316.48515268070236
8287,362.2375477614703,350.8259527612322,316.4851513889858
8288,362.23754201798994,350.8259472817627,316.4851449132491
8289,362.2375180287382,350.82592439522585,316.4851178655237
8290,362.23743477794596,350.8258449712264,316.48502400079707
8291,362.237195680185,350.8256168640823,316.4847544196268
8292,362.2366307613268,350.82507791287327,316.48411747728886
8293,362.2355432309207,350.82404037302365,316.48289129383016
8294,362.23386611840994,350.8224403524149,316.48100036038346
8295,362.23186454367453,350.8205307841504,316.4787435978891
8296,362.2301735470779,350.81891751766625,316.47683701022595
8297,362.2295046956201,350.8182794113318,316.476082884558
8298,362.2301735470779,350.81891751766625,316.47683701022595
8299,362.23186454367453,350.8205307841504,316.4787435978891
8300,362.23386611840994,350.8224403524149,316.48100036038346
8301,362.2355432309207,350.82404037302365,316.48289129383016
8302,362.2366307613268,350.82507791287327,316.48411747728886
8303,362.237195680185,350.8256168640823,316.4847544196268
8304,362.98218499427907,354.86765102943497,317.3928590695484
8305,362.9821849942776,354.86765102943355,317.3928590695468
8306,362.9821849942561,354.86765102941297,317.3928590695225
8307,362.98218499399286,354.86765102916183,317.3928590692257
8308,362.9821849912955,354.86765102658853,317.3928590661845
8309,362.98218496814394,354.86765100450117,317.39285904008125
8310,362.98218480183397,354.86765084583595,317.3928588525678
8311,362.98218380306525,354.8676498929777,317.3928577264626
8312,362.98217879595813,354.86764511603246,317.39285208098187
8313,362.982157882375,354.86762516378496,317.392828501053
8314,362.98208530519025,354.8675559227587,317.39274667074926
8315,362.9818768622202,354.8673570612955,317.39251165265637
8316,362.98138437176715,354.86688720917203,317.3919563728741
8317,362.9804362739393,354.8659826925973,317.3908873987403
8318,362.9789741844935,354.8645878110792,317.3892389024008
8319,362.9772292322159,354.8629230690971,317.3872714800583
8320,362.9757550387669,354.86151663996105,317.38560933653383
8321,362.97517194094195,354.86096034541856,317.3849518975291
8322,362.9757550387669,354.86151663996105,317.38560933653383
8323,362.9772292322159,354.8629230690971,317.3872714800583
8324,362.9789741844935,354.8645878110792,317.3892389024008
8325,362.9804362739393,354.8659826925973,317.3908873987403
8326,362.98138437176715,354.86688720917203,317.3919563728741
8327,362.9818768622202,354.8673570612955,317.39251165265637
8328,363.64082429659254,357.9575275228714,318.21622822269524
8329,363.64082429659123,357.9575275228701,318.2162282226938
8330,363.6408242965725,357.9575275228522,318.21622822267267
8331,363.6408242963432,357.95752752263354,318.2162282224142
8332,363.640824293994,357.9575275203923,318.21622821976547
8333,363.64082427383045,357.95752750115554,318.21622819703117
8334,363.6408241289846,357.9575273629679,318.21622803371844
8335,363.6408232591182,357.95752653308665,318.2162270529497
8336,363.64081889823444,357.95752237265987,318.2162221360817
8337,363.64080068378394,357.95750499547376,318.21620159940716
8338,363.6407374734993,357.95744469077897,318.2161303302224
8339,363.64055593243364,357.9572714946192,318.2159256438518
8340,363.6401270034002,357.9568622821849,318.2154420291567
8341,363.6393012682364,357.95607450362445,318.21451101813074
8342,363.638027877841,357.9548596472194,318.21307527874296
8343,363.6365081312364,357.9534097588716,318.2113617743319
8344,363.63522419899516,357.95218484519825,318.2099141490816
8345,363.63471635648796,357.9517003467092,318.2093415599581
8346,363.63522419899516,357.95218484519825,318.2099141490816
8347,363.6365081312364,357.9534097588716,318.2113617743319
8348,363.638027877841,357.9548596472194,318.21307527874296
8349,363.6393012682364,357.95607450362445,318.21451101813074
8350,363.6401270034002,357.9568622821849,318.2154420291567
8351,363.64055593243364,357.9572714946192,318.2159256438518
8352,364.16117699568093,359.95203089183525,318.9029211489156
8353,364.1611769956798,359.95203089183417,318.9029211489143
8354,364.1611769956635,359.9520308918186,318.9029211488959
8355,364.161176995464,359.9520308916283,318.902921148671
8356,364.16117699342,359.95203088967827,318.9029211463664
8357,364.1611769758759,359.95203087294055,318.9029211265855
8358,364.16117684984715,359.952030752705,318.90292098448896
8359,364.16117609298624,359.9520300306348,318.9029201311332
8360,364.16117229863073,359.95202641069454,318.9029158530221
8361,364.1611564504438,359.9520112910019,318.9028979842943
8362,364.16110145189145,359.9519588205704,318.90283597378436
8363,364.1609434950676,359.95180812455453,318.90265787849296
8364,364.1605702887766,359.95145207345297,318.90223709082744
8365,364.15985182596853,359.9507666362553,318.9014270286848
8366,364.1587438634166,359.9497096034651,318.9001778081145
8367,364.15742154911896,359.948448072045,318.8986869073453
8368,364.1563044142265,359.9473822885396,318.89742734502073
8369,364.15586254621627,359.946960731895,318.89692914171343
8370,364.1563044142265,359.9473822885396,318.89742734502073
8371,364.15742154911896,359.948448072045,318.8986869073453
8372,364.1587438634166,359.9497096034651,318.9001778081145
8373,364.15985182596853,359.9507666362553,318.9014270286848
8374,364.1605702887766,359.95145207345297,318.90223709082744
8375,364.1609434950676,359.95180812455453,318.90265787849296
8376,364.49995378357045,360.7559024263372,319.4095989043014
8377,364.4999537835695,360.75590242633626,319.4095989043003
8378,364.49995378355527,360.75590242632273,319.4095989042843
8379,364.4999537833819,360.75590242615726,319.4095989040888
8380,364.49995378160514,360.75590242446225,319.4095989020855
8381,364.49995376635513,360.7559024099132,319.40959888489124
8382,364.499953656806,360.75590230539973,319.4095987613753
8383,364.4999529989127,360.75590167774783,319.40959801960486
8384,364.4999497007094,360.7558985311532,319.40959430090214
8385,364.4999359248411,360.7558853885208,319.4095787687002
8386,364.49988811793327,360.75583977915517,319.4095248667226
8387,364.4997508156407,360.7557087882429,319.4093700592809
8388,364.4994264100335,360.755399294602,319.4090042940689
8389,364.49880189386334,360.7548034855932,319.40830015614944
8390,364.49783880917505,360.75388467105967,319.407214284428
8391,364.49668940150696,360.7527880982627,319.40591833475884
8392,364.495718343859,360.7518616772629,319.40482347357727
8393,364.4953342547811,360.751495243624,319.40439041564036
8394,364.495718343859,360.7518616772629,319.40482347357727
8395,364.49668940150696,360.7527880982627,319.40591833475884
8396,364.49783880917505,360.75388467105967,319.407214284428
8397,364.49880189386334,360.7548034855932,319.40830015614944
8398,364.4994264100335,360.755399294602,319.4090042940689
8399,364.4997508156407,360.7557087882429,319.4093700592809
8400,364.62628530766517,360.3277217272946,319.7053420758465
8401,364.6262853076643,360.3277217272938,319.7053420758455
8402,364.62628530765204,360.32772172728204,319.70534207583165
8403,364.62628530750146,360.3277217271384,319.70534207566186
8404,364.62628530595856,360.32772172566644,319.7053420739223
8405,364.6262852927155,360.3277217130322,319.7053420589909
8406,364.6262851975841,360.3277216222736,319.70534195173076
8407,364.6262846262755,360.3277210772264,319.70534130758404
8408,364.6262817621457,360.32771834475216,319.70533807829634
8409,364.62626979930656,360.32770693180936,319.705324590273
8410,364.6262282842212,360.32766732504973,319.7052777822843
8411,364.6261090521552,360.3275535737291,319.70514334890544
8412,364.625827341267,360.32728481225735,319.70482572171153
8413,364.6252850170869,360.32676741711583,319.70421425472614
8414,364.6244486830752,360.32596952690517,319.7032712935681
8415,364.62345054787704,360.32501727303014,319.70214590262486
8416,364.62260729021943,360.3242127774331,319.7011951351011
8417,364.62227375074644,360.32389456978325,319.7008190715149
8418,364.62260729021943,360.3242127774331,319.7011951351011
8419,364.62345054787704,360.32501727303014,319.70214590262486
8420,364.6244486830752,360.32596952690517,319.7032712935681
8421,364.6252850170869,360.32676741711583,319.70421425472614
8422,364.625827341267,360.32728481225735,319.70482572171153
8423,364.6261090521552,360.3275535737291,319.70514334890544
8424,364.52424053401785,358.6828545096348,319.774169155695
8425,364.5242405340171,358.6828545096341,319.7741691556942
8426,364.5242405340064,358.68285450962395,319.77416915568216
8427,364.5242405338758,358.6828545094993,319.7741691555349
8428,364.5242405325373,358.6828545082223,319.7741691540257
8429,364.5242405210484,358.68285449726153,319.77416914107204
8430,364.5242404385177,358.6828544185246,319.77416904801925
8431,364.5242399428828,358.6828539456725,319.7741684891941
8432,364.52423745812615,358.68285157513276,319.7741656876471
8433,364.5242270798451,358.68284167391056,319.77415398620275
8434,364.52419106371053,358.68280731333124,319.7741133782453
8435,364.52408762472936,358.6827086291341,319.7739967514669
8436,364.5238432283331,358.68247546691737,319.7737211961198
8437,364.523372738619,358.68202660422395,319.7731907220276
8438,364.52264718264246,358.6813343999098,319.77237266238365
8439,364.52178125712925,358.68050827843143,319.7713963370001
8440,364.5210496945901,358.67981034365863,319.77057150499587
8441,364.5207603346518,358.6795342847409,319.77024525354767
8442,364.5210496945901,358.67981034365863,319.77057150499587
8443,364.52178125712925,358.68050827843143,319.7713963370001
8444,364.52264718264246,358.6813343999098,319.77237266238365
8445,364.523372738619,358.68202660422395,319.7731907220276
8446,364.5238432283331,358.68247546691737,319.7737211961198
8447,364.52408762472936,358.6827086291341,319.7739967514669
8448,364.194253352333,355.8935953629497,319.6164631575954
8449,364.1942533523324,355.89359536294916,319.6164631575947
8450,364.19425335232313,355.8935953629403,319.61646315758423
8451,364.19425335220996,355.8935953628323,319.61646315745656
8452,364.19425335104984,355.89359536172554,319.6164631561486
8453,364.19425334109246,355.8935953522259,319.61646314492174
8454,364.19425326956343,355.8935952839848,319.6164630642732
8455,364.19425283999834,355.89359487416556,319.61646257994136
8456,364.1942506864684,355.89359281962703,319.6164601518504
8457,364.1942416916484,355.8935842382723,319.6164500102493
8458,364.19421047659023,355.89355445807803,319.61641481547423
8459,364.1941208263859,355.89346892882844,319.616313735452
8460,364.19390900888146,355.89326684794827,319.61607491259366
8461,364.1935012370869,355.8928778202171,319.6156151525477
8462,364.19287240025216,355.89227788915184,319.61490614310696
8463,364.1921219056294,355.89156189254726,319.6140599653016
8464,364.1914878629277,355.89095699491344,319.6133450862797
8465,364.1912370756782,355.8907177356121,319.6130623252873
8466,364.1914878629277,355.89095699491344,319.6133450862797
8467,364.1921219056294,355.89156189254726,319.6140599653016
8468,364.19287240025216,355.89227788915184,319.61490614310696
8469,364.1935012370869,355.8928778202171,319.6156151525477
8470,364.19390900888146,355.89326684794827,319.61607491259366
8471,364.1941208263859,355.89346892882844,319.616313735452
8472,363.65334720738605,352.0864478158238,319.24919626021364
8473,363.65334720738554,352.0864478158233,319.249196260213
8474,363.6533472073775,352.0864478158157,319.249196260204
8475,363.65334720727947,352.0864478157221,319.24919626009347
8476,363.653347206275,352.08644781476386,319.2491962589609
8477,363.65334719765343,352.08644780653856,319.24919624924013
8478,363.65334713571997,352.086447747452,319.24919617941055
8479,363.6533467637808,352.0864473926098,319.2491957600516
8480,363.65334489914574,352.0864456136865,319.2491936576877
8481,363.65333711097594,352.08643818351584,319.2491848765769
8482,363.65331008340087,352.08641239831843,319.2491544031618
8483,363.6532324597228,352.0863383427713,319.2490668829697
8484,363.65304905742164,352.0861633709315,319.2488600980682
8485,363.652695987992,352.08582653105935,319.24846201458286
8486,363.6521515092773,352.0853070804209,319.2478481183738
8487,363.6515016931009,352.08468713437225,319.2471154548617
8488,363.6509527068835,352.0841633834276,319.24649647647266
8489,363.6507355626074,352.0839562206317,319.24625164771385
8490,363.6509527068835,352.0841633834276,319.24649647647266
8491,363.6515016931009,352.08468713437225,319.2471154548617
8492,363.6521515092773,352.0853070804209,319.2478481183738
8493,363.652695987992,352.08582653105935,319.24846201458286
8494,363.65304905742164,352.0861633709315,319.2488600980682
8495,363.6532324597228,352.0863383427713,319.2490668829697
8496,362.9341364764432,347.43664097505956,318.7049311968627
8497,362.93413647644275,347.4366409750591,318.70493119686216
8498,362.9341364764358,347.43664097505246,318.7049311968543
8499,362.934136476351,347.43664097497157,318.70493119675876
8500,362.93413647548215,347.4366409741426,318.70493119577907
8501,362.9341364680244,347.4366409670277,318.70493118737056
8502,362.93413641445164,347.4366409159175,318.7049311269676
8503,362.93413609272227,347.4366406089771,318.7049307642198
8504,362.9341344798029,347.43663907019885,318.7049289456637
8505,362.93412774299395,347.4366326430611,318.7049213499555
8506,362.93410436399563,347.43661033872615,318.7048949902869
8507,362.93403721909505,347.4365462802781,318.70481928484827
8508,362.9338785751145,347.43639492869215,318.70464041479215
8509,362.9335731681519,347.43610356038437,318.70429607042837
8510,362.9331021911244,347.43565423277795,318.7037650468935
8511,362.9325400966239,347.43511797609915,318.70313128900045
8512,362.9320652205823,347.43466492870476,318.7025958693525
8513,362.9318773896112,347.43448573176795,318.70238409115444
8514,362.9320652205823,347.43466492870476,318.7025958693525
8515,362.9325400966239,347.43511797609915,318.70313128900045
8516,362.9331021911244,347.43565423277795,318.7037650468935
8517,362.9335731681519,347.43610356038437,318.70429607042837
8518,362.9338785751145,347.43639492869215,318.70464041479215
8519,362.93403721909505,347.4365462802781,318.70481928484827
8520,362.08267390790246,342.1601356614494,318.02966870683787
8521,362.082673907902,342.160135661449,318.02966870683736
8522,362.08267390789604,342.16013566144323,318.0296687068306
8523,362.08267390782277,342.1601356613733,318.029668706748
8524,362.0826739070719,342.160135660657,318.02966870590143
8525,362.08267390062724,342.16013565450857,318.0296686986351
8526,362.08267385433174,342.1601356103411,318.0296686464372
8527,362.08267357630575,342.16013534509517,318.0296683329647
8528,362.0826721824836,342.16013401534286,318.0296667614393
8529,362.0826663607955,342.1601284612606,318.02966019752387
8530,362.0826461575751,342.1601091867225,318.02963741852426
8531,362.08258813356537,342.1600538299049,318.0295719968307
8532,362.08245103961195,342.15992303775505,318.02941742429005
8533,362.0821871188017,342.1596712486039,318.0291198552932
8534,362.08178011878556,342.15928295717475,318.02866096542243
8535,362.08129437859554,342.15881954502476,318.02811329651786
8536,362.08088400920315,342.1584280390996,318.02765060769724
8537,362.08072169298856,342.1582731840814,318.0274675972212
8538,362.08088400920315,342.1584280390996,318.02765060769724
8539,362.08129437859554,342.15881954502476,318.02811329651786
8540,362.08178011878556,342.15928295717475,318.02866096542243
8541,362.0821871188017,342.1596712486039,318.0291198552932
8542,362.08245103961195,342.15992303775505,318.02941742429005
8543,362.08258813356537,342.1600538299049,318.0295719968307
8544,361.1552989759698,336.5035140412776,317.279695903149
8545,361.1552989759694,336.50351404127724,317.2796959031486
8546,361.15529897596423,336.5035140412723,317.27969590314274
8547,361.15529897590096,336.50351404121193,317.2796959030714
8548,361.1552989752528,336.50351404059353,317.27969590234056
8549,361.15529896968894,336.50351403528543,317.2796958960674
8550,361.15529892972125,336.5035139971549,317.279695851004
8551,361.1552986896965,336.50351376816343,317.27969558037773
8552,361.15529748638534,336.5035126201649,317.2796942236522
8553,361.1552924604197,336.50350782522804,317.2796885569086
8554,361.1552750186242,336.50349118518034,317.2796688913977
8555,361.1552249254764,336.50344339466636,317.27961241169936
8556,361.15510656985583,336.50333047950363,317.27947896650704
8557,361.1548787223797,336.5031131055021,317.27922206995976
8558,361.15452735210926,336.5027778866839,317.2788259022655
8559,361.15410800406227,336.50237781482633,317.27835309007025
8560,361.1537537249501,336.5020398208772,317.27795364267575
8561,361.153613594508,336.50190613181707,317.2777956465138
8562,361.1537537249501,336.5020398208772,317.27795364267575
8563,361.15410800406227,336.50237781482633,317.27835309007025
8564,361.15452735210926,336.5027778866839,317.2788259022655
8565,361.1548787223797,336.5031131055021,317.27922206995976
8566,361.15510656985583,336.50333047950363,317.27947896650704
8567,361.1552249254764,336.50344339466636,317.27961241169936
8568,360.2147161464146,330.7322666402914,316.5176645516652
8569,360.2147161464143,330.73226664029113,316.51766455166484
8570,360.21471614640984,330.73226664028687,316.5176645516598
8571,360.2147161463553,330.7322666402348,316.5176645515983
8572,360.2147161457962,330.73226663970144,316.51766455096794
8573,360.21471614099755,330.7322666351234,316.51766454555747
8574,360.2147161065264,330.73226660223673,316.51766450669146
8575,360.2147158995111,330.7322664047373,316.51766427328306
8576,360.21471486168537,330.73226541461736,316.51766310314133
8577,360.21471052691606,330.7322612791046,316.5176582157171
8578,360.2146954838051,330.73224692748096,316.51764125470737
8579,360.21465227972186,330.73220570936166,316.51759254238453
8580,360.2145502009685,330.7321083228667,316.51747744925416
8581,360.2143536882367,330.731920843244,316.5172558824273
8582,360.2140506401939,330.7316317254234,316.5169141977303
8583,360.2136889630242,330.73128667348357,316.5165064090741
8584,360.2133834061783,330.7309951621822,316.5161618957179
8585,360.2132625471877,330.73087985872195,316.5160256279922
8586,360.2133834061783,330.7309951621822,316.5161618957179
8587,360.2136889630242,330.73128667348357,316.5165064090741
8588,360.2140506401939,330.7316317254234,316.5169141977303
8589,360.2143536882367,330.731920843244,316.5172558824273
8590,360.2145502009685,330.7321083228667,316.51747744925416
8591,360.21465227972186,330.73220570936166,316.51759254238453
8592,359.3255892899041,325.1180819521627,315.80818549815075
8593,359.3255892899038,325.1180819521624,315.8081854981504
8594,359.32558928989994,325.1180819521588,315.8081854981461
8595,359.3255892898529,325.1180819521139,315.8081854980931
8596,359.32558928937124,325.11808195165435,315.80818549754997
8597,359.32558928523656,325.11808194770975,315.80818549288813
8598,359.3255892555351,325.11808191937354,315.8081854593999
8599,359.32558907716384,325.1180817492015,315.8081852582875
8600,359.32558818293893,325.11808089608144,315.8081842500547
8601,359.32558444795836,325.1180773327869,315.80818003888845
8602,359.32557148631656,325.11806496695345,315.80816542472166
8603,359.32553426025004,325.11802945205915,315.8081234525738
8604,359.3254463058213,325.1179455406353,315.80802428452745
8605,359.32527698395444,325.1177840019939,315.80783337522405
8606,359.32501586774146,325.117534888521,315.80753896839235
8607,359.3247042347343,325.1172375803616,315.80718760420393
8608,359.32444095685366,325.1169864045864,315.806890760106
8609,359.3243368207515,325.1168870553129,315.8067733473282
8610,359.32444095685366,325.1169864045864,315.806890760106
8611,359.3247042347343,325.1172375803616,315.80718760420393
8612,359.32501586774146,325.117534888521,315.80753896839235
8613,359.32527698395444,325.1177840019939,315.80783337522405
8614,359.3254463058213,325.1179455406353,315.80802428452745
8615,359.32553426025004,325.11802945205915,315.8081234525738
8616,358.5499745745008,319.92580097349196,315.2132615747525
8617,358.5499745745006,319.92580097349173,315.2132615747522
8618,358.5499745744973,319.92580097348855,315.2132615747485
8619,358.5499745744568,319.92580097344995,315.21326157470287
8620,358.54997457404215,319.9258009730544,315.21326157423533
8621,358.5499745704831,319.9258009696589,315.21326157022247
8622,358.54997454491627,319.9258009452673,315.2132615413961
8623,358.5499743913757,319.92580079878456,315.21326136828014
8624,358.549973621634,319.92580006442563,315.21326050040136
8625,358.54997040659254,319.9257969971701,315.213256875463
8626,358.54995924931455,319.92578635275913,315.2132442957046
8627,358.549927205413,319.925755781821,315.2132081664141
8628,358.5498514949413,319.9256835515358,315.2131228033498
8629,358.5497057440272,319.92554450036016,315.21295847014215
8630,358.54948097727106,319.92533006546705,315.2127050470867
8631,358.549212726061,319.92507414497175,315.21240259559227
8632,358.54898609855854,319.9248579348654,315.21214707455744
8633,358.54889645903137,319.9247724158021,315.2120460065736
8634,358.54898609855854,319.9248579348654,315.21214707455744
8635,358.549212726061,319.92507414497175,315.21240259559227
8636,358.54948097727106,319.92533006546705,315.2127050470867
8637,358.5497057440272,319.92554450036016,315.21295847014215
8638,358.5498514949413,319.9256835515358,315.2131228033498
8639,358.549927205413,319.925755781821,315.2132081664141
8640,357.94292643684713,315.4007183706075,314.78789358544105
8641,357.9429264368469,315.4007183706073,314.7878935854408
8642,357.94292643684406,315.4007183706046,314.7878935854376
8643,357.9429264368093,315.4007183705714,314.78789358539836
8644,357.9429264364527,315.4007183702312,314.7878935849963
8645,357.9429264333921,315.40071836731124,314.78789358154546
8646,357.94292641140584,315.4007183463356,314.78789355675616
8647,357.94292627936835,315.40071822036754,314.7878934078848
8648,357.9429256174276,315.4007175888542,314.7878926615508
8649,357.94292285264675,315.40071495116223,314.78788954427847
8650,357.94291325792517,315.4007057974816,314.78787872629226
8651,357.9428857017135,315.4006795079475,314.78784765684287
8652,357.94282059435506,315.40061739338176,314.78777424871976
8653,357.94269525559014,315.40049781606916,314.78763293007756
8654,357.94250196700756,315.40031341239103,314.78741499845796
8655,357.9422712838893,315.40009333309354,314.78715490474275
8656,357.9420763951545,315.39990740281746,314.7869351689619
8657,357.9419993094793,315.3998338605428,314.7868482553646
8658,357.9420763951545,315.39990740281746,314.7869351689619
8659,357.9422712838893,315.40009333309354,314.78715490474275
8660,357.94250196700756,315.40031341239103,314.78741499845796
8661,357.94269525559014,315.40049781606916,314.78763293007756
8662,357.94282059435506,315.40061739338176,314.78777424871976
8663,357.9428857017135,315.4006795079475,314.78784765684287
8664,357.54859875736213,311.75689240395394,314.5761814957123
8665,357.54859875736196,311.75689240395377,314.5761814957121
8666,357.5485987573595,311.75689240395144,314.57618149570936
8667,357.5485987573296,311.7568924039229,314.57618149567566
8668,357.5485987570233,311.7568924036307,314.5761814953303
8669,357.5485987543938,311.75689240112206,314.57618149236555
8670,357.5485987355052,311.7568923831017,314.57618147106876
8671,357.54859862207013,311.75689227488095,314.5761813431715
8672,357.5485980533886,311.75689173233997,314.57618070198674
8673,357.548595678131,311.756889466266,314.5761780238993
8674,357.54858743518633,311.75688160222506,314.57616873003275
8675,357.5485637613021,311.75685901655925,314.5761420378823
8676,357.5485078267605,311.7568056531631,314.5760789720504
8677,357.54840014666826,311.7567029228063,314.57595756344693
8678,357.54823409004234,311.7565444993124,314.57577033568134
8679,357.54803590730575,311.75635542645,314.57554688593495
8680,357.54786847596915,311.7561956914368,314.57535810819206
8681,357.54780225070664,311.7561325103537,314.57528343963935
8682,357.54786847596915,311.7561956914368,314.57535810819206
8683,357.54803590730575,311.75635542645,314.57554688593495
8684,357.54823409004234,311.7565444993124,314.57577033568134
8685,357.54840014666826,311.7567029228063,314.57595756344693
8686,357.5485078267605,311.7568056531631,314.5760789720504
8687,357.5485637613021,311.75685901655925,314.5761420378823
8688,357.3971270671232,309.16706841326265,314.60820665420135
8689,357.39712706712305,309.1670684132625,314.6082066542012
8690,357.39712706712095,309.1670684132605,314.6082066541988
8691,357.3971270670953,309.16706841323605,314.60820665416986
8692,357.39712706683235,309.1670684129852,314.6082066538734
8693,357.3971270645756,309.16706841083214,314.60820665132894
8694,357.397127048364,309.16706839536573,314.60820663305043
8695,357.39712695100565,309.1670683024827,314.60820652327953
8696,357.3971264629211,309.16706783683395,314.6082059729674
8697,357.3971244242996,309.1670658919218,314.6082036744349
8698,357.39711734959553,309.167059142421,314.60819569775214
8699,357.3970970309192,309.16703975773413,314.6081727885767
8700,357.3970490237636,309.1669939573254,314.608118660821
8701,357.3969566047538,309.16690578654425,314.60801445898863
8702,357.39681408269036,309.16676981579855,314.6078537662892
8703,357.39664398762545,309.16660753950066,314.6076619852099
8704,357.39650028568377,309.1664704431123,314.60749996220545
8705,357.39644344627123,309.1664162164394,314.6074358761375
8706,357.39650028568377,309.1664704431123,314.60749996220545
8707,357.39664398762545,309.16660753950066,314.6076619852099
8708,357.39681408269036,309.16676981579855,314.6078537662892
8709,357.3969566047538,309.16690578654425,314.60801445898863
8710,357.3970490237636,309.1669939573254,314.608118660821
8711,357.3970970309192,309.16703975773413,314.6081727885767
8712,357.5025201773624,307.7547291461392,314.897923437122
8713,357.50252017736227,307.7547291461391,314.89792343712185
8714,357.50252017736045,307.7547291461374,314.89792343711986
8715,357.50252017733845,307.75472914611635,314.897923437095
8716,357.502520177113,307.7547291459013,314.89792343684087
8717,357.50252017517795,307.7547291440552,314.8979234346591
8718,357.5025201612775,307.7547291307937,314.89792341898647
8719,357.502520077799,307.7547290511524,314.89792332486496
8720,357.50251965929766,307.7547286518884,314.89792285300746
8721,357.50251791130995,307.7547269842505,314.8979208821626
8722,357.5025118452031,307.75472119698463,314.8979140426666
8723,357.50249442323604,307.7547045758539,314.8978943995121
8724,357.5024532601666,307.754665304929,314.897847988419
8725,357.50237401676907,307.7545897041161,314.8977586420038
8726,357.50225181320343,307.75447311788696,314.89762085827846
8727,357.5021059675503,307.75433397632713,314.89745641825317
8728,357.5019827523144,307.7542164249312,314.89731749387624
8729,357.5019340161488,307.754169929023,314.89726254416655
8730,357.5019827523144,307.7542164249312,314.89731749387624
8731,357.5021059675503,307.75433397632713,314.89745641825317
8732,357.50225181320343,307.75447311788696,314.89762085827846
8733,357.50237401676907,307.7545897041161,314.8977586420038
8734,357.5024532601666,307.754665304929,314.897847988419
8735,357.50249442323604,307.7547045758539,314.8978943995121
8736,357.8617152977815,307.58866514063163,315.4422143817185
8737,357.86171529778136,307.5886651406315,315.4422143817184
8738,357.8617152977798,307.58866514063004,315.4422143817166
8739,357.86171529776095,307.5886651406121,315.44221438169535
8740,357.86171529756786,307.58866514042785,315.44221438147764
8741,357.8617152959103,307.58866513884647,315.44221437960874
8742,357.8617152840032,307.5886651274867,315.4422143661836
8743,357.86171521249554,307.5886650592661,315.44221428555915
8744,357.8617148540077,307.5886647172568,315.4422138813664
8745,357.8617133566828,307.5886632887595,315.4422121931423
8746,357.8617081604606,307.58865833139225,315.4422063344356
8747,357.86169323681764,307.5886440937451,315.4421895081253
8748,357.8616579765656,307.5886104543025,315.44214975242045
8749,357.86159009673526,307.5885456947072,315.44207321835324
8750,357.8614854172596,307.58844582703745,315.4419551929254
8751,357.8613604859908,307.5883266384896,315.44181433373245
8752,357.8612549399192,307.5882259440588,315.44169533122334
8753,357.86121319255915,307.5881861157014,315.44164826134636
8754,357.8612549399192,307.5882259440588,315.44169533122334
8755,357.8613604859908,307.5883266384896,315.44181433373245
8756,357.8614854172596,307.58844582703745,315.4419551929254
8757,357.86159009673526,307.5885456947072,315.44207321835324
8758,357.8616579765656,307.5886104543025,315.44214975242045
8759,357.86169323681764,307.5886440937451,315.4421895081253
